design,n,method,bias,sd,rmse,se,coverage,width
scm1_same,300,RCT only,0.006527670989078174,0.30207558949521435,0.30199507048237395,0.29821485946105636,0.948,1.1690022490873406
scm1_same,300,PPI++,0.007015199043958942,0.29382557730158987,0.29376240301366396,0.29379780443935694,0.951,1.1516873934022789
scm1_same,300,Fusion,0.0029148882112786084,0.22501116820554098,0.22491752347180355,0.21869578833460251,0.939,0.8572874902716419
scm1_same,300,Shrinkage,0.07727982954345504,0.31802523869378435,0.3271254873103863,,,
scm1_same,300,Pretest,0.014334176286090839,0.3261264703224531,0.3262783854013895,,,
scm1_same,300,Naive pool,1.2547213798185208,0.1170635263139955,1.260165031373894,,,
scm1_same,600,RCT only,0.0029816463750388547,0.18953240217984307,0.1894610755793693,0.18629906422534323,0.955,0.7302923317633456
scm1_same,600,PPI++,0.0007400921887915863,0.1864727300060363,0.18638093972645411,0.18255517683144734,0.949,0.7156162931792734
scm1_same,600,Fusion,0.0032579260769782675,0.15583252710941692,0.15578866072704042,0.15388427644681923,0.955,0.6032263636715313
scm1_same,600,Shrinkage,0.03155202163052417,0.1937545018303342,0.19621110121885185,,,
scm1_same,600,Pretest,0.0029816463750388547,0.18953240217984307,0.1894610755793693,,,
scm1_same,600,Naive pool,1.2200068143878533,0.0797377378552884,1.222607204250097,,,
scm1_same,900,RCT only,-0.0067445434220870905,0.13910324453927736,0.13919716877395552,0.14348410904601028,0.954,0.5624577074603602
scm1_same,900,PPI++,-0.009207241714464772,0.13715390251748377,0.1373941595657845,0.1403871719955623,0.954,0.5503177142226042
scm1_same,900,Fusion,-0.008587981136141929,0.12030270461000038,0.12054883415338058,0.12578546696259124,0.959,0.4930790304933578
scm1_same,900,Shrinkage,0.010515442260013892,0.14088304851529498,0.14120467361786468,,,
scm1_same,900,Pretest,-0.0067445434220870905,0.13910324453927736,0.13919716877395552,,,
scm1_same,900,Naive pool,1.1852619463218972,0.06717835736583133,1.1871622888912219,,,
scm1_same,1500,RCT only,0.0010490043574254689,0.10809647074010262,0.10804750135760333,0.1058364968013853,0.939,0.4148790674614303
scm1_same,1500,PPI++,0.000513677695118147,0.10518407386289726,0.10513272359154162,0.10367992534864351,0.945,0.40642530736668253
scm1_same,1500,Fusion,0.0008942987563250221,0.09839608757976905,0.09835094321469488,0.09792164861678958,0.938,0.38385286257781515
scm1_same,1500,Shrinkage,0.011075282471831073,0.10887475175537886,0.10938244712958485,,,
scm1_same,1500,Pretest,0.0010490043574254689,0.10809647074010262,0.10804750135760333,,,
scm1_same,1500,Naive pool,1.1174346343537496,0.05339436550285166,1.118708303965999,,,
scm1_same,3000,RCT only,-0.0024013112210575427,0.07303394230465791,0.07303690209347544,0.072087162168867,0.952,0.28258167570195863
scm1_same,3000,PPI++,-0.0020898114419704993,0.07260212863462617,0.07259590432703154,0.07111085592286889,0.951,0.278754555217646
scm1_same,3000,Fusion,-0.0016009636310951253,0.07175266210562636,0.07173464406598137,0.06958495860542922,0.947,0.2727730377332825
scm1_same,3000,Shrinkage,0.002823762635105384,0.07332284836384473,0.07334055827108625,,,
scm1_same,3000,Pretest,-0.0024013112210575427,0.07303394230465791,0.07303690209347544,,,
scm1_same,3000,Naive pool,0.9912967816055875,0.03894106163340506,0.9920605823720906,,,
scm1_shift,300,RCT only,0.006527670989078174,0.30207558949521435,0.30199507048237395,0.29821485946105636,0.948,1.1690022490873406
scm1_shift,300,PPI++,0.0020297441355015054,0.3039211555742061,0.3037759381485157,0.3026731941278906,0.951,1.1864789209813311
scm1_shift,300,Fusion,0.0020834565800727806,0.23425904768271147,0.23415115825276356,0.22590405703300304,0.936,0.8855439035693717
scm1_shift,300,Shrinkage,0.07961848469572436,0.3188254968254811,0.3284617950901324,,,
scm1_shift,300,Pretest,0.016236420066008384,0.330921327209933,0.3311540988937643,,,
scm1_shift,300,Naive pool,1.2113869382091957,0.11697933941293252,1.2170163498275142,,,
scm1_shift,600,RCT only,0.0029816463750388547,0.18953240217984307,0.1894610755793693,0.18629906422534323,0.955,0.7302923317633456
scm1_shift,600,PPI++,0.0009479732635136924,0.1926075340586547,0.19251354021805328,0.18925694775550206,0.949,0.7418872352015681
scm1_shift,600,Fusion,0.005375888246006792,0.16109632621765677,0.1611054762226859,0.1591872681972535,0.95,0.6240140913332337
scm1_shift,600,Shrinkage,0.03336829926838691,0.19422600368091741,0.1969757857235719,,,
scm1_shift,600,Pretest,0.0033718716222301097,0.19147004264159448,0.19140398629647615,,,
scm1_shift,600,Naive pool,1.1459007428973105,0.08116555766132048,1.1487688072346545,,,
scm1_shift,900,RCT only,-0.0067445434220870905,0.13910324453927736,0.13919716877395552,0.14348410904601028,0.954,0.5624577074603602
scm1_shift,900,PPI++,-0.006517055458959995,0.14257050230512305,0.14264814682028898,0.14630552784440104,0.957,0.5735176691500521
scm1_shift,900,Fusion,-0.005301597686710504,0.12415163089082315,0.12420274056328257,0.1300543470453612,0.955,0.5098130404178159
scm1_shift,900,Shrinkage,0.011968025795768033,0.141116921968983,0.14155318902017788,,,
scm1_shift,900,Pretest,-0.0067445434220870905,0.13910324453927736,0.13919716877395552,,,
scm1_shift,900,Naive pool,1.0913370872786008,0.06842292160114302,1.0934777787289396,,,
scm1_shift,1500,RCT only,0.0010490043574254689,0.10809647074010262,0.10804750135760333,0.1058364968013853,0.939,0.4148790674614303
scm1_shift,1500,PPI++,0.0001812306096036118,0.11172207010731172,0.11166634216561348,0.10853279870870756,0.94,0.42544857093813365
scm1_shift,1500,Fusion,0.001339763190096357,0.1029033990735617,0.10286066010267163,0.10103121846814267,0.941,0.3960423763951193
scm1_shift,1500,Shrinkage,0.012273911096248322,0.10901375139756857,0.10964836017640993,,,
scm1_shift,1500,Pretest,0.0010490043574254689,0.10809647074010262,0.10804750135760333,,,
scm1_shift,1500,Naive pool,0.9970519249325633,0.056143548063064146,0.9986298047338916,,,
scm1_shift,3000,RCT only,-0.0024013112210575427,0.07303394230465791,0.07303690209347544,0.072087162168867,0.952,0.28258167570195863
scm1_shift,3000,PPI++,-0.0025132608735971866,0.0753550377335284,0.07535927156182193,0.07430745648427166,0.948,0.2912852294183449
scm1_shift,3000,Fusion,-0.0017745177000619092,0.07303661488226847,0.07302165212740103,0.07134996241773164,0.947,0.27969185267750807
scm1_shift,3000,Shrinkage,0.003736094209062836,0.07339338432100627,0.07345175745458941,,,
scm1_shift,3000,Pretest,-0.0024013112210575427,0.07303394230465791,0.07303690209347544,,,
scm1_shift,3000,Naive pool,0.842684591324719,0.043289341988935796,0.8437946513333761,,,
ihdp,300,RCT only,-0.006781889034986104,0.25533800844145044,0.25530040163535633,0.250252632348763,0.959,0.9809903188071507
ihdp,300,PPI++,-0.007993832389758641,0.2612102399406645,0.26120195255144096,0.25289971475912115,0.956,0.9913668818557549
ihdp,300,Fusion,-0.0024781515829047757,0.17659652758867175,0.1765256028401772,0.18197532642856176,0.955,0.7133432795999622
ihdp,300,Shrinkage,0.06561236768697148,0.27381536830119885,0.28143358693569887,,,
ihdp,300,Pretest,0.03401799730762991,0.3371731881151544,0.3387171344437353,,,
ihdp,300,Naive pool,0.8314317237028245,0.07333594531754342,0.8346565125212839,,,
ihdp,600,RCT only,0.0005832020060444087,0.14724151701750723,0.14716903340670245,0.15287209590647327,0.966,0.5992586159533753
ihdp,600,PPI++,9.578496223813703e-05,0.1488676719627107,0.14879325033952526,0.15485654351621775,0.968,0.6070376505835736
ihdp,600,Fusion,0.0040067953951864795,0.12475283943850028,0.12475480786871163,0.12816358827330612,0.956,0.50240126603136
ihdp,600,Shrinkage,0.029649680112675166,0.15212376026979493,0.15491158875619143,,,
ihdp,600,Pretest,0.0008433884503654469,0.14839355584398817,0.14832173836860538,,,
ihdp,600,Naive pool,0.8008489586330029,0.05270240201545476,0.8025794790415375,,,
ihdp,900,RCT only,-0.002815530101489409,0.1143072597732872,0.11428477893837516,0.11625774420407971,0.958,0.45573035727999245
ihdp,900,PPI++,-0.0027465135592683945,0.11561305777142795,0.11558787170314853,0.11803200664666541,0.956,0.4626854660549284
ihdp,900,Fusion,-0.0024862966533710368,0.10461979986170626,0.10459703098859419,0.10443038413147604,0.948,0.4093671057953861
ihdp,900,Shrinkage,0.014615390071221566,0.11664914879976697,0.11750330428855364,,,
ihdp,900,Pretest,-0.002815530101489409,0.1143072597732872,0.11428477893837516,,,
ihdp,900,Naive pool,0.7719707857946981,0.04678081090552625,0.7733855118536896,,,
ihdp,1500,RCT only,-0.0035824813616814276,0.08715799381457118,0.08718803554732633,0.08545670830539512,0.945,0.3349902965571489
ihdp,1500,PPI++,-0.0031598989849979135,0.08744823312612034,0.08746159868764576,0.0869477043666767,0.949,0.34083500111737264
ihdp,1500,Fusion,-0.0030172684887811063,0.08241888934785073,0.08243290821720001,0.08097311027647296,0.945,0.317414592283774
ihdp,1500,Shrinkage,0.006476251606678578,0.08810838619868865,0.08830213171657712,,,
ihdp,1500,Pretest,-0.0035824813616814276,0.08715799381457118,0.08718803554732633,,,
ihdp,1500,Naive pool,0.7216975855265224,0.042721946842361615,0.7229597115552647,,,
ihdp,3000,RCT only,0.00038293173589717055,0.056478402597479944,0.05645145513374677,0.05825371202394676,0.956,0.2283545511338713
ihdp,3000,PPI++,0.00041034113881993785,0.05659168647389536,0.05656487195099022,0.05925324886786063,0.96,0.23227273556201364
ihdp,3000,Fusion,0.00048378784700423027,0.05536701023199874,0.055341434449146076,0.05719603838551065,0.957,0.22420847047120174
ihdp,3000,Shrinkage,0.0057367321226466225,0.05679618735500136,0.05705691182156073,,,
ihdp,3000,Pretest,0.00038293173589717055,0.056478402597479944,0.05645145513374677,,,
ihdp,3000,Naive pool,0.6333948105404229,0.03802811135690097,0.6345342206182876,,,
acic,300,RCT only,0.002541909278705317,0.2781290060935559,0.27800152803418154,0.28680480875054537,0.957,1.1242748503021376
acic,300,PPI++,-0.0005633792639427089,0.2806932525910206,0.2805534365219421,0.2888665059518642,0.955,1.132356703331308
acic,300,Fusion,-0.008804607155631767,0.18954727537517116,0.189656960166807,0.18682033256469935,0.942,0.7323357036536216
acic,300,Shrinkage,0.09513284155369849,0.2968111136845802,0.31154293108904785,,,
acic,300,Pretest,0.08101585378194644,0.4005056920797536,0.408421318178804,,,
acic,300,Naive pool,0.811068328079909,0.06271493607360426,0.8134869776817872,,,
acic,600,RCT only,0.0015459740064267685,0.20512800666276237,0.20503124555527968,0.20745081098628124,0.953,0.8132071790662223
acic,600,PPI++,0.002062001327192543,0.20559939704762092,0.2055069166810506,0.20871014381576367,0.957,0.8181437637577936
acic,600,Fusion,-0.0013582497257610263,0.13338544766026902,0.1333256569914447,0.13195960629718756,0.951,0.5172816566849753
acic,600,Shrinkage,0.055659568935744134,0.2179851359026099,0.22487327446612612,,,
acic,600,Pretest,0.011898704317817692,0.23270999258594283,0.2328977584115894,,,
acic,600,Naive pool,0.7830035832963971,0.04796892251564613,0.7844700937351166,,,
acic,900,RCT only,-0.0052857919911280995,0.16349087711973603,0.16349457859957534,0.16034712276025537,0.937,0.628560721220201
acic,900,PPI++,-0.0059575843882874605,0.16387970007315128,0.16390604733112663,0.1612547341412406,0.937,0.6321185578336632
acic,900,Fusion,-0.002617621506418004,0.10742913859011895,0.10740731232438336,0.10744060746415232,0.946,0.42116718125947705
acic,900,Shrinkage,0.02830777251218062,0.170436557234461,0.1726872937030838,,,
acic,900,Pretest,-0.004752117918428205,0.16543551336694523,0.16542104702429006,,,
acic,900,Naive pool,0.7589651650674633,0.043621667982065994,0.7602164618406404,,,
acic,1500,RCT only,0.00556295852144625,0.11029174893964429,0.11037686406939043,0.10943974210880077,0.948,0.42900378906649894
acic,1500,PPI++,0.00557132721179128,0.1111102149151294,0.1111943077029063,0.11018096171914876,0.949,0.43190936993906326
acic,1500,Fusion,0.0032642015155032594,0.08639280864276944,0.08641127634362776,0.08325427004994848,0.936,0.32635673859579806
acic,1500,Shrinkage,0.02241376681570404,0.11273321882238672,0.11488449325430664,,,
acic,1500,Pretest,0.00556295852144625,0.11029174893964429,0.11037686406939043,,,
acic,1500,Naive pool,0.7161706742988129,0.03739814732964531,0.71714549258005,,,
acic,3000,RCT only,0.003428756109545768,0.06744351374862766,0.0674969279869337,0.0660322122816267,0.945,0.25884627214397665
acic,3000,PPI++,0.0036666008684148243,0.06792766749733162,0.0679926305237904,0.06654006067280491,0.947,0.2608370378373953
acic,3000,Fusion,0.0025740652691233416,0.0598034861836504,0.059828975545032144,0.05874965679857926,0.949,0.2302986546504307
acic,3000,Shrinkage,0.010350360460207765,0.06803040019564999,0.0687796276311943,,,
acic,3000,Pretest,0.003428756109545768,0.06744351374862766,0.0674969279869337,,,
acic,3000,Naive pool,0.6332389439829005,0.030604745155609805,0.6339773449833936,,,
