cell,learner,route,rule,K,mean_risk,risk_ratio,ratio_low,ratio_high,risk_difference,difference_low,difference_high,difference_mcse,variance,variance_ratio,squared_bias
shared,DRF,unit_exact,rct_only,200,0.7267488071396255,1.0,1.0,1.0,0.0,0.0,0.0,0.0,0.6815009550668654,1.0,0.04865535684809452
shared,DRF,unit_exact,lambda_only,200,0.575230231023992,0.7915117649632092,0.763805800383619,0.8203457698609319,-0.15151857611563357,-0.17603632958332802,-0.12779153666424792,0.012546512112035276,0.5280750758031636,0.774870632061479,0.04979553059984421
shared,DRF,unit_exact,omega_only,200,0.6799434908751919,0.9355962943390959,0.9172409363470221,0.9546018024976781,-0.04680531626443363,-0.062072506676949954,-0.03250671022027774,0.007558829128759993,0.6378038624206671,0.9358810984470141,0.04532864776662815
shared,DRF,unit_exact,joint,200,0.5482581370956829,0.7543983997077957,0.724082610652189,0.7851106743210424,-0.1784906700439426,-0.2067524268769693,-0.15254792306767775,0.01423918973858403,0.5042328801599628,0.7398858012025677,0.04654642133651998
shared,DRF,unit_exact,grid_oracle,200,0.4876087974913914,0.6709454390582994,0.6457568032545635,0.6962877587764265,-0.23914000964823412,-0.2667213804676743,-0.21456551252022413,0.013501605504643221,0.4445453842521678,0.6523033914289251,0.04528614016048449
shared,RF,unit_exact,rct_only,200,0.7017894916894581,1.0,1.0,1.0,0.0,0.0,0.0,0.0,0.6544345225471723,1.0,0.0506271417550217
shared,RF,unit_exact,lambda_only,200,0.5762445493770818,0.8211074064244752,0.7962232873948595,0.8476303685019299,-0.12554494231237634,-0.14683801677336916,-0.10445286438963335,0.010677153474610148,0.5279783653563789,0.8067703447266135,0.050906075847484855
shared,RF,unit_exact,omega_only,200,0.629573527461274,0.8970973987451216,0.87389495952924,0.9195321681417882,-0.0722159642281841,-0.09145561643774888,-0.05502907368596802,0.009150260851635101,0.5862790840275183,0.8958559853254972,0.04622583885389331
shared,RF,unit_exact,joint,200,0.5253268939158416,0.7485533769552349,0.7173596617884492,0.7786961080029672,-0.1764625977736165,-0.20428811923369536,-0.15111827549403822,0.013796727236266222,0.48093896331954145,0.734892409782485,0.04679262541289786
shared,RF,unit_exact,grid_oracle,200,0.475991201621269,0.6782535322314218,0.6532250783404903,0.701948649565519,-0.22579829006818913,-0.2515018878346449,-0.20290385414032816,0.012533106486174506,0.43259242061485914,0.6610171158623092,0.04556174310948413
shifted,DRF,exact,rct_only,200,0.7267488071396255,1.0,1.0,1.0,0.0,0.0,0.0,0.0,0.6815009550668654,1.0,0.04865535684809452
shifted,DRF,exact,lambda_only,200,0.577820286655849,0.7950756588511828,0.7669668241442938,0.8238959673353079,-0.14892852048377658,-0.17396268524310177,-0.1253270305478722,0.012498066812217561,0.5313363227743844,0.779656020764127,0.04914064549533648
shifted,DRF,exact,omega_only,200,0.7130326756491231,0.9811267230771425,0.9561689201697676,1.0123349601283667,-0.013716131490502437,-0.03249110481007789,0.008763594689191235,0.010571055019194638,0.6695217011112032,0.9824222492036173,0.04685858304347579
shifted,DRF,exact,joint,200,0.5813477754084047,0.79992945251125,0.761717383892914,0.8392757951757289,-0.14540103173122088,-0.17693101141785297,-0.11376856152366172,0.016424341574993295,0.5351739013514867,0.7852870892880527,0.04884974356367544
shifted,DRF,exact,grid_oracle,200,0.5000269068555443,0.6880326488922291,0.6617555880433771,0.7140228975282836,-0.22672190028408123,-0.25307167296568844,-0.2016685263245812,0.01350614001535111,0.4570523806037972,0.6706555246998203,0.045259788154766056
shifted,RF,exact,rct_only,200,0.7017894916894581,1.0,1.0,1.0,0.0,0.0,0.0,0.0,0.6544345225471723,1.0,0.0506271417550217
shifted,RF,exact,lambda_only,200,0.5784615924667196,0.8242665347897355,0.7997659517194495,0.8501125303359282,-0.12332789922273857,-0.14378426862159066,-0.10272935213231674,0.010378036985003366,0.5312154363512006,0.8117167081645056,0.049902233297274945
shifted,RF,exact,omega_only,200,0.6652807902721578,0.9479777029299614,0.9206574872535315,0.9810946093473999,-0.03650870141730034,-0.056595785713716165,-0.013512553252665035,0.01113725123339651,0.6203032296724029,0.9478461302103617,0.048079076748116845
shifted,RF,exact,joint,200,0.563771983925483,0.8033348897377792,0.7674446212020101,0.840993394306117,-0.13801750776397514,-0.1670345979852136,-0.10861894270711774,0.015024327023263962,0.5179210352812391,0.7914023747790703,0.048440553820650045
shifted,RF,exact,grid_oracle,200,0.4916923624399311,0.7006265671722326,0.675682194232454,0.7237280583964435,-0.21009712924952706,-0.23523959034790767,-0.1880777376315829,0.012078973026067875,0.4479106561730124,0.6844239427187715,0.0460212595477838
shifted,DRF,classifier,rct_only,200,0.7267488071396255,1.0,1.0,1.0,0.0,0.0,0.0,0.0,0.6815009550668654,1.0,0.04865535684809452
shifted,DRF,classifier,lambda_only,200,0.577820286655849,0.7950756588511828,0.7669668241442938,0.8238959673353079,-0.14892852048377658,-0.17396268524310177,-0.1253270305478722,0.012498066812217561,0.5313363227743844,0.779656020764127,0.04914064549533648
shifted,DRF,classifier,omega_only,200,0.7249256923946069,0.9974914100620349,0.9638320054124581,1.0359416867875892,-0.001823114745018617,-0.02648999210861808,0.02586226123783986,0.013487364724444345,0.6808900580410285,0.9991036006313786,0.047440084643783464
shifted,DRF,classifier,joint,200,0.5860342423704475,0.8063779900471947,0.7698795161910842,0.8450092099733222,-0.14071456476917799,-0.1731374610089351,-0.10933538906104646,0.01610472477619372,0.5390697525084062,0.7910036640455117,0.04965983862458334
shifted,DRF,classifier,grid_oracle,200,0.5007861578334827,0.6890773715948734,0.6630906480874443,0.7153727122526016,-0.22596264930614285,-0.25227692177804384,-0.2009527193511128,0.013475322211032204,0.4569698023737902,0.6705343535856889,0.04610120447156141
shifted,RF,classifier,rct_only,200,0.7017894916894581,1.0,1.0,1.0,0.0,0.0,0.0,0.0,0.6544345225471723,1.0,0.0506271417550217
shifted,RF,classifier,lambda_only,200,0.5784615924667196,0.8242665347897355,0.7997659517194495,0.8501125303359282,-0.12332789922273857,-0.14378426862159066,-0.10272935213231674,0.010378036985003366,0.5312154363512006,0.8117167081645056,0.049902233297274945
shifted,RF,classifier,omega_only,200,0.6788259216160415,0.9672785495574533,0.9358237871073014,1.0036702127910666,-0.02296357007341665,-0.04553898189436814,0.0025884173077639397,0.012394419473846011,0.6335617118729653,0.9681055782433873,0.04843201830244104
shifted,RF,classifier,joint,200,0.5621866118258548,0.801075847505882,0.7679584208074292,0.8349239125605097,-0.1396028798636033,-0.16750563358478027,-0.11292024395396778,0.014062318367880394,0.5165779184330654,0.7893500428774064,0.04819158298495474
shifted,RF,classifier,grid_oracle,200,0.4921785038095407,0.701319283970313,0.676689562889365,0.7246308592763709,-0.20961098787991744,-0.23522092506369804,-0.18730078122293034,0.012062719704204387,0.44844661052431056,0.6852429006631234,0.045974126337851695
shifted,DRF,wrong_unit,rct_only,200,0.7267488071396255,1.0,1.0,1.0,0.0,0.0,0.0,0.0,0.6815009550668654,1.0,0.04865535684809452
shifted,DRF,wrong_unit,lambda_only,200,0.577820286655849,0.7950756588511828,0.7669668241442938,0.8238959673353079,-0.14892852048377658,-0.17396268524310177,-0.1253270305478722,0.012498066812217561,0.5313363227743844,0.779656020764127,0.04914064549533648
shifted,DRF,wrong_unit,omega_only,200,1.3229267644900844,1.8203356531081571,1.5804948204541538,2.09977438592449,0.5961779573504589,0.4200010568998386,0.7987667494776579,0.09768150369593138,1.191510010467265,1.7483614683274509,0.13737430407515583
shifted,DRF,wrong_unit,joint,200,1.2623734133909283,1.7370147718018845,1.4925193527531098,2.0195963887008914,0.5356246062513028,0.3608446777841408,0.7346217951326323,0.09742393743357108,1.064568579218712,1.5620940386125535,0.20312767706830992
shifted,DRF,wrong_unit,grid_oracle,200,0.5201879424438975,0.7157740574646134,0.6893792880581602,0.7424779435525631,-0.20656086469572799,-0.2316386503809763,-0.18305828741404487,0.012919904164593318,0.47198444983728444,0.6925660871465334,0.050563414855799516
shifted,RF,wrong_unit,rct_only,200,0.7017894916894581,1.0,1.0,1.0,0.0,0.0,0.0,0.0,0.6544345225471723,1.0,0.0506271417550217
shifted,RF,wrong_unit,lambda_only,200,0.5784615924667196,0.8242665347897355,0.7997659517194495,0.8501125303359282,-0.12332789922273857,-0.14378426862159066,-0.10272935213231674,0.010378036985003366,0.5312154363512006,0.8117167081645056,0.049902233297274945
shifted,RF,wrong_unit,omega_only,200,1.3149118044933803,1.8736555905502625,1.5961052861073026,2.2285648916966045,0.6131223128039222,0.4207986282559099,0.8564747465400665,0.11301924031548162,1.1682513244073456,1.7851309552868782,0.15250173670807143
shifted,RF,wrong_unit,joint,200,1.188381326759306,1.6933586792507356,1.4612033691515083,1.9680528367605263,0.4865918350698478,0.3263500093984945,0.6734111694605024,0.08967826894662255,0.9830157150767013,1.5020841370816354,0.21028069025798812
shifted,RF,wrong_unit,grid_oracle,200,0.5185602467126613,0.738911387037588,0.7136904951203786,0.7626735224901,-0.18322924497679682,-0.20608578605210795,-0.1616482062624306,0.01152262249577119,0.46743530323772614,0.7142583209369627,0.053462119991123824
