phase,replication,cell,learner,route,rule,metric,lambda,omega,value,status
smoke,0,shared,,unit_exact,,ratio/mean,,,1.0,ok
smoke,0,shared,,unit_exact,,ratio/second_moment,,,1.0,ok
smoke,0,shared,,unit_exact,,ratio/ess_fraction,,,1.0,ok
smoke,0,shared,,unit_exact,,ratio/max,,,1.0,ok
smoke,0,shared,,unit_exact,,ratio/classifier_converged,,,1.0,ok
smoke,0,shared,DRF,unit_exact,candidate,selection_score,0.0,0.0,6.471837842307675,ok
smoke,0,shared,DRF,unit_exact,candidate,selection_score,0.0,0.5,6.581154726064935,ok
smoke,0,shared,DRF,unit_exact,candidate,selection_score,0.0,1.0,6.736306843143198,ok
smoke,0,shared,DRF,unit_exact,candidate,selection_score,0.5,0.0,6.5782292034555265,ok
smoke,0,shared,DRF,unit_exact,candidate,selection_score,0.5,0.5,6.666285806646361,ok
smoke,0,shared,DRF,unit_exact,candidate,selection_score,0.5,1.0,6.805609860538113,ok
smoke,0,shared,DRF,unit_exact,candidate,selection_score,1.0,0.0,6.716456261448351,ok
smoke,0,shared,DRF,unit_exact,candidate,selection_score,1.0,0.5,6.7795587469729774,ok
smoke,0,shared,DRF,unit_exact,candidate,selection_score,1.0,1.0,6.90489059071426,ok
smoke,0,shared,DRF,unit_exact,rct_only,selected_lambda,0.0,0.0,0.0,ok
smoke,0,shared,DRF,unit_exact,rct_only,selected_omega,0.0,0.0,0.0,ok
smoke,0,shared,DRF,unit_exact,lambda_only,selected_lambda,0.0,0.0,0.0,ok
smoke,0,shared,DRF,unit_exact,lambda_only,selected_omega,0.0,0.0,0.0,ok
smoke,0,shared,DRF,unit_exact,omega_only,selected_lambda,0.0,0.0,0.0,ok
smoke,0,shared,DRF,unit_exact,omega_only,selected_omega,0.0,0.0,0.0,ok
smoke,0,shared,DRF,unit_exact,joint,selected_lambda,0.0,0.0,0.0,ok
smoke,0,shared,DRF,unit_exact,joint,selected_omega,0.0,0.0,0.0,ok
smoke,0,shared,DRF,unit_exact,diagnostic,fixed_candidate_drift,0.5,0.5,0.2624821913004556,ok
smoke,0,shared,RF,unit_exact,candidate,selection_score,0.0,0.0,6.43899454994788,ok
smoke,0,shared,RF,unit_exact,candidate,selection_score,0.0,0.5,6.579056440036278,ok
smoke,0,shared,RF,unit_exact,candidate,selection_score,0.0,1.0,6.758443750084249,ok
smoke,0,shared,RF,unit_exact,candidate,selection_score,0.5,0.0,6.489400352566001,ok
smoke,0,shared,RF,unit_exact,candidate,selection_score,0.5,0.5,6.6316956163394005,ok
smoke,0,shared,RF,unit_exact,candidate,selection_score,0.5,1.0,6.816942840771963,ok
smoke,0,shared,RF,unit_exact,candidate,selection_score,1.0,0.0,6.561354439991488,ok
smoke,0,shared,RF,unit_exact,candidate,selection_score,1.0,0.5,6.7082312449169486,ok
smoke,0,shared,RF,unit_exact,candidate,selection_score,1.0,1.0,6.904890590714258,ok
smoke,0,shared,RF,unit_exact,rct_only,selected_lambda,0.0,0.0,0.0,ok
smoke,0,shared,RF,unit_exact,rct_only,selected_omega,0.0,0.0,0.0,ok
smoke,0,shared,RF,unit_exact,lambda_only,selected_lambda,0.0,0.0,0.0,ok
smoke,0,shared,RF,unit_exact,lambda_only,selected_omega,0.0,0.0,0.0,ok
smoke,0,shared,RF,unit_exact,omega_only,selected_lambda,0.0,0.0,0.0,ok
smoke,0,shared,RF,unit_exact,omega_only,selected_omega,0.0,0.0,0.0,ok
smoke,0,shared,RF,unit_exact,joint,selected_lambda,0.0,0.0,0.0,ok
smoke,0,shared,RF,unit_exact,joint,selected_omega,0.0,0.0,0.0,ok
smoke,0,shared,RF,unit_exact,diagnostic,fixed_candidate_drift,0.5,0.5,0.2299405442475546,ok
smoke,0,shifted,,exact,,ratio/mean,,,1.1029814370305298,ok
smoke,0,shifted,,exact,,ratio/second_moment,,,3.35615427669891,ok
smoke,0,shifted,,exact,,ratio/ess_fraction,,,0.36248871480084055,ok
smoke,0,shifted,,exact,,ratio/max,,,14.360032486439069,ok
smoke,0,shifted,,exact,,ratio/classifier_converged,,,1.0,ok
smoke,0,shifted,DRF,exact,candidate,selection_score,0.0,0.0,6.471837842307675,ok
smoke,0,shifted,DRF,exact,candidate,selection_score,0.0,0.5,6.631640950085639,ok
smoke,0,shifted,DRF,exact,candidate,selection_score,0.0,1.0,6.9385183281245935,ok
smoke,0,shifted,DRF,exact,candidate,selection_score,0.5,0.0,6.5768190060539355,ok
smoke,0,shifted,DRF,exact,candidate,selection_score,0.5,0.5,6.720887108615683,ok
smoke,0,shifted,DRF,exact,candidate,selection_score,0.5,1.0,7.048115749107842,ok
smoke,0,shifted,DRF,exact,candidate,selection_score,1.0,0.0,6.713307996930021,ok
smoke,0,shifted,DRF,exact,candidate,selection_score,1.0,0.5,6.842649368125688,ok
smoke,0,shifted,DRF,exact,candidate,selection_score,1.0,1.0,7.205576046379385,ok
smoke,0,shifted,DRF,exact,rct_only,selected_lambda,0.0,0.0,0.0,ok
smoke,0,shifted,DRF,exact,rct_only,selected_omega,0.0,0.0,0.0,ok
smoke,0,shifted,DRF,exact,lambda_only,selected_lambda,0.0,0.0,0.0,ok
smoke,0,shifted,DRF,exact,lambda_only,selected_omega,0.0,0.0,0.0,ok
smoke,0,shifted,DRF,exact,omega_only,selected_lambda,0.0,0.0,0.0,ok
smoke,0,shifted,DRF,exact,omega_only,selected_omega,0.0,0.0,0.0,ok
smoke,0,shifted,DRF,exact,joint,selected_lambda,0.0,0.0,0.0,ok
smoke,0,shifted,DRF,exact,joint,selected_omega,0.0,0.0,0.0,ok
smoke,0,shifted,DRF,exact,diagnostic,fixed_candidate_drift,0.5,0.5,0.2873052876586046,ok
smoke,0,shifted,RF,exact,candidate,selection_score,0.0,0.0,6.43899454994788,ok
smoke,0,shifted,RF,exact,candidate,selection_score,0.0,0.5,6.592735502053531,ok
smoke,0,shifted,RF,exact,candidate,selection_score,0.0,1.0,6.996403521380841,ok
smoke,0,shifted,RF,exact,candidate,selection_score,0.5,0.0,6.478932176736509,ok
smoke,0,shifted,RF,exact,candidate,selection_score,0.5,0.5,6.642999614470683,ok
smoke,0,shifted,RF,exact,candidate,selection_score,0.5,1.0,7.081826355333263,ok
smoke,0,shifted,RF,exact,candidate,selection_score,1.0,0.0,6.541478167664089,ok
smoke,0,shifted,RF,exact,candidate,selection_score,1.0,0.5,6.719863806941463,ok
smoke,0,shifted,RF,exact,candidate,selection_score,1.0,1.0,7.205576046379386,ok
smoke,0,shifted,RF,exact,rct_only,selected_lambda,0.0,0.0,0.0,ok
smoke,0,shifted,RF,exact,rct_only,selected_omega,0.0,0.0,0.0,ok
smoke,0,shifted,RF,exact,lambda_only,selected_lambda,0.0,0.0,0.0,ok
smoke,0,shifted,RF,exact,lambda_only,selected_omega,0.0,0.0,0.0,ok
smoke,0,shifted,RF,exact,omega_only,selected_lambda,0.0,0.0,0.0,ok
smoke,0,shifted,RF,exact,omega_only,selected_omega,0.0,0.0,0.0,ok
smoke,0,shifted,RF,exact,joint,selected_lambda,0.0,0.0,0.0,ok
smoke,0,shifted,RF,exact,joint,selected_omega,0.0,0.0,0.0,ok
smoke,0,shifted,RF,exact,diagnostic,fixed_candidate_drift,0.5,0.5,0.21906563381361105,ok
smoke,0,shifted,,classifier,,ratio/mean,,,1.097909462712903,ok
smoke,0,shifted,,classifier,,ratio/second_moment,,,3.4924875140100733,ok
smoke,0,shifted,,classifier,,ratio/ess_fraction,,,0.345142304297171,ok
smoke,0,shifted,,classifier,,ratio/max,,,15.255016598904543,ok
smoke,0,shifted,,classifier,,ratio/classifier_converged,,,1.0,ok
smoke,0,shifted,DRF,classifier,candidate,selection_score,0.0,0.0,6.471837842307675,ok
smoke,0,shifted,DRF,classifier,candidate,selection_score,0.0,0.5,6.608041154561477,ok
smoke,0,shifted,DRF,classifier,candidate,selection_score,0.0,1.0,6.879905597223684,ok
smoke,0,shifted,DRF,classifier,candidate,selection_score,0.5,0.0,6.5768190060539355,ok
smoke,0,shifted,DRF,classifier,candidate,selection_score,0.5,0.5,6.69971873430399,ok
smoke,0,shifted,DRF,classifier,candidate,selection_score,0.5,1.0,6.996343169416145,ok
smoke,0,shifted,DRF,classifier,candidate,selection_score,1.0,0.0,6.713307996930021,ok
smoke,0,shifted,DRF,classifier,candidate,selection_score,1.0,0.5,6.82407275348923,ok
smoke,0,shifted,DRF,classifier,candidate,selection_score,1.0,1.0,7.160728668677284,ok
smoke,0,shifted,DRF,classifier,rct_only,selected_lambda,0.0,0.0,0.0,ok
smoke,0,shifted,DRF,classifier,rct_only,selected_omega,0.0,0.0,0.0,ok
smoke,0,shifted,DRF,classifier,lambda_only,selected_lambda,0.0,0.0,0.0,ok
smoke,0,shifted,DRF,classifier,lambda_only,selected_omega,0.0,0.0,0.0,ok
smoke,0,shifted,DRF,classifier,omega_only,selected_lambda,0.0,0.0,0.0,ok
smoke,0,shifted,DRF,classifier,omega_only,selected_omega,0.0,0.0,0.0,ok
smoke,0,shifted,DRF,classifier,joint,selected_lambda,0.0,0.0,0.0,ok
smoke,0,shifted,DRF,classifier,joint,selected_omega,0.0,0.0,0.0,ok
smoke,0,shifted,DRF,classifier,diagnostic,fixed_candidate_drift,0.5,0.5,0.2632581514775384,ok
smoke,0,shifted,RF,classifier,candidate,selection_score,0.0,0.0,6.43899454994788,ok
smoke,0,shifted,RF,classifier,candidate,selection_score,0.0,0.5,6.571875518066961,ok
smoke,0,shifted,RF,classifier,candidate,selection_score,0.0,1.0,6.945282564649972,ok
smoke,0,shifted,RF,classifier,candidate,selection_score,0.5,0.0,6.478932176736509,ok
smoke,0,shifted,RF,classifier,candidate,selection_score,0.5,0.5,6.621797971992857,ok
smoke,0,shifted,RF,classifier,candidate,selection_score,0.5,1.0,7.033993088294923,ok
smoke,0,shifted,RF,classifier,candidate,selection_score,1.0,0.0,6.541478167664089,ok
smoke,0,shifted,RF,classifier,candidate,selection_score,1.0,0.5,6.698196297217568,ok
smoke,0,shifted,RF,classifier,candidate,selection_score,1.0,1.0,7.160728668677282,ok
smoke,0,shifted,RF,classifier,rct_only,selected_lambda,0.0,0.0,0.0,ok
smoke,0,shifted,RF,classifier,rct_only,selected_omega,0.0,0.0,0.0,ok
smoke,0,shifted,RF,classifier,lambda_only,selected_lambda,0.0,0.0,0.0,ok
smoke,0,shifted,RF,classifier,lambda_only,selected_omega,0.0,0.0,0.0,ok
smoke,0,shifted,RF,classifier,omega_only,selected_lambda,0.0,0.0,0.0,ok
smoke,0,shifted,RF,classifier,omega_only,selected_omega,0.0,0.0,0.0,ok
smoke,0,shifted,RF,classifier,joint,selected_lambda,0.0,0.0,0.0,ok
smoke,0,shifted,RF,classifier,joint,selected_omega,0.0,0.0,0.0,ok
smoke,0,shifted,RF,classifier,diagnostic,fixed_candidate_drift,0.5,0.5,0.19782844151340778,ok
smoke,0,shifted,,wrong_unit,,ratio/mean,,,1.0,ok
smoke,0,shifted,,wrong_unit,,ratio/second_moment,,,1.0,ok
smoke,0,shifted,,wrong_unit,,ratio/ess_fraction,,,1.0,ok
smoke,0,shifted,,wrong_unit,,ratio/max,,,1.0,ok
smoke,0,shifted,,wrong_unit,,ratio/classifier_converged,,,1.0,ok
smoke,0,shifted,DRF,wrong_unit,candidate,selection_score,0.0,0.0,6.471837842307675,ok
smoke,0,shifted,DRF,wrong_unit,candidate,selection_score,0.0,0.5,6.4972569976443495,ok
smoke,0,shifted,DRF,wrong_unit,candidate,selection_score,0.0,1.0,6.228029481850011,ok
smoke,0,shifted,DRF,wrong_unit,candidate,selection_score,0.5,0.0,6.5768190060539355,ok
smoke,0,shifted,DRF,wrong_unit,candidate,selection_score,0.5,0.5,6.579072101528688,ok
smoke,0,shifted,DRF,wrong_unit,candidate,selection_score,0.5,1.0,6.3584142238357195,ok
smoke,0,shifted,DRF,wrong_unit,candidate,selection_score,1.0,0.0,6.713307996930021,ok
smoke,0,shifted,DRF,wrong_unit,candidate,selection_score,1.0,0.5,6.691124573741087,ok
smoke,0,shifted,DRF,wrong_unit,candidate,selection_score,1.0,1.0,6.524102990757895,ok
smoke,0,shifted,DRF,wrong_unit,rct_only,selected_lambda,0.0,0.0,0.0,ok
smoke,0,shifted,DRF,wrong_unit,rct_only,selected_omega,0.0,0.0,0.0,ok
smoke,0,shifted,DRF,wrong_unit,lambda_only,selected_lambda,0.0,0.0,0.0,ok
smoke,0,shifted,DRF,wrong_unit,lambda_only,selected_omega,0.0,0.0,0.0,ok
smoke,0,shifted,DRF,wrong_unit,omega_only,selected_lambda,0.0,1.0,0.0,ok
smoke,0,shifted,DRF,wrong_unit,omega_only,selected_omega,0.0,1.0,1.0,ok
smoke,0,shifted,DRF,wrong_unit,joint,selected_lambda,0.0,1.0,0.0,ok
smoke,0,shifted,DRF,wrong_unit,joint,selected_omega,0.0,1.0,1.0,ok
smoke,0,shifted,DRF,wrong_unit,diagnostic,fixed_candidate_drift,0.5,0.5,-0.027791246771893374,ok
smoke,0,shifted,RF,wrong_unit,candidate,selection_score,0.0,0.0,6.43899454994788,ok
smoke,0,shifted,RF,wrong_unit,candidate,selection_score,0.0,0.5,6.475460090851683,ok
smoke,0,shifted,RF,wrong_unit,candidate,selection_score,0.0,1.0,6.292718761328938,ok
smoke,0,shifted,RF,wrong_unit,candidate,selection_score,0.5,0.0,6.478932176736509,ok
smoke,0,shifted,RF,wrong_unit,candidate,selection_score,0.5,0.5,6.521986642291584,ok
smoke,0,shifted,RF,wrong_unit,candidate,selection_score,0.5,1.0,6.391938427377283,ok
smoke,0,shifted,RF,wrong_unit,candidate,selection_score,1.0,0.0,6.541478167664089,ok
smoke,0,shifted,RF,wrong_unit,candidate,selection_score,1.0,0.5,6.594396652651114,ok
smoke,0,shifted,RF,wrong_unit,candidate,selection_score,1.0,1.0,6.524102990757896,ok
smoke,0,shifted,RF,wrong_unit,rct_only,selected_lambda,0.0,0.0,0.0,ok
smoke,0,shifted,RF,wrong_unit,rct_only,selected_omega,0.0,0.0,0.0,ok
smoke,0,shifted,RF,wrong_unit,lambda_only,selected_lambda,0.0,0.0,0.0,ok
smoke,0,shifted,RF,wrong_unit,lambda_only,selected_omega,0.0,0.0,0.0,ok
smoke,0,shifted,RF,wrong_unit,omega_only,selected_lambda,0.0,1.0,0.0,ok
smoke,0,shifted,RF,wrong_unit,omega_only,selected_omega,0.0,1.0,1.0,ok
smoke,0,shifted,RF,wrong_unit,joint,selected_lambda,0.0,1.0,0.0,ok
smoke,0,shifted,RF,wrong_unit,joint,selected_omega,0.0,1.0,1.0,ok
smoke,0,shifted,RF,wrong_unit,diagnostic,fixed_candidate_drift,0.5,0.5,-0.06466181333915161,ok
smoke,0,,,,,runtime_seconds,,,0.1235208511352539,ok
