family,axis,n_rct,n_obs,confounding,spec,true_theta,monte_carlo_variance,theorem1_variance,standard_error,z_gap,repeats
scm1,rct_size,50,5000,1.0,flexible,0.8178858033415964,0.0796489162699871,0.08693375876930261,0.00798487883942113,-0.9123297479919714,200
scm1,rct_size,100,5000,1.0,flexible,0.8178858033415964,0.047970697867522887,0.043475442921485044,0.004809107621957477,0.934737855629048,200
scm1,rct_size,200,5000,1.0,flexible,0.8178858033415964,0.023673209684634215,0.021746284997576255,0.002373261557398535,0.8119310242273376,200
scm1,rct_size,400,5000,1.0,flexible,0.8178858033415964,0.011399916780844456,0.010881706035621865,0.0011428523894282672,0.45343628802476954,200
scm1,obs_size,100,1000,1.0,flexible,0.8178858033415964,0.038127639602049124,0.04396955089226483,0.003822331764358185,-1.5283632218138006,200
scm1,obs_size,100,20000,1.0,flexible,0.8178858033415964,0.03822476814361853,0.043732006719425016,0.0038320689920896015,-1.437144943677912,200
scm1,quality,100,5000,0.0,flexible,0.8178858033415964,0.0432150899230085,0.04334266397827651,0.004332353448479228,-0.02944682533065086,200
scm1,quality,100,5000,2.0,flexible,0.8178858033415964,0.04336169040576144,0.0432757714873878,0.004347050284888338,0.01976487796157282,200
scm1,quality,100,5000,0.0,linear,0.8178858033415964,0.04271686163548389,0.04356311386777031,0.004282405593611109,-0.1976114157773696,200
scm1,quality,100,5000,1.0,linear,0.8178858033415964,0.04335010854357738,0.04362626697433144,0.00434588919230095,-0.06354474735418708,200
scm1,quality,100,5000,2.0,linear,0.8178858033415964,0.04328584070922569,0.043657342958964986,0.004339446281403948,-0.08561051932623573,200
scm2,rct_size,50,5000,1.0,flexible,0.5177838647015116,0.09416578042177398,0.11444940502453328,0.00944020813715362,-2.1486416727327744,200
scm2,rct_size,100,5000,1.0,flexible,0.5177838647015116,0.052077455193899024,0.0572387126548263,0.0052208139101241995,-0.9885924972193646,200
scm2,rct_size,200,5000,1.0,flexible,0.5177838647015116,0.028425054169437195,0.028633366469972815,0.0028496384404977063,-0.0731013091258119,200
scm2,rct_size,400,5000,1.0,flexible,0.5177838647015116,0.016234830559201028,0.01433069337754607,0.001627557047409564,1.1699357541326139,200
scm2,obs_size,100,1000,1.0,flexible,0.5177838647015116,0.06590092699344652,0.05842371905928533,0.006606629971768894,1.131773380091272,200
scm2,obs_size,100,20000,1.0,flexible,0.5177838647015116,0.06496570228520133,0.05748974662348354,0.0065128728143248734,1.1478737378802564,200
scm2,quality,100,5000,0.0,flexible,0.5177838647015116,0.052916448828459514,0.057260944415361364,0.005304923811837143,-0.8189553216971296,200
scm2,quality,100,5000,2.0,flexible,0.5177838647015116,0.05148816905672876,0.05773791248870322,0.005161737420105112,-1.2107829056998392,200
scm2,quality,100,5000,0.0,linear,0.5177838647015116,0.05826209891375534,0.06206934128471708,0.00584083026540822,-0.6518323933345206,200
scm2,quality,100,5000,1.0,linear,0.5177838647015116,0.05828701742834736,0.06225866269138347,0.0058433283699549435,-0.6796888710648883,200
scm2,quality,100,5000,2.0,linear,0.5177838647015116,0.05798443747567486,0.062347557785797675,0.005812994444843672,-0.7505805057138931,200
scm3,rct_size,50,5000,1.0,flexible,0.8684373232937621,0.1302483631491459,0.1287067070343146,0.013057521024560984,0.11806652364805353,200
scm3,rct_size,100,5000,1.0,flexible,0.8684373232937621,0.06688407699370454,0.06435951510609966,0.006705191684855193,0.37650853342597534,200
scm3,rct_size,200,5000,1.0,flexible,0.8684373232937621,0.030081779375176185,0.0321859191419922,0.0030157267020529442,-0.6977222987028743,200
scm3,rct_size,400,5000,1.0,flexible,0.8684373232937621,0.012433009410824914,0.016099121159938466,0.001246420898161402,-2.941311201153191,200
scm3,obs_size,100,1000,1.0,flexible,0.8684373232937621,0.0626391794542518,0.06514499953885255,0.00627963671027911,-0.39903902091963106,200
scm3,obs_size,100,20000,1.0,flexible,0.8684373232937621,0.06246512959916397,0.06464874056650673,0.006262188048451945,-0.3486977635369095,200
scm3,quality,100,5000,0.0,flexible,0.8684373232937621,0.07624103731557673,0.06421181665161695,0.00764323576598444,1.5738387552422222,200
scm3,quality,100,5000,2.0,flexible,0.8684373232937621,0.0751308289916439,0.06420157150496032,0.00753193633633406,1.4510554787831706,200
scm3,quality,100,5000,0.0,linear,0.8684373232937621,0.08168455642374693,0.06775033802470903,0.008188953681234862,1.7015871552636102,200
scm3,quality,100,5000,1.0,linear,0.8684373232937621,0.08140945430112902,0.0680467785092358,0.008161374434454837,1.6373070368490967,200
scm3,quality,100,5000,2.0,linear,0.8684373232937621,0.08129250749791067,0.06810141548207878,0.008149650407335738,1.6186083275373637,200
