family,axis,n_rct,n_obs,confounding,spec,comparison,off,on,purpose,variance_off,variance_on,variance_reduction,reduction_low,reduction_high,reduction_rate,rate_low,rate_high,rate_excludes_zero,replications,scope,cells
scm1,obs_size,100.0,1000.0,1.0,flexible,omega_alone,rct_only,omega_only,omega with lambda held at zero,0.2525317219258217,0.240919486530805,0.011612235395016685,-0.004310184816155139,0.026973012648709948,0.045983274126755624,-0.02001495656302732,0.10379300507878522,0.0,100.0,cell,
scm1,obs_size,100.0,1000.0,1.0,flexible,omega_given_lambda,lambda_only,joint,omega on top of the selected lambda,0.16873794969345898,0.1591764742800994,0.009561475413359583,-0.002625907912380293,0.022380323130787937,0.05666464142019989,-0.018254317072197917,0.12303084350863983,0.0,100.0,cell,
scm1,obs_size,100.0,1000.0,1.0,flexible,whole_method,rct_only,joint,both channels against the trial-only estimator,0.2525317219258217,0.1591764742800994,0.09335524764572228,0.05285984480344839,0.13635250313984762,0.36967730997828596,0.242782078427796,0.48929471553170684,1.0,100.0,cell,
scm1,obs_size,100.0,1000.0,1.0,flexible,omega_alone_oracle,rct_only,oracle_omega_only,oracle omega with lambda at zero,0.2525317219258217,0.23762450613507052,0.01490721579075116,0.0009937734935277416,0.028889035127149094,0.059031062224847886,0.004383769581588151,0.11103998756560125,1.0,100.0,cell,
scm1,obs_size,100.0,1000.0,1.0,flexible,omega_given_lambda_oracle,oracle_lambda_only,oracle_joint,oracle omega on top of the oracle lambda,0.17043161235877333,0.15873064311806873,0.0117009692407046,0.001254178312071716,0.022442479993264076,0.06865492310237054,0.008124585558171821,0.12732423969521145,1.0,100.0,cell,
scm1,obs_size,100.0,20000.0,1.0,flexible,omega_alone,rct_only,omega_only,omega with lambda held at zero,0.21085991152318787,0.19909573791214943,0.011764173611038431,-0.000689270862107779,0.02530939087728682,0.05579141870096416,-0.0038345327068616984,0.1124072976849875,0.0,100.0,cell,
scm1,obs_size,100.0,20000.0,1.0,flexible,omega_given_lambda,lambda_only,joint,omega on top of the selected lambda,0.1534045860318275,0.14056030432586067,0.012844281705966826,0.0011001353838683615,0.025086965062851824,0.08372814684498397,0.007307202650130881,0.1553450577089828,1.0,100.0,cell,
scm1,obs_size,100.0,20000.0,1.0,flexible,whole_method,rct_only,joint,both channels against the trial-only estimator,0.21085991152318787,0.14056030432586067,0.0702996071973272,0.02972780381332203,0.11375126155935386,0.3333948434745335,0.18203672451489764,0.45212841418532956,1.0,100.0,cell,
scm1,obs_size,100.0,20000.0,1.0,flexible,omega_alone_oracle,rct_only,oracle_omega_only,oracle omega with lambda at zero,0.21085991152318787,0.19679473654516122,0.014065174978026646,-0.0022477394442069615,0.031369172275397976,0.06670388352353984,-0.013144354039840466,0.1369205708290217,0.0,100.0,cell,
scm1,obs_size,100.0,20000.0,1.0,flexible,omega_given_lambda_oracle,oracle_lambda_only,oracle_joint,oracle omega on top of the oracle lambda,0.15130527930436474,0.13859735953436714,0.012707919769997605,-0.0017204397807192358,0.02788626735302562,0.0839886078557407,-0.01270074964676176,0.16665469997208607,0.0,100.0,cell,
scm1,quality,100.0,5000.0,0.0,flexible,omega_alone,rct_only,omega_only,omega with lambda held at zero,0.2979114247919497,0.2901835387901326,0.007727886001817119,-0.009953107600587582,0.024230777712405744,0.02594021362965182,-0.03398379573598016,0.07956307296568463,0.0,100.0,cell,
scm1,quality,100.0,5000.0,0.0,flexible,omega_given_lambda,lambda_only,joint,omega on top of the selected lambda,0.1810311632140848,0.1769610963572751,0.00407006685680969,-0.007599066357463119,0.014888033504585493,0.022482686320677736,-0.04603819168840889,0.07808947899531817,0.0,100.0,cell,
scm1,quality,100.0,5000.0,0.0,flexible,whole_method,rct_only,joint,both channels against the trial-only estimator,0.2979114247919497,0.1769610963572751,0.1209503284346746,0.0722095897638303,0.16649368986321664,0.40599425993528726,0.29056850210939356,0.4923392407275982,1.0,100.0,cell,
scm1,quality,100.0,5000.0,0.0,flexible,omega_alone_oracle,rct_only,oracle_omega_only,oracle omega with lambda at zero,0.2979114247919497,0.2751386750631201,0.02277274972882959,-0.0001074290158677595,0.04530731919745365,0.07644134408317249,-0.0004397299755255484,0.14189625371099554,0.0,100.0,cell,
scm1,quality,100.0,5000.0,0.0,flexible,omega_given_lambda_oracle,oracle_lambda_only,oracle_joint,oracle omega on top of the oracle lambda,0.1765841888119982,0.163154486068527,0.013429702743471189,-0.0025499407256917295,0.028815392847326426,0.07605269097885792,-0.015810014985278613,0.15048462708311977,0.0,100.0,cell,
scm1,quality,100.0,5000.0,0.0,linear,omega_alone,rct_only,omega_only,omega with lambda held at zero,0.2520617983625663,0.24448689351346445,0.007574904849101866,-0.00890824129795972,0.023065038467277633,0.030051776581416334,-0.034885445286131425,0.09443435331499034,0.0,100.0,cell,
scm1,quality,100.0,5000.0,0.0,linear,omega_given_lambda,lambda_only,joint,omega on top of the selected lambda,0.19236192785829315,0.174101958099354,0.01825996975893915,0.001990698046183687,0.033341183500590184,0.09492507151618212,0.011372980985128787,0.1663149924379629,1.0,100.0,cell,
scm1,quality,100.0,5000.0,0.0,linear,whole_method,rct_only,joint,both channels against the trial-only estimator,0.2520617983625663,0.174101958099354,0.07795984026321232,0.03591423261575744,0.12307681750545603,0.309288598151929,0.17003676776259935,0.42563786189048075,1.0,100.0,cell,
scm1,quality,100.0,5000.0,0.0,linear,omega_alone_oracle,rct_only,oracle_omega_only,oracle omega with lambda at zero,0.2520617983625663,0.24114823304975555,0.010913565312810763,-0.008894219410652117,0.030743150268494474,0.043297181023491116,-0.03714377635553808,0.1216071107150916,0.0,100.0,cell,
scm1,quality,100.0,5000.0,0.0,linear,omega_given_lambda_oracle,oracle_lambda_only,oracle_joint,oracle omega on top of the oracle lambda,0.1852240245985278,0.16687437342381226,0.018349651174715542,0.0010859622678505787,0.036412407273306024,0.09906733866996098,0.00640529796274893,0.18296665317670574,1.0,100.0,cell,
scm1,quality,100.0,5000.0,1.0,linear,omega_alone,rct_only,omega_only,omega with lambda held at zero,0.19403974242917904,0.19073972993372287,0.003300012495456167,-0.011375342652049009,0.017241035525078458,0.017006889692510296,-0.06359605348729234,0.0863532781253819,0.0,100.0,cell,
scm1,quality,100.0,5000.0,1.0,linear,omega_given_lambda,lambda_only,joint,omega on top of the selected lambda,0.15945689356189682,0.15275782616905703,0.0066990673928397915,-0.006590270222654892,0.020334388795450496,0.042011776619989116,-0.04501211786652216,0.12221371409907186,0.0,100.0,cell,
scm1,quality,100.0,5000.0,1.0,linear,whole_method,rct_only,joint,both channels against the trial-only estimator,0.19403974242917904,0.15275782616905703,0.04128191626012201,0.002708054200852634,0.08105947288440403,0.21274979931077342,0.019219220138215944,0.37190755162133066,1.0,100.0,cell,
scm1,quality,100.0,5000.0,1.0,linear,omega_alone_oracle,rct_only,oracle_omega_only,oracle omega with lambda at zero,0.19403974242917904,0.17660407304833628,0.01743566938084276,0.00045475474441153,0.03541655774883427,0.08985617669125934,0.0023977099943400114,0.16636810123389154,1.0,100.0,cell,
scm1,quality,100.0,5000.0,1.0,linear,omega_given_lambda_oracle,oracle_lambda_only,oracle_joint,oracle omega on top of the oracle lambda,0.15735574976752847,0.14157692258038584,0.01577882718714263,0.0006667274131436179,0.030116372512942594,0.10027486895428783,0.004771601703108506,0.17825061839581788,1.0,100.0,cell,
scm1,quality,100.0,5000.0,2.0,flexible,omega_alone,rct_only,omega_only,omega with lambda held at zero,0.22312718947308133,0.21149414396556873,0.011633045507512596,-0.0038862411220059365,0.0282789979614969,0.0521363870310213,-0.02010225693457977,0.11709246103493155,0.0,100.0,cell,
scm1,quality,100.0,5000.0,2.0,flexible,omega_given_lambda,lambda_only,joint,omega on top of the selected lambda,0.15241023427053496,0.144442568075409,0.007967666195125955,-0.0070815477641276315,0.024829590375332448,0.05227776358497682,-0.05706352450943897,0.14170314794540873,0.0,100.0,cell,
scm1,quality,100.0,5000.0,2.0,flexible,whole_method,rct_only,joint,both channels against the trial-only estimator,0.22312718947308133,0.144442568075409,0.07868462139767232,0.03402665931368862,0.1280230626538171,0.35264470270739934,0.1922318826940992,0.47947193722957193,1.0,100.0,cell,
scm1,quality,100.0,5000.0,2.0,flexible,omega_alone_oracle,rct_only,oracle_omega_only,oracle omega with lambda at zero,0.22312718947308133,0.20354716940863082,0.019580020064450504,-6.926271896369305e-05,0.040654406753879054,0.08775273022839147,-0.00033353030576968487,0.16123728440026244,0.0,100.0,cell,
scm1,quality,100.0,5000.0,2.0,flexible,omega_given_lambda_oracle,oracle_lambda_only,oracle_joint,oracle omega on top of the oracle lambda,0.1572015174141825,0.14331238762997034,0.013889129784212167,-0.0032082222980537624,0.03193530653716053,0.08835239005752182,-0.024764468643160113,0.175791521816343,0.0,100.0,cell,
scm1,quality,100.0,5000.0,2.0,linear,omega_alone,rct_only,omega_only,omega with lambda held at zero,0.3359304160096538,0.3174543742558576,0.01847604175379619,0.001323496262334703,0.03804668934458221,0.05499960966102346,0.004411755529725264,0.10372265255012662,1.0,100.0,cell,
scm1,quality,100.0,5000.0,2.0,linear,omega_given_lambda,lambda_only,joint,omega on top of the selected lambda,0.1995536955858883,0.18266710550492282,0.01688659008096549,0.0039040010375206535,0.02979937014545417,0.08462178578746227,0.02218167516867137,0.14298397363242496,1.0,100.0,cell,
scm1,quality,100.0,5000.0,2.0,linear,whole_method,rct_only,joint,both channels against the trial-only estimator,0.3359304160096538,0.18266710550492282,0.15326331050473097,0.09514077924573906,0.21582748939530833,0.4562352892163435,0.34703929903910613,0.5539943094443617,1.0,100.0,cell,
scm1,quality,100.0,5000.0,2.0,linear,omega_alone_oracle,rct_only,oracle_omega_only,oracle omega with lambda at zero,0.3359304160096538,0.3019195341886269,0.034010881821026906,0.012040329070583836,0.055721882941014315,0.10124382967468337,0.04270238626952909,0.14863019457063525,1.0,100.0,cell,
scm1,quality,100.0,5000.0,2.0,linear,omega_given_lambda_oracle,oracle_lambda_only,oracle_joint,oracle omega on top of the oracle lambda,0.18715972153818278,0.159045429245748,0.028114292292434784,0.012170295890267262,0.044386452464003884,0.15021550610022216,0.07297720655038685,0.21545522592360178,1.0,100.0,cell,
scm1,rct_size,50.0,5000.0,1.0,flexible,omega_alone,rct_only,omega_only,omega with lambda held at zero,0.7375207730473874,0.7301812149870396,0.007339558060347806,-0.021616812160873307,0.034647079745725146,0.009951662825741447,-0.03169406023115001,0.04476627662787819,0.0,100.0,cell,
scm1,rct_size,50.0,5000.0,1.0,flexible,omega_given_lambda,lambda_only,joint,omega on top of the selected lambda,0.33265596204512293,0.3193942213172265,0.013261740727896432,-0.007312710132155088,0.033031365674698734,0.03986623491238539,-0.023857858727328256,0.09439677583789012,0.0,100.0,cell,
scm1,rct_size,50.0,5000.0,1.0,flexible,whole_method,rct_only,joint,both channels against the trial-only estimator,0.7375207730473874,0.3193942213172265,0.4181265517301609,0.23331914628932157,0.6495066165472935,0.5669352878055074,0.4295375934586862,0.6758657061404303,1.0,100.0,cell,
scm1,rct_size,50.0,5000.0,1.0,flexible,omega_alone_oracle,rct_only,oracle_omega_only,oracle omega with lambda at zero,0.7375207730473874,0.7107929928594825,0.026727780187904893,-0.01372046116522228,0.06839077422086527,0.03624003711443602,-0.02025231210589954,0.086835303770819,0.0,100.0,cell,
scm1,rct_size,50.0,5000.0,1.0,flexible,omega_given_lambda_oracle,oracle_lambda_only,oracle_joint,oracle omega on top of the oracle lambda,0.27821149461867445,0.2639481895255884,0.014263305093086043,-0.011545547630557176,0.042563969281889005,0.051267849707776425,-0.046988516540123246,0.1426290305838171,0.0,100.0,cell,
scm1,rct_size,100.0,5000.0,1.0,flexible,omega_alone,rct_only,omega_only,omega with lambda held at zero,0.22847340938742017,0.21640796687148803,0.01206544251593214,-0.0014345437079778525,0.027577576009633877,0.05280895727989454,-0.007496489737135981,0.10667312759487178,0.0,100.0,cell,
scm1,rct_size,100.0,5000.0,1.0,flexible,omega_given_lambda,lambda_only,joint,omega on top of the selected lambda,0.15208820424889094,0.1448060750831856,0.007282129165705337,-0.004547649249328788,0.020657486675798205,0.04788095961596206,-0.03599177656623023,0.12578509858097314,0.0,100.0,cell,
scm1,rct_size,100.0,5000.0,1.0,flexible,whole_method,rct_only,joint,both channels against the trial-only estimator,0.22847340938742017,0.1448060750831856,0.08366733430423456,0.035792422873918844,0.13299386648344547,0.3662016272640317,0.2001619315616232,0.48942576855252684,1.0,100.0,cell,
scm1,rct_size,100.0,5000.0,1.0,flexible,omega_alone_oracle,rct_only,oracle_omega_only,oracle omega with lambda at zero,0.22847340938742017,0.20954036178491667,0.0189330476025035,0.0012363512839659427,0.03671175270055595,0.08286761970798495,0.007557721091520631,0.14723812395925273,1.0,100.0,cell,
scm1,rct_size,100.0,5000.0,1.0,flexible,omega_given_lambda_oracle,oracle_lambda_only,oracle_joint,oracle omega on top of the oracle lambda,0.14975462244452975,0.13833869072001842,0.01141593172451133,-0.003662164859880132,0.027455187288671738,0.07623091386537917,-0.030904489205469877,0.16098252491318413,0.0,100.0,cell,
scm1,rct_size,200.0,5000.0,1.0,flexible,omega_alone,rct_only,omega_only,omega with lambda held at zero,0.07944361117083522,0.08174934966236347,-0.0023057384915282503,-0.008264993382984389,0.0037589615600298106,-0.02902358613293643,-0.1106633965343312,0.047216989542340715,0.0,100.0,cell,
scm1,rct_size,200.0,5000.0,1.0,flexible,omega_given_lambda,lambda_only,joint,omega on top of the selected lambda,0.05899416511367229,0.0591075726814643,-0.00011340756779201072,-0.005887089306206954,0.005840323752751437,-0.0019223522796447678,-0.10713425280567801,0.09568843994697093,0.0,100.0,cell,
scm1,rct_size,200.0,5000.0,1.0,flexible,whole_method,rct_only,joint,both channels against the trial-only estimator,0.07944361117083522,0.0591075726814643,0.02033603848937092,0.008423490112602242,0.03209143212614918,0.2559807917799757,0.11793037454793592,0.3781807950237404,1.0,100.0,cell,
scm1,rct_size,200.0,5000.0,1.0,flexible,omega_alone_oracle,rct_only,oracle_omega_only,oracle omega with lambda at zero,0.07944361117083522,0.08046224156848354,-0.0010186303976483235,-0.00762844789533313,0.006011548384105949,-0.012822055576726887,-0.1029042756685598,0.07288710941991303,0.0,100.0,cell,
scm1,rct_size,200.0,5000.0,1.0,flexible,omega_given_lambda_oracle,oracle_lambda_only,oracle_joint,oracle omega on top of the oracle lambda,0.05800908142723178,0.05621363269902619,0.0017954487282055911,-0.004731114289353781,0.008036589833863609,0.030951166335185798,-0.08483414206157588,0.13661725128803157,0.0,100.0,cell,
scm1,rct_size,400.0,5000.0,1.0,flexible,omega_alone,rct_only,omega_only,omega with lambda held at zero,0.04380354601870402,0.043266965650974175,0.0005365803677298484,-0.0022403448662405043,0.0034442089932635593,0.012249701599517326,-0.05631788248057479,0.07931650447047656,0.0,100.0,cell,
scm1,rct_size,400.0,5000.0,1.0,flexible,omega_given_lambda,lambda_only,joint,omega on top of the selected lambda,0.03727175727264146,0.03697289420571825,0.0002988630669232134,-0.002450516640450617,0.0030888098651382454,0.008018486081486365,-0.07238322306691299,0.08012149608212238,0.0,100.0,cell,
scm1,rct_size,400.0,5000.0,1.0,flexible,whole_method,rct_only,joint,both channels against the trial-only estimator,0.04380354601870402,0.03697289420571825,0.006830651812985776,-0.0004172227124303479,0.014470744740195702,0.1559383299714845,-0.011619643560599389,0.29134842226160956,0.0,100.0,cell,
scm1,rct_size,400.0,5000.0,1.0,flexible,omega_alone_oracle,rct_only,oracle_omega_only,oracle omega with lambda at zero,0.04380354601870402,0.043183399488513546,0.0006201465301904768,-0.0027303012823880314,0.00403936761350896,0.014157450401976024,-0.0631757031985122,0.09341851428822502,0.0,100.0,cell,
scm1,rct_size,400.0,5000.0,1.0,flexible,omega_given_lambda_oracle,oracle_lambda_only,oracle_joint,oracle omega on top of the oracle lambda,0.036144320487351424,0.03566871748172098,0.00047560300563044555,-0.0027323126196817944,0.0033882869993705042,0.013158443684032739,-0.08201032279059578,0.09192061123519946,0.0,100.0,cell,
scm2,obs_size,100.0,1000.0,1.0,flexible,omega_alone,rct_only,omega_only,omega with lambda held at zero,0.33850097403488577,0.3312753795189927,0.007225594515893052,-0.012106151410194882,0.027513683513527166,0.021345860337608324,-0.03771433275647199,0.08342328434163464,0.0,100.0,cell,
scm2,obs_size,100.0,1000.0,1.0,flexible,omega_given_lambda,lambda_only,joint,omega on top of the selected lambda,0.22325814303351174,0.21252943140585662,0.010728711627655124,-0.007195767525319562,0.0290478210850548,0.048055186170946174,-0.032415732383473506,0.13321134644813176,0.0,100.0,cell,
scm2,obs_size,100.0,1000.0,1.0,flexible,whole_method,rct_only,joint,both channels against the trial-only estimator,0.33850097403488577,0.21252943140585662,0.12597154262902915,0.0446055806067203,0.2251325953871333,0.3721452884683475,0.18044337501714672,0.5206428734018811,1.0,100.0,cell,
scm2,obs_size,100.0,1000.0,1.0,flexible,omega_alone_oracle,rct_only,oracle_omega_only,oracle omega with lambda at zero,0.33850097403488577,0.3301975372970166,0.008303436737869152,-0.013358799554364326,0.03025358319755604,0.024530023175098448,-0.04056894461178524,0.09125827713444659,0.0,100.0,cell,
scm2,obs_size,100.0,1000.0,1.0,flexible,omega_given_lambda_oracle,oracle_lambda_only,oracle_joint,oracle omega on top of the oracle lambda,0.21802508199688,0.2114102125920031,0.006614869404876905,-0.00955317570892707,0.02291838121613932,0.03033994687350494,-0.04549349928025293,0.10586301963805317,0.0,100.0,cell,
scm2,obs_size,100.0,20000.0,1.0,flexible,omega_alone,rct_only,omega_only,omega with lambda held at zero,0.3314484197968342,0.3467543990330611,-0.015305979236226896,-0.04032621096800359,0.007063394851954623,-0.04617906836185526,-0.11359397753073382,0.023850785870730445,0.0,100.0,cell,
scm2,obs_size,100.0,20000.0,1.0,flexible,omega_given_lambda,lambda_only,joint,omega on top of the selected lambda,0.21891732103776998,0.22094343160552224,-0.0020261105677522595,-0.018254265851409684,0.014556606421038825,-0.00925514051673737,-0.08952435392896514,0.06406782616635505,0.0,100.0,cell,
scm2,obs_size,100.0,20000.0,1.0,flexible,whole_method,rct_only,joint,both channels against the trial-only estimator,0.3314484197968342,0.22094343160552224,0.11050498819131196,0.03160378086838479,0.1866435783745101,0.3334002565438311,0.11274749276740194,0.48074127700079333,1.0,100.0,cell,
scm2,obs_size,100.0,20000.0,1.0,flexible,omega_alone_oracle,rct_only,oracle_omega_only,oracle omega with lambda at zero,0.3314484197968342,0.3339540308425737,-0.0025056110457394865,-0.03236658150439312,0.02585426026326076,-0.007559580604654448,-0.094625775283343,0.0885219340916513,0.0,100.0,cell,
scm2,obs_size,100.0,20000.0,1.0,flexible,omega_given_lambda_oracle,oracle_lambda_only,oracle_joint,oracle omega on top of the oracle lambda,0.2181582464621273,0.2030153178495808,0.015142928612546513,-0.009676621891394965,0.04142529640016338,0.06941258860537891,-0.05062179109350205,0.17540523528917285,0.0,100.0,cell,
scm2,quality,100.0,5000.0,0.0,flexible,omega_alone,rct_only,omega_only,omega with lambda held at zero,0.27839120632899367,0.27155534361357464,0.006835862715419028,-0.013293490988456731,0.028013096499033996,0.024554880183035088,-0.04809424443981494,0.10441502830920689,0.0,100.0,cell,
scm2,quality,100.0,5000.0,0.0,flexible,omega_given_lambda,lambda_only,joint,omega on top of the selected lambda,0.1818530339645888,0.17763523572495116,0.004217798239637638,-0.012312530453883938,0.02239666712397695,0.023193444440739674,-0.07025636457145557,0.12585440314924454,0.0,100.0,cell,
scm2,quality,100.0,5000.0,0.0,flexible,whole_method,rct_only,joint,both channels against the trial-only estimator,0.27839120632899367,0.17763523572495116,0.10075597060404251,0.028585370480304524,0.17780581871037088,0.361922245794547,0.12983047312533808,0.512733085384254,1.0,100.0,cell,
scm2,quality,100.0,5000.0,0.0,flexible,omega_alone_oracle,rct_only,oracle_omega_only,oracle omega with lambda at zero,0.27839120632899367,0.26924332065274775,0.009147885676245915,-0.012426780409997267,0.03046912156969782,0.03285982268216925,-0.04679232203436814,0.11685415664601936,0.0,100.0,cell,
scm2,quality,100.0,5000.0,0.0,flexible,omega_given_lambda_oracle,oracle_lambda_only,oracle_joint,oracle omega on top of the oracle lambda,0.1818647247798693,0.17658575189292153,0.005278972886947786,-0.015350624301431217,0.0262317364247181,0.02902692038457433,-0.08414079093644611,0.15433235268893195,0.0,100.0,cell,
scm2,quality,100.0,5000.0,0.0,linear,omega_alone,rct_only,omega_only,omega with lambda held at zero,0.3920404772937329,0.3884681661025254,0.0035723111912075445,-0.006866792510858732,0.014984324567575246,0.009112097852413847,-0.018243685655169463,0.039036252326083265,0.0,100.0,cell,
scm2,quality,100.0,5000.0,0.0,linear,omega_given_lambda,lambda_only,joint,omega on top of the selected lambda,0.31939233090780406,0.31507087313064064,0.004321457777163418,-0.00435706627867464,0.01282052578653962,0.013530249035349717,-0.01493708731001267,0.041311566420316165,0.0,100.0,cell,
scm2,quality,100.0,5000.0,0.0,linear,whole_method,rct_only,joint,both channels against the trial-only estimator,0.3920404772937329,0.31507087313064064,0.07696960416309229,-0.002303971962892671,0.157695190888077,0.19633075822786406,-0.008457924083637191,0.3415004900620931,0.0,100.0,cell,
scm2,quality,100.0,5000.0,0.0,linear,omega_alone_oracle,rct_only,oracle_omega_only,oracle omega with lambda at zero,0.3920404772937329,0.3815425407392862,0.010497936554446752,-0.0023133119467307573,0.02308847887931068,0.02677768537298575,-0.006506410525823891,0.059210284678240195,0.0,100.0,cell,
scm2,quality,100.0,5000.0,0.0,linear,omega_given_lambda_oracle,oracle_lambda_only,oracle_joint,oracle omega on top of the oracle lambda,0.2893728750877682,0.27588998240191726,0.013482892685850956,0.003181541849519079,0.023957412819683107,0.0465934918114268,0.012343535376745313,0.07958518141247832,1.0,100.0,cell,
scm2,quality,100.0,5000.0,1.0,linear,omega_alone,rct_only,omega_only,omega with lambda held at zero,0.34443868847538467,0.3509937270360783,-0.006555038560693616,-0.017707841797135332,0.00376846430989013,-0.019031075137664333,-0.052069908767167855,0.011931201062824607,0.0,100.0,cell,
scm2,quality,100.0,5000.0,1.0,linear,omega_given_lambda,lambda_only,joint,omega on top of the selected lambda,0.28056849067913664,0.28631800536414104,-0.005749514685004398,-0.014909353635953084,0.00278541772183846,-0.02049237486036759,-0.05692454036770609,0.009472835947748337,0.0,100.0,cell,
scm2,quality,100.0,5000.0,1.0,linear,whole_method,rct_only,joint,both channels against the trial-only estimator,0.34443868847538467,0.28631800536414104,0.05812068311124363,-0.008585454249312527,0.1279352337793108,0.1687402868954927,-0.029582292867744397,0.3488930392437989,0.0,100.0,cell,
scm2,quality,100.0,5000.0,1.0,linear,omega_alone_oracle,rct_only,oracle_omega_only,oracle omega with lambda at zero,0.34443868847538467,0.3452885098145474,-0.0008498213391627263,-0.016236267648500474,0.015351996468921887,-0.0024672644728858106,-0.05012049299604711,0.04311319377330136,0.0,100.0,cell,
scm2,quality,100.0,5000.0,1.0,linear,omega_given_lambda_oracle,oracle_lambda_only,oracle_joint,oracle omega on top of the oracle lambda,0.27949772224006636,0.28117451453996267,-0.0016767922998963125,-0.014882774616313413,0.011456724412226699,-0.005999305777726782,-0.05796361469393126,0.039749020275941224,0.0,100.0,cell,
scm2,quality,100.0,5000.0,2.0,flexible,omega_alone,rct_only,omega_only,omega with lambda held at zero,0.40132455360335,0.38586033654683577,0.01546421705651424,-0.015585926778708955,0.045586856241707156,0.03853294526254758,-0.04043328102865649,0.11125254722504571,0.0,100.0,cell,
scm2,quality,100.0,5000.0,2.0,flexible,omega_given_lambda,lambda_only,joint,omega on top of the selected lambda,0.23462749889572374,0.22124499223007935,0.01338250666564439,-0.008347320506274028,0.03626924172911745,0.05703724724778325,-0.04046679675248167,0.138700808696605,0.0,100.0,cell,
scm2,quality,100.0,5000.0,2.0,flexible,whole_method,rct_only,joint,both channels against the trial-only estimator,0.40132455360335,0.22124499223007935,0.18007956137327066,0.0953966446302765,0.26756098984792337,0.44871304224075137,0.306160870922117,0.561567064318789,1.0,100.0,cell,
scm2,quality,100.0,5000.0,2.0,flexible,omega_alone_oracle,rct_only,oracle_omega_only,oracle omega with lambda at zero,0.40132455360335,0.3716077934584971,0.029716760144852916,-0.003282210688501541,0.06027801764448474,0.07404670329297502,-0.008900638672745835,0.1465340848173617,0.0,100.0,cell,
scm2,quality,100.0,5000.0,2.0,flexible,omega_given_lambda_oracle,oracle_lambda_only,oracle_joint,oracle omega on top of the oracle lambda,0.23425424486850088,0.20995856560914786,0.024295679259353026,0.0016979390040772445,0.04646077858168883,0.10371500107923959,0.00960465589612152,0.18085521197278448,1.0,100.0,cell,
scm2,quality,100.0,5000.0,2.0,linear,omega_alone,rct_only,omega_only,omega with lambda held at zero,0.24470151339690618,0.238052884927306,0.006648628469600182,0.00015553982339628906,0.013583831653761968,0.027170361054596692,0.0008061875896107604,0.056859673543683854,1.0,100.0,cell,
scm2,quality,100.0,5000.0,2.0,linear,omega_given_lambda,lambda_only,joint,omega on top of the selected lambda,0.17852299266658167,0.1734559862661906,0.005067006400391066,-0.0011427573462054641,0.011106513414060059,0.02838293445962148,-0.0067462053184216214,0.06113652831914658,0.0,100.0,cell,
scm2,quality,100.0,5000.0,2.0,linear,whole_method,rct_only,joint,both channels against the trial-only estimator,0.24470151339690618,0.1734559862661906,0.07124552713071558,0.02561474085641833,0.12297815068853118,0.2911527850469614,0.14056547225119456,0.40507655977905815,1.0,100.0,cell,
scm2,quality,100.0,5000.0,2.0,linear,omega_alone_oracle,rct_only,oracle_omega_only,oracle omega with lambda at zero,0.24470151339690618,0.23841115765521814,0.006290355741688042,-0.0017823330101468691,0.013934424824382834,0.025706239631975936,-0.008028474069799525,0.05459968238873034,0.0,100.0,cell,
scm2,quality,100.0,5000.0,2.0,linear,omega_given_lambda_oracle,oracle_lambda_only,oracle_joint,oracle omega on top of the oracle lambda,0.17418431344608645,0.1706764367640366,0.003507876682049854,-0.0037031087957738323,0.010261908196555591,0.02013887825286642,-0.021997683243942134,0.0595242453237035,0.0,100.0,cell,
scm2,rct_size,50.0,5000.0,1.0,flexible,omega_alone,rct_only,omega_only,omega with lambda held at zero,0.8379229974357311,0.7892268894775353,0.04869610795819579,-0.007704966756038189,0.11172570958221088,0.05811525415487928,-0.009562007188965905,0.12374596723343627,0.0,100.0,cell,
scm2,rct_size,50.0,5000.0,1.0,flexible,omega_given_lambda,lambda_only,joint,omega on top of the selected lambda,0.4548433846595732,0.4336452971711331,0.0211980874884401,-0.00959160955293729,0.05500393661768098,0.04660524524129506,-0.021002058088402425,0.12298508898061218,0.0,100.0,cell,
scm2,rct_size,50.0,5000.0,1.0,flexible,whole_method,rct_only,joint,both channels against the trial-only estimator,0.8379229974357311,0.4336452971711331,0.404277700264598,0.23448170753393213,0.59332589905787,0.48247595722016945,0.337347226039724,0.6082582271403567,1.0,100.0,cell,
scm2,rct_size,50.0,5000.0,1.0,flexible,omega_alone_oracle,rct_only,oracle_omega_only,oracle omega with lambda at zero,0.8379229974357311,0.7884911535795581,0.04943184385617294,-0.013112126408315813,0.12412478064023227,0.058993301302682544,-0.01726520941766571,0.13568512780758887,0.0,100.0,cell,
scm2,rct_size,50.0,5000.0,1.0,flexible,omega_given_lambda_oracle,oracle_lambda_only,oracle_joint,oracle omega on top of the oracle lambda,0.4392946612750524,0.42381961143448077,0.01547504984057163,-0.02290597968493273,0.055724105667268375,0.03522703826095974,-0.055263322548434086,0.13206022397132747,0.0,100.0,cell,
scm2,rct_size,100.0,5000.0,1.0,flexible,omega_alone,rct_only,omega_only,omega with lambda held at zero,0.31506978493000165,0.2974976783366197,0.01757210659338193,-0.005695067461480496,0.03896026593098092,0.05577210965274215,-0.020061845485619782,0.1206708637200495,0.0,100.0,cell,
scm2,rct_size,100.0,5000.0,1.0,flexible,omega_given_lambda,lambda_only,joint,omega on top of the selected lambda,0.19500343089953168,0.1818713467969664,0.013132084102565278,-0.00504047212928219,0.030424625377177716,0.06734283618492387,-0.03019409399954866,0.14876178368889761,0.0,100.0,cell,
scm2,rct_size,100.0,5000.0,1.0,flexible,whole_method,rct_only,joint,both channels against the trial-only estimator,0.31506978493000165,0.1818713467969664,0.13319843813303525,0.07166368576736717,0.19033858847303017,0.4227585268534323,0.2691320970033253,0.5480489292561508,1.0,100.0,cell,
scm2,rct_size,100.0,5000.0,1.0,flexible,omega_alone_oracle,rct_only,oracle_omega_only,oracle omega with lambda at zero,0.31506978493000165,0.28647431055704076,0.028595474372960894,0.004493979367458137,0.05153685605569341,0.0907591769845969,0.01642661252001844,0.15990190465136678,1.0,100.0,cell,
scm2,rct_size,100.0,5000.0,1.0,flexible,omega_given_lambda_oracle,oracle_lambda_only,oracle_joint,oracle omega on top of the oracle lambda,0.19068760668536078,0.1674288852907707,0.023258721394590065,0.003956505162918298,0.04177340409504669,0.12197290531296834,0.02336077758753101,0.20802069322873795,1.0,100.0,cell,
scm2,rct_size,200.0,5000.0,1.0,flexible,omega_alone,rct_only,omega_only,omega with lambda held at zero,0.11462228439627054,0.11290853198548183,0.0017137524107887075,-0.006361244154354063,0.009929352695388012,0.014951302181903325,-0.060394406494062,0.08591807456919384,0.0,100.0,cell,
scm2,rct_size,200.0,5000.0,1.0,flexible,omega_given_lambda,lambda_only,joint,omega on top of the selected lambda,0.10445467861074549,0.09989271257470621,0.004561966036039283,-0.0033506321881513787,0.011618918241473791,0.043674118734687184,-0.031539857906972654,0.11771697657513908,0.0,100.0,cell,
scm2,rct_size,200.0,5000.0,1.0,flexible,whole_method,rct_only,joint,both channels against the trial-only estimator,0.11462228439627054,0.09989271257470621,0.014729571821564327,-0.003319839831923465,0.031399748300310296,0.1285053067921894,-0.03233280661737129,0.25155453589527876,0.0,100.0,cell,
scm2,rct_size,200.0,5000.0,1.0,flexible,omega_alone_oracle,rct_only,oracle_omega_only,oracle omega with lambda at zero,0.11462228439627054,0.116383650386478,-0.0017613659902074585,-0.011595834075285388,0.007984985941208889,-0.015366697666904683,-0.1050769606777743,0.06770820264329643,0.0,100.0,cell,
scm2,rct_size,200.0,5000.0,1.0,flexible,omega_given_lambda_oracle,oracle_lambda_only,oracle_joint,oracle omega on top of the oracle lambda,0.10460799214138174,0.1007622358568047,0.0038457562845770343,-0.0053933723546433525,0.012679015162050156,0.036763503493875915,-0.05191359301233117,0.12731930376379175,0.0,100.0,cell,
scm2,rct_size,400.0,5000.0,1.0,flexible,omega_alone,rct_only,omega_only,omega with lambda held at zero,0.051683264975149135,0.051625546703425944,5.771827172319083e-05,-0.0049476613517365825,0.005412420285339287,0.0011167690692711618,-0.101824972778151,0.10022627860839756,0.0,100.0,cell,
scm2,rct_size,400.0,5000.0,1.0,flexible,omega_given_lambda,lambda_only,joint,omega on top of the selected lambda,0.04425305130806852,0.04406494052415998,0.00018811078390853359,-0.004641898932822068,0.005350438745347395,0.004250798043258008,-0.11559624914950817,0.11718807786100129,0.0,100.0,cell,
scm2,rct_size,400.0,5000.0,1.0,flexible,whole_method,rct_only,joint,both channels against the trial-only estimator,0.051683264975149135,0.04406494052415998,0.0076183244509891515,-0.0007468620626113855,0.016221704691732675,0.1474040863063173,-0.018544921061040436,0.2934332523599923,0.0,100.0,cell,
scm2,rct_size,400.0,5000.0,1.0,flexible,omega_alone_oracle,rct_only,oracle_omega_only,oracle omega with lambda at zero,0.051683264975149135,0.05332325715282318,-0.001639992177674042,-0.007502841718167969,0.004388227201549068,-0.031731590070066096,-0.15426480255397154,0.0823070205231268,0.0,100.0,cell,
scm2,rct_size,400.0,5000.0,1.0,flexible,omega_given_lambda_oracle,oracle_lambda_only,oracle_joint,oracle omega on top of the oracle lambda,0.04422008116811498,0.04480480800047487,-0.00058472683235989,-0.005465262873745543,0.004361475313952835,-0.013223106265610074,-0.13670198009940637,0.09509437571786775,0.0,100.0,cell,
scm3,obs_size,100.0,1000.0,1.0,flexible,omega_alone,rct_only,omega_only,omega with lambda held at zero,0.2763300965509846,0.2779137885732631,-0.0015836920222784823,-0.01421777863685084,0.012351902714901459,-0.0057311600945584296,-0.05426476089387177,0.04442099858030058,0.0,100.0,cell,
scm3,obs_size,100.0,1000.0,1.0,flexible,omega_given_lambda,lambda_only,joint,omega on top of the selected lambda,0.18412324396878887,0.18591284515808118,-0.0017896011892923058,-0.011497655016065552,0.0082029230630126,-0.009719583202627335,-0.07017688112231041,0.04581491593246142,0.0,100.0,cell,
scm3,obs_size,100.0,1000.0,1.0,flexible,whole_method,rct_only,joint,both channels against the trial-only estimator,0.2763300965509846,0.18591284515808118,0.09041725139290344,0.03023820061811596,0.1600502005415874,0.32720739623170536,0.1360756898586505,0.47477488895753833,1.0,100.0,cell,
scm3,obs_size,100.0,1000.0,1.0,flexible,omega_alone_oracle,rct_only,oracle_omega_only,oracle omega with lambda at zero,0.2763300965509846,0.27628911173916526,4.098481181935565e-05,-0.010144249130187362,0.011753166085855115,0.00014831830600758877,-0.03824053054515357,0.044164923926741005,0.0,100.0,cell,
scm3,obs_size,100.0,1000.0,1.0,flexible,omega_given_lambda_oracle,oracle_lambda_only,oracle_joint,oracle omega on top of the oracle lambda,0.1693136732636547,0.17191745396537558,-0.002603780701720876,-0.01029763877877908,0.005117020488538483,-0.015378443167234801,-0.06375294617736824,0.031031334938015312,0.0,100.0,cell,
scm3,obs_size,100.0,20000.0,1.0,flexible,omega_alone,rct_only,omega_only,omega with lambda held at zero,0.37976981755991573,0.37527342214587794,0.00449639541403779,-0.011155398698045528,0.02082336760165328,0.011839791384496756,-0.034687748625236686,0.04994831075681862,0.0,100.0,cell,
scm3,obs_size,100.0,20000.0,1.0,flexible,omega_given_lambda,lambda_only,joint,omega on top of the selected lambda,0.251691726088313,0.2426444440190993,0.00904728206921368,-0.002148067617429254,0.0205901449476977,0.03594588590504244,-0.010955955169893738,0.07537845315313668,0.0,100.0,cell,
scm3,obs_size,100.0,20000.0,1.0,flexible,whole_method,rct_only,joint,both channels against the trial-only estimator,0.37976981755991573,0.2426444440190993,0.13712537354081644,0.06910594654725165,0.21340538418625918,0.36107496488759894,0.222635299179567,0.4916220105810119,1.0,100.0,cell,
scm3,obs_size,100.0,20000.0,1.0,flexible,omega_alone_oracle,rct_only,oracle_omega_only,oracle omega with lambda at zero,0.37976981755991573,0.3693530891986168,0.010416728361298921,-0.007815367073158868,0.031096752508943868,0.027429058023168196,-0.023149403984122168,0.07810847310176117,0.0,100.0,cell,
scm3,obs_size,100.0,20000.0,1.0,flexible,omega_given_lambda_oracle,oracle_lambda_only,oracle_joint,oracle omega on top of the oracle lambda,0.25271000776761654,0.24290169305193068,0.009808314715685856,-0.007225883698707729,0.025752521661152196,0.038812529833425646,-0.030722508015493376,0.10083223163429732,0.0,100.0,cell,
scm3,quality,100.0,5000.0,0.0,flexible,omega_alone,rct_only,omega_only,omega with lambda held at zero,0.3340301438001266,0.32857654297534494,0.005453600824781635,-0.007699461081221187,0.020039939674283802,0.01632667268510024,-0.026152613620853405,0.05724809489483908,0.0,100.0,cell,
scm3,quality,100.0,5000.0,0.0,flexible,omega_given_lambda,lambda_only,joint,omega on top of the selected lambda,0.20067756155662272,0.19859069467302515,0.0020868668835975768,-0.006911243334685009,0.011438813917951516,0.01039910425166668,-0.03692838327470149,0.05602660913072154,0.0,100.0,cell,
scm3,quality,100.0,5000.0,0.0,flexible,whole_method,rct_only,joint,both channels against the trial-only estimator,0.3340301438001266,0.19859069467302515,0.13543944912710143,0.0762399946611445,0.19400876834821099,0.4054707386173634,0.27648293107478594,0.5207844296034131,1.0,100.0,cell,
scm3,quality,100.0,5000.0,0.0,flexible,omega_alone_oracle,rct_only,oracle_omega_only,oracle omega with lambda at zero,0.3340301438001266,0.3277112403735326,0.006318903426593969,-0.006096348525467721,0.019578130536878662,0.018917165243550582,-0.02023940839177197,0.05586696715261917,0.0,100.0,cell,
scm3,quality,100.0,5000.0,0.0,flexible,omega_given_lambda_oracle,oracle_lambda_only,oracle_joint,oracle omega on top of the oracle lambda,0.19405564623194088,0.19089961793882845,0.0031560282931124284,-0.00578943435633855,0.01321008018773086,0.01626352211025206,-0.034218339565692674,0.06395735529165456,0.0,100.0,cell,
scm3,quality,100.0,5000.0,0.0,linear,omega_alone,rct_only,omega_only,omega with lambda held at zero,0.3224640132220712,0.3190807725422999,0.0033832406797713044,-0.0060679275709511465,0.013797688361447081,0.010491839526419855,-0.0189165390026942,0.04552211166638359,0.0,100.0,cell,
scm3,quality,100.0,5000.0,0.0,linear,omega_given_lambda,lambda_only,joint,omega on top of the selected lambda,0.2182194436356893,0.21411329215829622,0.004106151477393072,-0.003402949992059932,0.011680253581076445,0.018816616012678367,-0.016485133003259204,0.05492692939657232,0.0,100.0,cell,
scm3,quality,100.0,5000.0,0.0,linear,whole_method,rct_only,joint,both channels against the trial-only estimator,0.3224640132220712,0.21411329215829622,0.10835072106377497,0.03947918729237663,0.18234582986184988,0.33600872227921175,0.1601246498322357,0.47324796278918785,1.0,100.0,cell,
scm3,quality,100.0,5000.0,0.0,linear,omega_alone_oracle,rct_only,oracle_omega_only,oracle omega with lambda at zero,0.3224640132220712,0.32636633317411406,-0.0039023199520428764,-0.013365297709486657,0.004169709101804477,-0.012101567282037928,-0.03704497729712829,0.014602075974588307,0.0,100.0,cell,
scm3,quality,100.0,5000.0,0.0,linear,omega_given_lambda_oracle,oracle_lambda_only,oracle_joint,oracle omega on top of the oracle lambda,0.2296151060182027,0.2342857862622778,-0.004670680244075104,-0.01313808240964476,0.0033480899954270037,-0.0203413456765551,-0.052159213236450376,0.015920375587532665,0.0,100.0,cell,
scm3,quality,100.0,5000.0,1.0,linear,omega_alone,rct_only,omega_only,omega with lambda held at zero,0.2831399485790479,0.28797934676505094,-0.004839398186003041,-0.012913343959029903,0.00361258886353681,-0.017091894698327836,-0.04638333487224657,0.013424602500984456,0.0,100.0,cell,
scm3,quality,100.0,5000.0,1.0,linear,omega_given_lambda,lambda_only,joint,omega on top of the selected lambda,0.2169035343718125,0.2177234650334376,-0.0008199306616250845,-0.007627654329531058,0.007159480439379756,-0.0037801627529940873,-0.03517082934298389,0.0365265325320539,0.0,100.0,cell,
scm3,quality,100.0,5000.0,1.0,linear,whole_method,rct_only,joint,both channels against the trial-only estimator,0.2831399485790479,0.2177234650334376,0.0654164835456103,0.017875252657175468,0.10852247563830325,0.23103939897533432,0.07421299760631192,0.35782301223946855,1.0,100.0,cell,
scm3,quality,100.0,5000.0,1.0,linear,omega_alone_oracle,rct_only,oracle_omega_only,oracle omega with lambda at zero,0.2831399485790479,0.2884280798512528,-0.005288131272204899,-0.010520990263481965,-0.00035862809996736533,-0.01867674024362742,-0.038194329110428006,-0.0011535387822610114,0.0,100.0,cell,
scm3,quality,100.0,5000.0,1.0,linear,omega_given_lambda_oracle,oracle_lambda_only,oracle_joint,oracle omega on top of the oracle lambda,0.2121803171328002,0.21628678360410214,-0.004106466471301945,-0.00905584483679617,0.001038766554186635,-0.01935366355745316,-0.04342488954619175,0.004828953700484796,0.0,100.0,cell,
scm3,quality,100.0,5000.0,2.0,flexible,omega_alone,rct_only,omega_only,omega with lambda held at zero,0.3056849146017766,0.31059167414663924,-0.004906759544862638,-0.019924141112492116,0.01197308695850826,-0.016051690189732737,-0.07060603360685935,0.039444618717926656,0.0,100.0,cell,
scm3,quality,100.0,5000.0,2.0,flexible,omega_given_lambda,lambda_only,joint,omega on top of the selected lambda,0.21934266072751396,0.22345732244691155,-0.004114661719397589,-0.01606098190073175,0.008568461289225546,-0.01875905811368428,-0.07728034835650248,0.03957439255985126,0.0,100.0,cell,
scm3,quality,100.0,5000.0,2.0,flexible,whole_method,rct_only,joint,both channels against the trial-only estimator,0.3056849146017766,0.22345732244691155,0.08222759215486505,0.03170018447146975,0.1360265283415091,0.2689946027005782,0.11889335449911621,0.4033807973138949,1.0,100.0,cell,
scm3,quality,100.0,5000.0,2.0,flexible,omega_alone_oracle,rct_only,oracle_omega_only,oracle omega with lambda at zero,0.3056849146017766,0.30612453759141145,-0.0004396229896348469,-0.015498424865967812,0.016129262951708315,-0.0014381572941128962,-0.051618322516256226,0.05425916862369658,0.0,100.0,cell,
scm3,quality,100.0,5000.0,2.0,flexible,omega_given_lambda_oracle,oracle_lambda_only,oracle_joint,oracle omega on top of the oracle lambda,0.20635929449965434,0.20792368000535633,-0.0015643855057019818,-0.014664650505820978,0.012219958331980382,-0.0075808822156280264,-0.07758107699177812,0.058035471075665035,0.0,100.0,cell,
scm3,quality,100.0,5000.0,2.0,linear,omega_alone,rct_only,omega_only,omega with lambda held at zero,0.3306615762188281,0.3361286264688488,-0.0054670502500207,-0.019370049112115588,0.007613385276786231,-0.01653367262243588,-0.06390478009965933,0.022336335010779716,0.0,100.0,cell,
scm3,quality,100.0,5000.0,2.0,linear,omega_given_lambda,lambda_only,joint,omega on top of the selected lambda,0.22834640686343546,0.23489094238721572,-0.006544535523780259,-0.018748190656481065,0.003920289631180273,-0.028660558375653622,-0.08796349032890849,0.01623046411845528,0.0,100.0,cell,
scm3,quality,100.0,5000.0,2.0,linear,whole_method,rct_only,joint,both channels against the trial-only estimator,0.3306615762188281,0.23489094238721572,0.09577063383161236,0.02828873734388333,0.17066529713842946,0.28963339171961255,0.10974875908815003,0.4317407766235667,1.0,100.0,cell,
scm3,quality,100.0,5000.0,2.0,linear,omega_alone_oracle,rct_only,oracle_omega_only,oracle omega with lambda at zero,0.3306615762188281,0.3308520348434501,-0.00019045862462202523,-0.008069437711301211,0.008318538049851503,-0.0005759926109345503,-0.026559737465796863,0.023888020210179668,0.0,100.0,cell,
scm3,quality,100.0,5000.0,2.0,linear,omega_given_lambda_oracle,oracle_lambda_only,oracle_joint,oracle omega on top of the oracle lambda,0.22907699321191372,0.23322103342647313,-0.0041440402145594135,-0.011032596259946431,0.0026060664391705734,-0.018090163295996664,-0.04966240430415454,0.011259641517314534,0.0,100.0,cell,
scm3,rct_size,50.0,5000.0,1.0,flexible,omega_alone,rct_only,omega_only,omega with lambda held at zero,0.8882410492471903,0.9045841390065492,-0.016343089759358942,-0.06054111499702498,0.023811167576083526,-0.018399385812229996,-0.06694961164836248,0.02596251797818095,0.0,100.0,cell,
scm3,rct_size,50.0,5000.0,1.0,flexible,omega_given_lambda,lambda_only,joint,omega on top of the selected lambda,0.4491953684256105,0.45583580647051086,-0.0066404380449003875,-0.028589507754961156,0.01171045584667584,-0.014782961961906427,-0.06381146710088283,0.026944845578831974,0.0,100.0,cell,
scm3,rct_size,50.0,5000.0,1.0,flexible,whole_method,rct_only,joint,both channels against the trial-only estimator,0.8882410492471903,0.45583580647051086,0.4324052427766794,0.219419775234844,0.6794473074052563,0.48681069529848375,0.31685591687523124,0.6120495084240859,1.0,100.0,cell,
scm3,rct_size,50.0,5000.0,1.0,flexible,omega_alone_oracle,rct_only,oracle_omega_only,oracle omega with lambda at zero,0.8882410492471903,0.9108858070016392,-0.022644757754448963,-0.06630547115083063,0.018753346936833348,-0.025493932951692555,-0.07720543143725297,0.022626016598247603,0.0,100.0,cell,
scm3,rct_size,50.0,5000.0,1.0,flexible,omega_given_lambda_oracle,oracle_lambda_only,oracle_joint,oracle omega on top of the oracle lambda,0.45676277973287677,0.4592646498993479,-0.002501870166471132,-0.0271454407050432,0.022946778654642737,-0.005477395001261431,-0.06513728798295214,0.04916082893648847,0.0,100.0,cell,
scm3,rct_size,100.0,5000.0,1.0,flexible,omega_alone,rct_only,omega_only,omega with lambda held at zero,0.4146737058724191,0.4065969565960306,0.008076749276388462,-0.009117941789264634,0.025112825230273316,0.019477360541575783,-0.022291726135383123,0.061406415148794774,0.0,100.0,cell,
scm3,rct_size,100.0,5000.0,1.0,flexible,omega_given_lambda,lambda_only,joint,omega on top of the selected lambda,0.2520279575862538,0.24067942551048266,0.011348532075771134,-0.0011939703070374895,0.023603715835929358,0.04502886181540877,-0.005051846630134388,0.09556395083885012,0.0,100.0,cell,
scm3,rct_size,100.0,5000.0,1.0,flexible,whole_method,rct_only,joint,both channels against the trial-only estimator,0.4146737058724191,0.24067942551048266,0.17399428036193643,0.09432614579552918,0.26432801336791795,0.41959323173355123,0.274918071414003,0.5451819734108015,1.0,100.0,cell,
scm3,rct_size,100.0,5000.0,1.0,flexible,omega_alone_oracle,rct_only,oracle_omega_only,oracle omega with lambda at zero,0.4146737058724191,0.40533050334979615,0.00934320252262294,-0.012329545326095934,0.03224391220704465,0.022531456396460148,-0.029970400368381944,0.07671305378099746,0.0,100.0,cell,
scm3,rct_size,100.0,5000.0,1.0,flexible,omega_given_lambda_oracle,oracle_lambda_only,oracle_joint,oracle omega on top of the oracle lambda,0.24681509512833777,0.23124115012714733,0.015573945001190442,-0.0005909301737865927,0.032364036408831655,0.0630996454778926,-0.0024020865604855667,0.12023601995634266,0.0,100.0,cell,
scm3,rct_size,200.0,5000.0,1.0,flexible,omega_alone,rct_only,omega_only,omega with lambda held at zero,0.16807150128156031,0.16201942241336234,0.006052078868197974,-0.001266487124367994,0.014161439183998332,0.03600895346355759,-0.008083528878833,0.08477079587399018,0.0,100.0,cell,
scm3,rct_size,200.0,5000.0,1.0,flexible,omega_given_lambda,lambda_only,joint,omega on top of the selected lambda,0.1312716018250366,0.1257269640666976,0.005544637758339022,-0.0005251957854558928,0.011954981400466877,0.04223790737107869,-0.004331576598024877,0.0927191663588168,0.0,100.0,cell,
scm3,rct_size,200.0,5000.0,1.0,flexible,whole_method,rct_only,joint,both channels against the trial-only estimator,0.16807150128156031,0.1257269640666976,0.042344537214862726,0.01146689326524432,0.07490312110160117,0.25194358884154555,0.08853169096486595,0.3860837401533763,1.0,100.0,cell,
scm3,rct_size,200.0,5000.0,1.0,flexible,omega_alone_oracle,rct_only,oracle_omega_only,oracle omega with lambda at zero,0.16807150128156031,0.16192966386765983,0.0061418374139004805,-0.0026794876938472947,0.015451232766522553,0.03654300322820003,-0.01755353828651852,0.08574907051984498,0.0,100.0,cell,
scm3,rct_size,200.0,5000.0,1.0,flexible,omega_given_lambda_oracle,oracle_lambda_only,oracle_joint,oracle omega on top of the oracle lambda,0.12627542363164812,0.12183960854632454,0.004435815085323577,-0.003418276587461403,0.011407446898095988,0.03512809506197401,-0.02802558234427397,0.09050728475390589,0.0,100.0,cell,
scm3,rct_size,400.0,5000.0,1.0,flexible,omega_alone,rct_only,omega_only,omega with lambda held at zero,0.05421767801759677,0.05130872543883381,0.0029089525787629605,-0.0007808685002034382,0.0067110448441585575,0.05365321210950491,-0.016489797948657514,0.12388552333419278,0.0,100.0,cell,
scm3,rct_size,400.0,5000.0,1.0,flexible,omega_given_lambda,lambda_only,joint,omega on top of the selected lambda,0.050264741790050346,0.048064903736990294,0.002199838053060052,-0.0011598739621722673,0.0056160761030939295,0.043765032400812975,-0.02549016858897789,0.11033639727837963,0.0,100.0,cell,
scm3,rct_size,400.0,5000.0,1.0,flexible,whole_method,rct_only,joint,both channels against the trial-only estimator,0.05421767801759677,0.048064903736990294,0.006152774280606475,-0.0007494944885064725,0.012827016620599652,0.11348280681827694,-0.013798021211728084,0.23983932039356332,0.0,100.0,cell,
scm3,rct_size,400.0,5000.0,1.0,flexible,omega_alone_oracle,rct_only,oracle_omega_only,oracle omega with lambda at zero,0.05421767801759677,0.051626053895240026,0.0025916241223567435,-0.0007645170422320635,0.005909714238446274,0.04780035252552883,-0.015607791068378084,0.11253292365398312,0.0,100.0,cell,
scm3,rct_size,400.0,5000.0,1.0,flexible,omega_given_lambda_oracle,oracle_lambda_only,oracle_joint,oracle omega on top of the oracle lambda,0.04993844774857263,0.04826006043725894,0.0016783873113136935,-0.0017055950351942677,0.004982518438270604,0.03360912056706178,-0.03425305102878954,0.1005280063494177,0.0,100.0,cell,
star,obs_size,100.0,1000.0,1.0,flexible,omega_alone,rct_only,omega_only,omega with lambda held at zero,0.3954912516732377,0.42830585667568283,-0.03281460500244515,-0.10458489347667645,0.03692958660102528,-0.08297175946019952,-0.3266374233001219,0.07921995531158935,0.0,100.0,cell,
star,obs_size,100.0,1000.0,1.0,flexible,omega_given_lambda,lambda_only,joint,omega on top of the selected lambda,1.344711496368569,1.1927037732216073,0.15200772314696165,-0.06199463500348066,0.5080847249441276,0.11304114195309756,-0.2696437470462114,0.15025236235095632,0.0,100.0,cell,
star,obs_size,100.0,1000.0,1.0,flexible,whole_method,rct_only,joint,both channels against the trial-only estimator,0.3954912516732377,1.1927037732216073,-0.7972125215483696,-2.6003519165642532,0.17225987399252826,-2.015752606854226,-7.683631158009547,0.3895070228330421,0.0,100.0,cell,
star,obs_size,100.0,1000.0,1.0,flexible,omega_alone_oracle,rct_only,oracle_omega_only,oracle omega with lambda at zero,0.3954912516732377,0.4046955141222349,-0.009204262448997247,-0.03800908892855904,0.016282450479577004,-0.02327298621665075,-0.10191143908497469,0.036250052658684986,0.0,100.0,cell,
star,obs_size,100.0,1000.0,1.0,flexible,omega_given_lambda_oracle,oracle_lambda_only,oracle_joint,oracle omega on top of the oracle lambda,0.2672912812460205,0.2695726667324638,-0.002281385486443299,-0.008227053816319194,0.003154043934827631,-0.00853520352705961,-0.031778202793965954,0.01209169760809594,0.0,100.0,cell,
star,obs_size,100.0,20000.0,1.0,flexible,omega_alone,rct_only,omega_only,omega with lambda held at zero,3.882787600270642,3.8591052509814228,0.023682349289219307,-0.003581602225064447,0.07274095465823914,0.006099316194264293,-0.0037307290146157968,0.008870194777507789,0.0,100.0,cell,
star,obs_size,100.0,20000.0,1.0,flexible,omega_given_lambda,lambda_only,joint,omega on top of the selected lambda,0.26196603868908114,0.25989923204349163,0.002066806645589503,-0.002872580255028049,0.0072302437544608696,0.007889597659040515,-0.011435256738236633,0.028845089459734043,0.0,100.0,cell,
star,obs_size,100.0,20000.0,1.0,flexible,whole_method,rct_only,joint,both channels against the trial-only estimator,3.882787600270642,0.25989923204349163,3.6228883682271507,0.08334130782860838,9.516107277200074,0.9330637524377136,0.24868914412787685,0.9760965581085822,1.0,100.0,cell,
star,obs_size,100.0,20000.0,1.0,flexible,omega_alone_oracle,rct_only,oracle_omega_only,oracle omega with lambda at zero,3.882787600270642,3.877311132224053,0.005476468046588856,-0.0025499689322266315,0.015302717818828188,0.001410447495558853,-0.001817333810547228,0.011455908614058697,0.0,100.0,cell,
star,obs_size,100.0,20000.0,1.0,flexible,omega_given_lambda_oracle,oracle_lambda_only,oracle_joint,oracle omega on top of the oracle lambda,0.26366479703747653,0.26165272108495247,0.0020120759525240617,-0.004040198233988081,0.008163980973554249,0.007631189203608724,-0.016070210017961994,0.03244320277516277,0.0,100.0,cell,
star,quality,100.0,5000.0,0.0,flexible,omega_alone,rct_only,omega_only,omega with lambda held at zero,0.9340331178743331,0.9322536504701446,0.0017794674041884395,-0.03141296284930968,0.030478766767981728,0.0019051438007231525,-0.042143316339387935,0.05210597905536483,0.0,100.0,cell,
star,quality,100.0,5000.0,0.0,flexible,omega_given_lambda,lambda_only,joint,omega on top of the selected lambda,0.2145527464465405,0.2198347463770001,-0.005281999930459608,-0.03026992663943401,0.010508872147907909,-0.02461865447047873,-0.12840677512972354,0.05107851408020448,0.0,100.0,cell,
star,quality,100.0,5000.0,0.0,flexible,whole_method,rct_only,joint,both channels against the trial-only estimator,0.9340331178743331,0.2198347463770001,0.714198371497333,0.12604312199623857,1.640805819416127,0.7646392379776654,0.3573100178312975,0.8857192160856894,1.0,100.0,cell,
star,quality,100.0,5000.0,0.0,flexible,omega_alone_oracle,rct_only,oracle_omega_only,oracle omega with lambda at zero,0.9340331178743331,0.9324196375275872,0.0016134803467459102,-0.006137711313904446,0.008359621800871676,0.0017274337663935047,-0.008593330311923253,0.013537714644295502,0.0,100.0,cell,
star,quality,100.0,5000.0,0.0,flexible,omega_given_lambda_oracle,oracle_lambda_only,oracle_joint,oracle omega on top of the oracle lambda,0.19984696569240634,0.1995783913823602,0.00026857431004614907,-0.007473976292684194,0.006159372922944867,0.001343899864156728,-0.03603456500647187,0.032614293133858864,0.0,100.0,cell,
star,quality,100.0,5000.0,0.0,linear,omega_alone,rct_only,omega_only,omega with lambda held at zero,0.6059311637408482,0.6051816853124792,0.0007494784283690326,-0.018424669016767044,0.017760983552631723,0.001236903584463267,-0.02365189969518079,0.03276173686278093,0.0,100.0,cell,
star,quality,100.0,5000.0,0.0,linear,omega_given_lambda,lambda_only,joint,omega on top of the selected lambda,0.2026185417740696,0.20286835363261863,-0.0002498118585490261,-0.005963712759062722,0.00582524741407684,-0.0012329170685059232,-0.030235856037881287,0.03049570755855913,0.0,100.0,cell,
star,quality,100.0,5000.0,0.0,linear,whole_method,rct_only,joint,both channels against the trial-only estimator,0.6059311637408482,0.20286835363261863,0.4030628101082296,0.13432548577312167,0.7838668619799558,0.6651957090634412,0.37422101538084657,0.8131637118659715,1.0,100.0,cell,
star,quality,100.0,5000.0,0.0,linear,omega_alone_oracle,rct_only,oracle_omega_only,oracle omega with lambda at zero,0.6059311637408482,0.6042389196661396,0.001692244074708582,-0.005341911105515412,0.009403064238531869,0.002792799208842678,-0.008451624276522124,0.019003837317955817,0.0,100.0,cell,
star,quality,100.0,5000.0,0.0,linear,omega_given_lambda_oracle,oracle_lambda_only,oracle_joint,oracle omega on top of the oracle lambda,0.19854105948250966,0.19850939967597495,3.165980653471734e-05,-0.0027180810190957742,0.002769809282022607,0.0001594622624521147,-0.013968293316441099,0.015500535043519484,0.0,100.0,cell,
star,quality,100.0,5000.0,1.0,linear,omega_alone,rct_only,omega_only,omega with lambda held at zero,6.0716823412744105,6.04564307394614,0.026039267328270554,-0.003743127624290532,0.08058439523039079,0.004288641247131686,-0.0038059155303727444,0.01490230412668426,0.0,100.0,cell,
star,quality,100.0,5000.0,1.0,linear,omega_given_lambda,lambda_only,joint,omega on top of the selected lambda,0.2109441225449618,0.21170917498802977,-0.0007650524430679595,-0.00581142719029637,0.004811789541252134,-0.0036268014194369425,-0.029339452221486883,0.022043106018903216,0.0,100.0,cell,
star,quality,100.0,5000.0,1.0,linear,whole_method,rct_only,joint,both channels against the trial-only estimator,6.0716823412744105,0.21170917498802977,5.85997316628638,0.16429640673038748,14.94049821924484,0.9651317109347336,0.4615658334410845,0.9870180892722386,1.0,100.0,cell,
star,quality,100.0,5000.0,1.0,linear,omega_alone_oracle,rct_only,oracle_omega_only,oracle omega with lambda at zero,6.0716823412744105,6.043809281978787,0.027873059295623115,-0.008067024218861829,0.08412984468906914,0.004590664947364931,-0.009365168076145024,0.01543321311808093,0.0,100.0,cell,
star,quality,100.0,5000.0,1.0,linear,omega_given_lambda_oracle,oracle_lambda_only,oracle_joint,oracle omega on top of the oracle lambda,0.21437350259462087,0.21488536590630952,-0.0005118633116886484,-0.005078963017776744,0.004276365224764583,-0.0023877172574662264,-0.024425204656565704,0.019839972083853262,0.0,100.0,cell,
star,quality,100.0,5000.0,2.0,flexible,omega_alone,rct_only,omega_only,omega with lambda held at zero,3.832756157299688,3.835052809648076,-0.0022966523483876067,-0.013251913965163587,0.008976673114768229,-0.0005992169222697186,-0.007715515598966066,0.0024318020096487244,0.0,100.0,cell,
star,quality,100.0,5000.0,2.0,flexible,omega_given_lambda,lambda_only,joint,omega on top of the selected lambda,0.250993599483678,0.2510270309039849,-3.343142030692858e-05,-0.0062779344486766754,0.006058302751913134,-0.00013319630610375555,-0.02778870145399585,0.025655985343132223,0.0,100.0,cell,
star,quality,100.0,5000.0,2.0,flexible,whole_method,rct_only,joint,both channels against the trial-only estimator,3.832756157299688,0.2510270309039849,3.5817291263957034,0.6391296151624518,7.919142041276826,0.9345048261351324,0.7441901539381456,0.9688943685213585,1.0,100.0,cell,
star,quality,100.0,5000.0,2.0,flexible,omega_alone_oracle,rct_only,oracle_omega_only,oracle omega with lambda at zero,3.832756157299688,3.836012837208924,-0.003256679909235949,-0.015419473713810628,0.00606539950825077,-0.0008496966088054059,-0.002823253187088487,0.0034004903771408146,0.0,100.0,cell,
star,quality,100.0,5000.0,2.0,flexible,omega_given_lambda_oracle,oracle_lambda_only,oracle_joint,oracle omega on top of the oracle lambda,0.21474556984037912,0.2133794729853253,0.0013660968550538166,-0.0025241819638247573,0.005396781842166755,0.006361466995893017,-0.012153728270418367,0.025223312107346657,0.0,100.0,cell,
star,quality,100.0,5000.0,2.0,linear,omega_alone,rct_only,omega_only,omega with lambda held at zero,0.8301067998786967,0.82582260974247,0.004284190136226718,-0.007015065887150153,0.015361370046203623,0.005161010772171459,-0.013358947066119564,0.02791244970312845,0.0,100.0,cell,
star,quality,100.0,5000.0,2.0,linear,omega_given_lambda,lambda_only,joint,omega on top of the selected lambda,0.23875420941872075,0.23647147671185823,0.0022827327068625225,-0.003783406068799646,0.007932062767239628,0.009561015541548534,-0.016570894559774386,0.03743401620601902,0.0,100.0,cell,
star,quality,100.0,5000.0,2.0,linear,whole_method,rct_only,joint,both channels against the trial-only estimator,0.8301067998786967,0.23647147671185823,0.5936353231668385,0.12643832387955425,1.4099895335628732,0.7151312617287152,0.3991213638181029,0.8159112688513744,1.0,100.0,cell,
star,quality,100.0,5000.0,2.0,linear,omega_alone_oracle,rct_only,oracle_omega_only,oracle omega with lambda at zero,0.8301067998786967,0.823414160688169,0.0066926391905277605,-0.0009956631827877697,0.015202019255734658,0.00806238328791642,-0.001772416370552826,0.02626140638866608,0.0,100.0,cell,
star,quality,100.0,5000.0,2.0,linear,omega_given_lambda_oracle,oracle_lambda_only,oracle_joint,oracle omega on top of the oracle lambda,0.18538159483137878,0.18715388826556378,-0.0017722934341850016,-0.007015518684948591,0.0028634108307299777,-0.009560244833350717,-0.03936157508395094,0.0164546851072527,0.0,100.0,cell,
star,rct_size,50.0,5000.0,1.0,flexible,omega_alone,rct_only,omega_only,omega with lambda held at zero,0.9428932391334719,0.9418899200322787,0.001003319101193223,-0.027090111627801866,0.03425561910816426,0.0010640855820700512,-0.032010325251568224,0.03954308255259825,0.0,100.0,cell,
star,rct_size,50.0,5000.0,1.0,flexible,omega_given_lambda,lambda_only,joint,omega on top of the selected lambda,0.37954236393396673,0.3899336228194657,-0.010391258885498966,-0.025873348854069143,0.0011403228727530409,-0.02737839006374232,-0.07319102532185656,0.003136007002271122,0.0,100.0,cell,
star,rct_size,50.0,5000.0,1.0,flexible,whole_method,rct_only,joint,both channels against the trial-only estimator,0.9428932391334719,0.3899336228194657,0.5529596163140063,0.25138215674323733,0.9972030084027536,0.5864498687276425,0.3822624983715118,0.7435646137406141,1.0,100.0,cell,
star,rct_size,50.0,5000.0,1.0,flexible,omega_alone_oracle,rct_only,oracle_omega_only,oracle omega with lambda at zero,0.9428932391334719,0.9641857496862904,-0.021292510552818555,-0.04394327803278655,-0.003769352896192538,-0.02258210120626858,-0.038445156448611684,-0.005147177165880153,0.0,100.0,cell,
star,rct_size,50.0,5000.0,1.0,flexible,omega_given_lambda_oracle,oracle_lambda_only,oracle_joint,oracle omega on top of the oracle lambda,0.3692822396409931,0.3742748509813855,-0.004992611340392417,-0.015221538612121301,0.003466321720829804,-0.013519771070620967,-0.04167730448664711,0.010258025515454797,0.0,100.0,cell,
star,rct_size,100.0,5000.0,1.0,flexible,omega_alone,rct_only,omega_only,omega with lambda held at zero,1.0832031193200624,1.0840992373112586,-0.0008961179911961548,-0.01370736818263025,0.011905102374667851,-0.000827285275691203,-0.01958772607678556,0.011683389407877023,0.0,100.0,cell,
star,rct_size,100.0,5000.0,1.0,flexible,omega_given_lambda,lambda_only,joint,omega on top of the selected lambda,0.25754770081109324,0.2568889995849096,0.0006587012261836112,-0.00765018723795214,0.008815248019901155,0.0025575892314673165,-0.034510653543900996,0.04148625560052664,0.0,100.0,cell,
star,rct_size,100.0,5000.0,1.0,flexible,whole_method,rct_only,joint,both channels against the trial-only estimator,1.0832031193200624,0.2568889995849096,0.8263141197351528,0.19283999336385999,1.6097158330526347,0.7628431870227982,0.5209388272518092,0.8519538973069233,1.0,100.0,cell,
star,rct_size,100.0,5000.0,1.0,flexible,omega_alone_oracle,rct_only,oracle_omega_only,oracle omega with lambda at zero,1.0832031193200624,1.0513338049736467,0.03186931434641571,-0.013636944815094476,0.10631965295722542,0.0294213650034727,-0.010990527396056137,0.0964516927057112,0.0,100.0,cell,
star,rct_size,100.0,5000.0,1.0,flexible,omega_given_lambda_oracle,oracle_lambda_only,oracle_joint,oracle omega on top of the oracle lambda,0.199735257123163,0.19635809138579652,0.0033771657373664887,-0.003925942879091141,0.011503957237490755,0.016908210328054563,-0.019794095106122032,0.061477560702380675,0.0,100.0,cell,
star,rct_size,200.0,5000.0,1.0,flexible,omega_alone,rct_only,omega_only,omega with lambda held at zero,1.2077345108794348,1.2152934957124228,-0.007558984832988003,-0.021328561705734855,0.004019409060876664,-0.006258813311117439,-0.04774929702711729,0.005005890203396806,0.0,100.0,cell,
star,rct_size,200.0,5000.0,1.0,flexible,omega_given_lambda,lambda_only,joint,omega on top of the selected lambda,0.11889125225125928,0.119199447098746,-0.00030819484748671744,-0.006540909841539171,0.005780493275712223,-0.0025922415791819198,-0.056711217845084136,0.04749294156120341,0.0,100.0,cell,
star,rct_size,200.0,5000.0,1.0,flexible,whole_method,rct_only,joint,both channels against the trial-only estimator,1.2077345108794348,0.119199447098746,1.0885350637806888,0.08770774113418786,2.932385263089869,0.9013032698618932,0.45007244757515286,0.963543064563066,1.0,100.0,cell,
star,rct_size,200.0,5000.0,1.0,flexible,omega_alone_oracle,rct_only,oracle_omega_only,oracle omega with lambda at zero,1.2077345108794348,1.2082165447851527,-0.0004820339057178824,-0.004922539499079309,0.004024725736132772,-0.0003991224075949873,-0.007571867952547695,0.008318114219173903,0.0,100.0,cell,
star,rct_size,200.0,5000.0,1.0,flexible,omega_given_lambda_oracle,oracle_lambda_only,oracle_joint,oracle omega on top of the oracle lambda,0.10570202212746473,0.10421642960882985,0.001485592518634879,-0.0010212255669717323,0.004824099507772316,0.014054532626097016,-0.010934583704115925,0.04171783638006103,0.0,100.0,cell,
star,rct_size,400.0,5000.0,1.0,flexible,omega_alone,rct_only,omega_only,omega with lambda held at zero,3.6914454028403254,3.686423080638741,0.005022322201584384,-0.0065508584459756936,0.01857345990895707,0.0013605299966565898,-0.0023748248160429366,0.007692771062154818,0.0,100.0,cell,
star,rct_size,400.0,5000.0,1.0,flexible,omega_given_lambda,lambda_only,joint,omega on top of the selected lambda,0.46267873614257665,0.46168903628516467,0.0009896998574119853,-0.0025799677271452315,0.005833681942049629,0.0021390649279957596,-0.02745783419203183,0.017836058944988756,0.0,100.0,cell,
star,rct_size,400.0,5000.0,1.0,flexible,whole_method,rct_only,joint,both channels against the trial-only estimator,3.6914454028403254,0.46168903628516467,3.2297563665551605,0.9393684790492788,7.1401927380869425,0.8749300109030665,0.6410276418296762,0.9862345850361045,1.0,100.0,cell,
star,rct_size,400.0,5000.0,1.0,flexible,omega_alone_oracle,rct_only,oracle_omega_only,oracle omega with lambda at zero,3.6914454028403254,3.686144589603677,0.005300813236648327,-0.012534530785110841,0.03222052822616184,0.001435972270528385,-0.004690277681773325,0.012242646333990555,0.0,100.0,cell,
star,rct_size,400.0,5000.0,1.0,flexible,omega_given_lambda_oracle,oracle_lambda_only,oracle_joint,oracle omega on top of the oracle lambda,0.0650178828320166,0.06686187129105238,-0.0018439884590357863,-0.004360004935452304,0.000495772549140579,-0.02836125045474036,-0.06761735244680342,0.008175198888929166,0.0,100.0,cell,
,,,,,,omega_alone,rct_only,omega_only,omega with lambda held at zero,,,,,,0.011768325539695696,0.0024055036574457994,0.01976052073844082,1.0,,pooled,44.0
,,,,,,omega_given_lambda,lambda_only,joint,omega on top of the selected lambda,,,,,,0.02338584173549279,0.010423953522456572,0.03189842446574992,1.0,,pooled,44.0
,,,,,,whole_method,rct_only,joint,both channels against the trial-only estimator,,,,,,0.3799383896824385,0.2307453112599382,0.4392696201338458,1.0,,pooled,44.0
,,,,,,omega_alone_oracle,rct_only,oracle_omega_only,oracle omega with lambda at zero,,,,,,0.023153118218324914,0.014188321108363556,0.03178944666785328,1.0,,pooled,44.0
,,,,,,omega_given_lambda_oracle,oracle_lambda_only,oracle_joint,oracle omega on top of the oracle lambda,,,,,,0.03174927626400672,0.021109943041095064,0.04099847621607021,1.0,,pooled,44.0
,,,,,,omega_alone,rct_only,omega_only,omega with lambda held at zero,,,,,,0.029808754999596353,0.011106616878758796,0.04819367038547247,1.0,,pooled:scm1,11.0
,,,,,,omega_given_lambda,lambda_only,joint,omega on top of the selected lambda,,,,,,0.04823229094769646,0.022731254143361402,0.07118632915531911,1.0,,pooled:scm1,11.0
,,,,,,whole_method,rct_only,joint,both channels against the trial-only estimator,,,,,,0.3440946217814137,0.2961770126536851,0.37786340265366897,1.0,,pooled:scm1,11.0
,,,,,,omega_alone_oracle,rct_only,oracle_omega_only,oracle omega with lambda at zero,,,,,,0.058615387190641424,0.0361235718848973,0.07992071781652542,1.0,,pooled:scm1,11.0
,,,,,,omega_given_lambda_oracle,oracle_lambda_only,oracle_joint,oracle omega on top of the oracle lambda,,,,,,0.07620133630103054,0.047398755792457614,0.10113247591330896,1.0,,pooled:scm1,11.0
,,,,,,omega_alone,rct_only,omega_only,omega with lambda held at zero,,,,,,0.01686013056813435,-0.0026726001600071323,0.03717765971196781,0.0,,pooled:scm2,11.0
,,,,,,omega_given_lambda,lambda_only,joint,omega on top of the selected lambda,,,,,,0.027484049471045404,0.0034345246089212854,0.04993397733550298,1.0,,pooled:scm2,11.0
,,,,,,whole_method,rct_only,joint,both channels against the trial-only estimator,,,,,,0.3048680491263549,0.2483396599999416,0.34682786610546423,1.0,,pooled:scm2,11.0
,,,,,,omega_alone_oracle,rct_only,oracle_omega_only,oracle omega with lambda at zero,,,,,,0.025140710875270252,0.001767844950308049,0.04696082576551635,1.0,,pooled:scm2,11.0
,,,,,,omega_given_lambda_oracle,oracle_lambda_only,oracle_joint,oracle omega on top of the oracle lambda,,,,,,0.04308798745740529,0.015975966332983867,0.06923049621922174,1.0,,pooled:scm2,11.0
,,,,,,omega_alone,rct_only,omega_only,omega with lambda held at zero,,,,,,0.006726366026670023,-0.007485389113921645,0.020327902676876786,0.0,,pooled:scm3,11.0
,,,,,,omega_given_lambda,lambda_only,joint,omega on top of the selected lambda,,,,,,0.010953734849983835,-0.004426917952125552,0.024959574381794015,0.0,,pooled:scm3,11.0
,,,,,,whole_method,rct_only,joint,both channels against the trial-only estimator,,,,,,0.3173872307366602,0.2688024129084504,0.3536391432612296,1.0,,pooled:scm3,11.0
,,,,,,omega_alone_oracle,rct_only,oracle_omega_only,oracle omega with lambda at zero,,,,,,0.008643905758228185,-0.005637554893984698,0.020950341833245588,0.0,,pooled:scm3,11.0
,,,,,,omega_given_lambda_oracle,oracle_lambda_only,oracle_joint,oracle omega on top of the oracle lambda,,,,,,0.009153729103316084,-0.00731796113988875,0.024373436078603407,0.0,,pooled:scm3,11.0
,,,,,,omega_alone,rct_only,omega_only,omega with lambda held at zero,,,,,,-0.006321949435617945,-0.028194491803292327,0.009315013138896537,0.0,,pooled:star,11.0
,,,,,,omega_given_lambda,lambda_only,joint,omega on top of the selected lambda,,,,,,0.006873291673245463,-0.025293731425015453,0.018881779919291564,0.0,,pooled:star,11.0
,,,,,,whole_method,rct_only,joint,both channels against the trial-only estimator,,,,,,0.553403657085325,0.012938139597094205,0.7702660419703967,1.0,,pooled:star,11.0
,,,,,,omega_alone_oracle,rct_only,oracle_omega_only,oracle omega with lambda at zero,,,,,,0.0002124690491597952,-0.00880683885013998,0.009252177536875543,0.0,,pooled:star,11.0
,,,,,,omega_given_lambda_oracle,oracle_lambda_only,oracle_joint,oracle omega on top of the oracle lambda,,,,,,-0.0014459478057250656,-0.00973889839928931,0.006950217613596771,0.0,,pooled:star,11.0
