estimator,quantity,value,low,high,cells
adaptive,covered,0.4288636363636364,0.4163636363636364,0.44181818181818183,44
adaptive,ci_length,0.855030149818267,0.817296394093885,0.8970098706953802,44
adaptive,variance_hat,0.17586265600644463,0.10343424637205154,0.27099148313035565,44
adaptive,error,0.19917861513907054,0.185623408771987,0.21230146388000262,44
fixed_half,covered,0.9406818181818183,0.9336363636363636,0.9477272727272726,44
fixed_half,ci_length,1.853934924753188,1.820129709098073,1.8932293161851237,44
fixed_half,variance_hat,0.33536544684786807,0.28214474074551066,0.4040086149105385,44
fixed_half,error,0.008426882800305468,-0.008909290114174392,0.025538456457685817,44
joint,covered,0.9422727272727274,0.9349999999999999,0.949090909090909,44
joint,ci_length,1.705727596030744,1.6874009439622535,1.7294867138373489,44
joint,variance_hat,0.2325539649332472,0.20366130809676922,0.2801206878762303,44
joint,error,0.016480564278531833,0.00270831193404242,0.03106148906697727,44
joint_cross_fitted,covered,0.9500000000000001,0.9275,0.97,4
joint_cross_fitted,ci_length,0.9592389025167709,0.9438531790695959,0.9776519399875266,4
joint_cross_fitted,variance_hat,0.06241687408877794,0.059221877517958016,0.06694108924612409,4
joint_cross_fitted,error,0.012494631677766916,-0.010701023395079454,0.03523014357827207,4
lambda_only,covered,0.9438636363636365,0.936818181818182,0.9502272727272728,44
lambda_only,ci_length,1.7235482611659092,1.7042777914906362,1.7479779470959198,44
lambda_only,variance_hat,0.23925817561353288,0.20675126792548132,0.2946402039311587,44
lambda_only,error,0.01632429973725852,0.0012020864619690739,0.03036631282076878,44
naive_pool,covered,0.22181818181818183,0.2140909090909091,0.22955113636363636,44
naive_pool,ci_length,1.0195695843392547,0.7520766175949437,1.441698630562092,44
naive_pool,variance_hat,9.185593645048344,1.1348093933812329,24.551551492780902,44
naive_pool,error,0.15218027835164916,0.05201536496439552,0.22518935454056976,44
obs_transported,covered,0.2697727272727273,0.26113636363636367,0.2790965909090909,44
obs_transported,ci_length,0.5996060224470027,0.5823494994165972,0.6183553134561828,44
obs_transported,variance_hat,0.05317563541660224,0.03996988841862057,0.07274046758779873,44
obs_transported,error,0.29072509766819443,0.28362268412297165,0.2977689270914541,44
omega_only,covered,0.9422727272727274,0.9354545454545454,0.9493181818181818,44
omega_only,ci_length,2.254099147316465,2.186173429284258,2.331016409043289,44
omega_only,variance_hat,0.7442476347859694,0.5246354770491217,1.0103094558400396,44
omega_only,error,0.00734420699972696,-0.018123263310900046,0.033392949631255754,44
oracle_joint,covered,0.940909090909091,0.9338636363636363,0.9475,44
oracle_joint,ci_length,1.6519934273142314,1.6428522194399866,1.6608536378185155,44
oracle_joint,variance_hat,0.19296768652977248,0.19063384567106004,0.19545142029449747,44
oracle_joint,error,0.01409566770299606,0.001376534749848858,0.0269621146379843,44
oracle_lambda_only,covered,0.9429545454545456,0.9361363636363635,0.9497784090909092,44
oracle_lambda_only,ci_length,1.680426800220828,1.6716300258483348,1.6895880179610405,44
oracle_lambda_only,variance_hat,0.19894374440673254,0.1965739907772574,0.20138098653925932,44
oracle_lambda_only,error,0.015881880682818057,0.002829680868684995,0.029375166090738886,44
oracle_omega_only,covered,0.9413636363636363,0.9340909090909092,0.9479545454545454,44
oracle_omega_only,ci_length,2.2442336858335517,2.1742885877468106,2.318472630574326,44
oracle_omega_only,variance_hat,0.7397064468639607,0.52890217062371,0.999705059438388,44
oracle_omega_only,error,0.005401729478631656,-0.01967432519583554,0.032504678549827866,44
rct_only,covered,0.941590909090909,0.9345454545454545,0.9484090909090909,44
rct_only,ci_length,2.268561735058465,2.2027732227539856,2.3473842117037385,44
rct_only,variance_hat,0.7473729985476284,0.5464723641652444,1.011290964126152,44
rct_only,error,0.007187942458453648,-0.018070193200259377,0.034603801926288334,44
semi_supervised,covered,0.9404545454545453,0.9331818181818184,0.9475,44
semi_supervised,ci_length,2.2825714282429,2.213567244896745,2.3617386197136643,44
semi_supervised,variance_hat,0.7604986740273082,0.5512807825322154,1.047671542585665,44
semi_supervised,error,0.007443630431808044,-0.01800431750650501,0.03339346372698995,44
shrinkage,covered,0.5797727272727272,0.5661363636363637,0.5934090909090909,44
shrinkage,ci_length,1.0035451623900327,0.9654358756987332,1.0443218522788462,44
shrinkage,variance_hat,0.18939712513732815,0.13093147670966512,0.267054962761013,44
shrinkage,error,0.1730919873018258,0.1587104077909463,0.18656152783168822,44
