outcome,n_rct,alpha,estimator,metric,value,monte_carlo_se,replications
mathk,200,0.4,adaptive,rmse,0.09699800873374742,0.007471790785627473,100
mathk,200,0.4,adaptive,bias,0.009119078244272959,0.009705489496492954,100
mathk,200,0.4,adaptive,coverage,0.87,0.033799766898963114,100
mathk,200,0.4,adaptive,estimate,0.17688373581155617,0.009705489496492954,100
mathk,200,0.4,adaptive,ci_length,0.3232921554933992,0.0021323291147069988,100
mathk,200,0.4,fixed_half,rmse,0.08821991560665694,0.005741433364611454,100
mathk,200,0.4,fixed_half,bias,-0.023294136984824715,0.008551765540304667,100
mathk,200,0.4,fixed_half,coverage,0.94,0.023868325657594204,100
mathk,200,0.4,fixed_half,estimate,0.1444705205824585,0.008551765540304667,100
mathk,200,0.4,fixed_half,ci_length,0.33336736580451154,0.0013491557634800482,100
mathk,200,0.4,joint,rmse,0.0885470095246985,0.005721249702089038,100
mathk,200,0.4,joint,bias,-0.023282208234119462,0.008586171449293809,100
mathk,200,0.4,joint,coverage,0.94,0.023868325657594204,100
mathk,200,0.4,joint,estimate,0.14448244933316373,0.008586171449293809,100
mathk,200,0.4,joint,ci_length,0.3322800658283803,0.0013795758808584668,100
mathk,200,0.4,lambda_only,rmse,0.08861602459519045,0.005756567702515273,100
mathk,200,0.4,lambda_only,bias,-0.023231107598006225,0.008594757301927904,100
mathk,200,0.4,lambda_only,coverage,0.93,0.02564323999762428,100
mathk,200,0.4,lambda_only,estimate,0.14453354996927698,0.008594757301927904,100
mathk,200,0.4,lambda_only,ci_length,0.33224566116076515,0.001378008449064889,100
mathk,200,0.4,naive_pool,rmse,0.12373637039558573,0.006803469244738758,100
mathk,200,0.4,naive_pool,bias,0.09858396695822741,0.007515566886857934,100
mathk,200,0.4,naive_pool,coverage,0.74,0.04408440022768081,100
mathk,200,0.4,naive_pool,estimate,0.26634862452551067,0.007515566886857933,100
mathk,200,0.4,naive_pool,ci_length,0.2872737497921338,0.0011787596632960166,100
mathk,200,0.4,obs_transported,rmse,0.4552267245722367,0.012787174203954093,100
mathk,200,0.4,obs_transported,bias,0.4339000148992244,0.01383968376880056,100
mathk,200,0.4,obs_transported,coverage,0.12,0.032659863237109045,100
mathk,200,0.4,obs_transported,estimate,0.6016646724665078,0.01383968376880056,100
mathk,200,0.4,obs_transported,ci_length,0.560784750712854,0.005181458802914507,100
mathk,200,0.4,omega_only,rmse,0.08812860096367588,0.006020855332141464,100
mathk,200,0.4,omega_only,bias,-0.022134805345526767,0.008573332331949169,100
mathk,200,0.4,omega_only,coverage,0.93,0.02564323999762428,100
mathk,200,0.4,omega_only,estimate,0.14562985222175642,0.008573332331949169,100
mathk,200,0.4,omega_only,ci_length,0.33366427127268605,0.00138923508032246,100
mathk,200,0.4,rct_only,rmse,0.08823946561402746,0.006052476725572895,100
mathk,200,0.4,rct_only,bias,-0.022083704709413544,0.00858617239199259,100
mathk,200,0.4,rct_only,coverage,0.93,0.02564323999762428,100
mathk,200,0.4,rct_only,estimate,0.14568095285786964,0.00858617239199259,100
mathk,200,0.4,rct_only,ci_length,0.333631311107647,0.0013890338560477971,100
mathk,200,0.4,semi_supervised,rmse,0.08851760689010524,0.006084357983758659,100
mathk,200,0.4,semi_supervised,bias,-0.022485267735611644,0.008604543939580551,100
mathk,200,0.4,semi_supervised,coverage,0.93,0.02564323999762428,100
mathk,200,0.4,semi_supervised,estimate,0.1452793898316716,0.008604543939580551,100
mathk,200,0.4,semi_supervised,ci_length,0.33362574380580495,0.0013907734135231542,100
mathk,200,0.4,shrinkage,rmse,0.08478679733990968,0.006574613955978262,100
mathk,200,0.4,shrinkage,bias,0.006202182043020777,0.008498564311946125,100
mathk,200,0.4,shrinkage,coverage,0.91,0.028762349126466143,100
mathk,200,0.4,shrinkage,estimate,0.17396683961030399,0.008498564311946125,100
mathk,200,0.4,shrinkage,ci_length,0.3175327190716074,0.0016232607372666096,100
mathk,200,0.8,adaptive,rmse,0.08013948311414687,0.005495916404849875,100
mathk,200,0.8,adaptive,bias,0.0015309724195722314,0.00805285122807735,100
mathk,200,0.8,adaptive,coverage,0.98,0.014070529413628966,100
mathk,200,0.8,adaptive,estimate,0.1692956299868554,0.00805285122807735,100
mathk,200,0.8,adaptive,ci_length,0.33369740393488384,0.001490505575925238,100
mathk,200,0.8,fixed_half,rmse,0.0790350416339812,0.005687600393259433,100
mathk,200,0.8,fixed_half,bias,0.00203321085573914,0.007940691685327338,100
mathk,200,0.8,fixed_half,coverage,0.98,0.014070529413628966,100
mathk,200,0.8,fixed_half,estimate,0.16979786842302236,0.00794069168532734,100
mathk,200,0.8,fixed_half,ci_length,0.33316961424123304,0.0014662228122424793,100
mathk,200,0.8,joint,rmse,0.07957545865243515,0.0056467635509507876,100
mathk,200,0.8,joint,bias,0.0029170795626332936,0.007992259049407443,100
mathk,200,0.8,joint,coverage,0.98,0.014070529413628966,100
mathk,200,0.8,joint,estimate,0.17068173712991647,0.007992259049407443,100
mathk,200,0.8,joint,ci_length,0.3322943839457283,0.001464972531822405,100
mathk,200,0.8,lambda_only,rmse,0.07974862125066533,0.005644307368798456,100
mathk,200,0.8,lambda_only,bias,0.0029782138815147873,0.008009446968549092,100
mathk,200,0.8,lambda_only,coverage,0.98,0.014070529413628966,100
mathk,200,0.8,lambda_only,estimate,0.17074287144879802,0.00800944696854909,100
mathk,200,0.8,lambda_only,ci_length,0.33227771401988176,0.0014644619327028462,100
mathk,200,0.8,naive_pool,rmse,0.23796994677753272,0.00646895044251238,100
mathk,200,0.8,naive_pool,bias,0.22762131518187118,0.006976318125461778,100
mathk,200,0.8,naive_pool,coverage,0.11,0.031446603773522014,100
mathk,200,0.8,naive_pool,estimate,0.3953859727491544,0.006976318125461778,100
mathk,200,0.8,naive_pool,ci_length,0.2827297888147223,0.0012404670598968705,100
mathk,200,0.8,obs_transported,rmse,0.8525769941556588,0.013428936922659883,100
mathk,200,0.8,obs_transported,bias,0.8414038188118367,0.013826904184116084,100
mathk,200,0.8,obs_transported,coverage,0.0,0.0,100
mathk,200,0.8,obs_transported,estimate,1.0091684763791202,0.013826904184116084,100
mathk,200,0.8,obs_transported,ci_length,0.5220738056616747,0.004832724085541977,100
mathk,200,0.8,omega_only,rmse,0.07997598517158015,0.0054924061013660475,100
mathk,200,0.8,omega_only,bias,0.0014698381006907385,0.008036531351450962,100
mathk,200,0.8,omega_only,coverage,0.98,0.014070529413628966,100
mathk,200,0.8,omega_only,estimate,0.1692344956679739,0.008036531351450962,100
mathk,200,0.8,omega_only,ci_length,0.33371512755268545,0.0014907129723894645,100
mathk,200,0.8,rct_only,rmse,0.08013948311414687,0.005495916404849875,100
mathk,200,0.8,rct_only,bias,0.0015309724195722314,0.00805285122807735,100
mathk,200,0.8,rct_only,coverage,0.98,0.014070529413628966,100
mathk,200,0.8,rct_only,estimate,0.1692956299868554,0.00805285122807735,100
mathk,200,0.8,rct_only,ci_length,0.33369740393488384,0.001490505575925238,100
mathk,200,0.8,semi_supervised,rmse,0.0800414831617913,0.005558569251023361,100
mathk,200,0.8,semi_supervised,bias,0.0016407030929867538,0.00804278151801132,100
mathk,200,0.8,semi_supervised,coverage,0.98,0.014070529413628966,100
mathk,200,0.8,semi_supervised,estimate,0.16940536066026993,0.008042781518011322,100
mathk,200,0.8,semi_supervised,ci_length,0.33373372049396866,0.0014902705316649377,100
mathk,200,0.8,shrinkage,rmse,0.08040244937051608,0.005212120792853748,100
mathk,200,0.8,shrinkage,bias,0.010961957106249517,0.00800529456185165,100
mathk,200,0.8,shrinkage,coverage,0.97,0.01714466079977653,100
mathk,200,0.8,shrinkage,estimate,0.1787266146735327,0.008005294561851648,100
mathk,200,0.8,shrinkage,ci_length,0.33005042454114353,0.001493805437064013,100
mathk,400,0.4,adaptive,rmse,0.09608082784798233,0.006587527421859726,100
mathk,400,0.4,adaptive,bias,0.019192187353816177,0.009461877482841306,100
mathk,400,0.4,adaptive,coverage,0.89,0.031446603773522014,100
mathk,400,0.4,adaptive,estimate,0.1869568449210994,0.009461877482841306,100
mathk,400,0.4,adaptive,ci_length,0.31189340570897905,0.0020073533100882363,100
mathk,400,0.4,fixed_half,rmse,0.08401901675124653,0.004660533314729434,100
mathk,400,0.4,fixed_half,bias,-0.0016961542584099554,0.008442508026861176,100
mathk,400,0.4,fixed_half,coverage,0.96,0.019694638556693237,100
mathk,400,0.4,fixed_half,estimate,0.16606850330887327,0.008442508026861176,100
mathk,400,0.4,fixed_half,ci_length,0.3190253372408236,0.0013400429636091804,100
mathk,400,0.4,joint,rmse,0.08406330928766403,0.004639133913142107,100
mathk,400,0.4,joint,bias,-0.001961655025334903,0.008446379822181571,100
mathk,400,0.4,joint,coverage,0.96,0.019694638556693237,100
mathk,400,0.4,joint,estimate,0.16580300254194832,0.008446379822181571,100
mathk,400,0.4,joint,ci_length,0.31835202613599245,0.0013171574520260988,100
mathk,400,0.4,lambda_only,rmse,0.08400221628918052,0.004640337055938762,100
mathk,400,0.4,lambda_only,bias,-0.0020065998937659813,0.00844013134703232,100
mathk,400,0.4,lambda_only,coverage,0.96,0.019694638556693237,100
mathk,400,0.4,lambda_only,estimate,0.1657580576735172,0.00844013134703232,100
mathk,400,0.4,lambda_only,ci_length,0.3183622979721624,0.0013148383589383556,100
mathk,400,0.4,naive_pool,rmse,0.13495800498884042,0.007732459018368325,100
mathk,400,0.4,naive_pool,bias,0.10691293788121933,0.008277562970405872,100
mathk,400,0.4,naive_pool,coverage,0.67,0.04725815626252607,100
mathk,400,0.4,naive_pool,estimate,0.2746775954485025,0.00827756297040587,100
mathk,400,0.4,naive_pool,ci_length,0.27806163086340285,0.001031160657612424,100
mathk,400,0.4,obs_transported,rmse,0.4612949556865764,0.014928744778475026,100
mathk,400,0.4,obs_transported,bias,0.43662394389493747,0.0149587202227373,100
mathk,400,0.4,obs_transported,coverage,0.14,0.0348735088019777,100
mathk,400,0.4,obs_transported,estimate,0.6043886014622207,0.0149587202227373,100
mathk,400,0.4,obs_transported,ci_length,0.5626686680989355,0.005040106669245838,100
mathk,400,0.4,omega_only,rmse,0.08540256307146174,0.004706085557897746,100
mathk,400,0.4,omega_only,bias,-0.0018888524570749368,0.008581180969070835,100
mathk,400,0.4,omega_only,coverage,0.96,0.019694638556693237,100
mathk,400,0.4,omega_only,estimate,0.16587580511020822,0.008581180969070835,100
mathk,400,0.4,omega_only,ci_length,0.3195233904381679,0.0013292353228020407,100
mathk,400,0.4,rct_only,rmse,0.08535174308217151,0.0047068712095527454,100
mathk,400,0.4,rct_only,bias,-0.001933797325506014,0.008575970937797555,100
mathk,400,0.4,rct_only,coverage,0.96,0.019694638556693237,100
mathk,400,0.4,rct_only,estimate,0.16583086024177715,0.008575970937797555,100
mathk,400,0.4,rct_only,ci_length,0.31953695849705044,0.001327306865481423,100
mathk,400,0.4,semi_supervised,rmse,0.08556584663166289,0.004711923080110101,100
mathk,400,0.4,semi_supervised,bias,-0.002195545635965162,0.008596859709227427,100
mathk,400,0.4,semi_supervised,coverage,0.96,0.019694638556693237,100
mathk,400,0.4,semi_supervised,estimate,0.16556911193131804,0.008596859709227427,100
mathk,400,0.4,semi_supervised,ci_length,0.31953263633873374,0.0013261196532262849,100
mathk,400,0.4,shrinkage,rmse,0.09151773464365832,0.00615091384171571,100
mathk,400,0.4,shrinkage,bias,0.020683304615115503,0.008959897560124967,100
mathk,400,0.4,shrinkage,coverage,0.92,0.027265992434429072,100
mathk,400,0.4,shrinkage,estimate,0.1884479621823987,0.008959897560124967,100
mathk,400,0.4,shrinkage,ci_length,0.306747173584291,0.0016177370326733507,100
mathk,400,0.8,adaptive,rmse,0.0797676652366734,0.005929996574880311,100
mathk,400,0.8,adaptive,bias,0.0014568357205085255,0.008015614841218486,100
mathk,400,0.8,adaptive,coverage,0.95,0.021904291355759036,100
mathk,400,0.8,adaptive,estimate,0.1692214932877917,0.008015614841218488,100
mathk,400,0.8,adaptive,ci_length,0.31823948684875375,0.0012072643088872881,100
mathk,400,0.8,fixed_half,rmse,0.08031175786869045,0.006238186618586981,100
mathk,400,0.8,fixed_half,bias,0.0009439493061099355,0.008071077814489337,100
mathk,400,0.8,fixed_half,coverage,0.94,0.023868325657594204,100
mathk,400,0.8,fixed_half,estimate,0.16870860687339317,0.008071077814489338,100
mathk,400,0.8,fixed_half,ci_length,0.3187579838442469,0.001159097978828081,100
mathk,400,0.8,joint,rmse,0.07927717502696542,0.0062254028026913185,100
mathk,400,0.8,joint,bias,0.0005399199659681578,0.007967471093332913,100
mathk,400,0.8,joint,coverage,0.95,0.021904291355759036,100
mathk,400,0.8,joint,estimate,0.16830457753325137,0.007967471093332913,100
mathk,400,0.8,joint,ci_length,0.3172439063401938,0.001162658203217481,100
mathk,400,0.8,lambda_only,rmse,0.07911148357518862,0.006196586672796159,100
mathk,400,0.8,lambda_only,bias,0.0004339271499904554,0.007950883656306359,100
mathk,400,0.8,lambda_only,coverage,0.95,0.021904291355759036,100
mathk,400,0.8,lambda_only,estimate,0.16819858471727367,0.007950883656306359,100
mathk,400,0.8,lambda_only,ci_length,0.3172151253352454,0.001160867606494131,100
mathk,400,0.8,naive_pool,rmse,0.2310261393973489,0.007240474174507696,100
mathk,400,0.8,naive_pool,bias,0.21944360183056572,0.007259673240602317,100
mathk,400,0.8,naive_pool,coverage,0.1,0.03015113445777636,100
mathk,400,0.8,naive_pool,estimate,0.3872082593978488,0.007259673240602319,100
mathk,400,0.8,naive_pool,ci_length,0.27509561806665567,0.0010403037011175289,100
mathk,400,0.8,obs_transported,rmse,0.8752150877907084,0.01447317026574783,100
mathk,400,0.8,obs_transported,bias,0.8634990693998784,0.01434453651037182,100
mathk,400,0.8,obs_transported,coverage,0.0,0.0,100
mathk,400,0.8,obs_transported,estimate,1.0312637269671614,0.014344536510371823,100
mathk,400,0.8,obs_transported,ci_length,0.5314774030418661,0.005070962010431045,100
mathk,400,0.8,omega_only,rmse,0.07992260902074352,0.005959492599203686,100
mathk,400,0.8,omega_only,bias,0.0015628285364862327,0.008030988592584604,100
mathk,400,0.8,omega_only,coverage,0.95,0.021904291355759036,100
mathk,400,0.8,omega_only,estimate,0.16932748610376944,0.008030988592584604,100
mathk,400,0.8,omega_only,ci_length,0.31826909051767116,0.0012088065718435666,100
mathk,400,0.8,rct_only,rmse,0.0797676652366734,0.005929996574880311,100
mathk,400,0.8,rct_only,bias,0.0014568357205085255,0.008015614841218486,100
mathk,400,0.8,rct_only,coverage,0.95,0.021904291355759036,100
mathk,400,0.8,rct_only,estimate,0.1692214932877917,0.008015614841218488,100
mathk,400,0.8,rct_only,ci_length,0.31823948684875375,0.0012072643088872881,100
mathk,400,0.8,semi_supervised,rmse,0.0797185549394775,0.005931574037692505,100
mathk,400,0.8,semi_supervised,bias,0.001624006363685344,0.008010353530684997,100
mathk,400,0.8,semi_supervised,coverage,0.95,0.021904291355759036,100
mathk,400,0.8,semi_supervised,estimate,0.16938866393096852,0.008010353530684997,100
mathk,400,0.8,semi_supervised,ci_length,0.3182658160325184,0.0012080556057363762,100
mathk,400,0.8,shrinkage,rmse,0.07960083074536485,0.00610503821457731,100
mathk,400,0.8,shrinkage,bias,0.010157025495762681,0.007934789202059351,100
mathk,400,0.8,shrinkage,coverage,0.94,0.023868325657594204,100
mathk,400,0.8,shrinkage,estimate,0.17792168306304593,0.007934789202059351,100
mathk,400,0.8,shrinkage,ci_length,0.3150845976619065,0.0012081050831121035,100
readk,200,0.4,adaptive,rmse,0.09033069985116964,0.007513147879192162,100
readk,200,0.4,adaptive,bias,0.025088259256072266,0.00872139745492022,100
readk,200,0.4,adaptive,coverage,0.9,0.03015113445777636,100
readk,200,0.4,adaptive,estimate,0.18354856773276737,0.008721397454920222,100
readk,200,0.4,adaptive,ci_length,0.3137947495170694,0.002742373873134295,100
readk,200,0.4,fixed_half,rmse,0.071247195853836,0.005919634138537727,100
readk,200,0.4,fixed_half,bias,-0.008256503882314735,0.007112368697675809,100
readk,200,0.4,fixed_half,coverage,0.96,0.019694638556693237,100
readk,200,0.4,fixed_half,estimate,0.15020380459438032,0.007112368697675809,100
readk,200,0.4,fixed_half,ci_length,0.32559896367552704,0.002050158297963429,100
readk,200,0.4,joint,rmse,0.0721490490919427,0.006150559288945873,100
readk,200,0.4,joint,bias,-0.007573061220807923,0.007211196421150845,100
readk,200,0.4,joint,coverage,0.97,0.01714466079977653,100
readk,200,0.4,joint,estimate,0.15088724725588715,0.007211196421150845,100
readk,200,0.4,joint,ci_length,0.3242694580857626,0.0020644809419240427,100
readk,200,0.4,lambda_only,rmse,0.07211590084434398,0.0061264889217388105,100
readk,200,0.4,lambda_only,bias,-0.007591367334286911,0.007207651865904212,100
readk,200,0.4,lambda_only,coverage,0.97,0.01714466079977653,100
readk,200,0.4,lambda_only,estimate,0.15086894114240817,0.007207651865904212,100
readk,200,0.4,lambda_only,ci_length,0.3242499943041922,0.0020638569327810817,100
readk,200,0.4,naive_pool,rmse,0.1215866208379617,0.006621442094189992,100
readk,200,0.4,naive_pool,bias,0.09995629831575342,0.0069573337469702404,100
readk,200,0.4,naive_pool,coverage,0.79,0.040936018074033236,100
readk,200,0.4,naive_pool,estimate,0.25841660679244854,0.0069573337469702404,100
readk,200,0.4,naive_pool,ci_length,0.2827257071455625,0.0016174422907455123,100
readk,200,0.4,obs_transported,rmse,0.42408161661994176,0.015577103750539174,100
readk,200,0.4,obs_transported,bias,0.39746621614051064,0.014861591939256383,100
readk,200,0.4,obs_transported,coverage,0.2,0.04020151261036849,100
readk,200,0.4,obs_transported,estimate,0.5559265246172058,0.014861591939256383,100
readk,200,0.4,obs_transported,ci_length,0.5591688500006736,0.006616467472815799,100
readk,200,0.4,omega_only,rmse,0.07176672007266206,0.0061479737068368895,100
readk,200,0.4,omega_only,bias,-0.007590549832330123,0.007172369586627511,100
readk,200,0.4,omega_only,coverage,0.97,0.01714466079977653,100
readk,200,0.4,omega_only,estimate,0.15086975864436492,0.007172369586627511,100
readk,200,0.4,omega_only,ci_length,0.3259302311119668,0.002069104005627594,100
readk,200,0.4,rct_only,rmse,0.07171379865557276,0.006126508126338428,100
readk,200,0.4,rct_only,bias,-0.007608855945809111,0.007166824683816758,100
readk,200,0.4,rct_only,coverage,0.97,0.01714466079977653,100
readk,200,0.4,rct_only,estimate,0.15085145253088594,0.007166824683816758,100
readk,200,0.4,rct_only,ci_length,0.3259120020200075,0.00206881275113017,100
readk,200,0.4,semi_supervised,rmse,0.07163530173318379,0.006056660439154504,100
readk,200,0.4,semi_supervised,bias,-0.007748540831608533,0.007157377044379168,100
readk,200,0.4,semi_supervised,coverage,0.97,0.01714466079977653,100
readk,200,0.4,semi_supervised,estimate,0.15071176764508654,0.007157377044379168,100
readk,200,0.4,semi_supervised,ci_length,0.3259438108816357,0.0020717332131906245,100
readk,200,0.4,shrinkage,rmse,0.07836138021557505,0.0069329333624332835,100
readk,200,0.4,shrinkage,bias,0.02127483627987782,0.007579802541706195,100
readk,200,0.4,shrinkage,coverage,0.93,0.02564323999762428,100
readk,200,0.4,shrinkage,estimate,0.1797351447565729,0.007579802541706195,100
readk,200,0.4,shrinkage,ci_length,0.30839982033631885,0.0022338506398390757,100
readk,200,0.8,adaptive,rmse,0.08139958458327089,0.005846258710854053,100
readk,200,0.8,adaptive,bias,0.01609365085301915,0.008019475519104544,100
readk,200,0.8,adaptive,coverage,0.95,0.021904291355759036,100
readk,200,0.8,adaptive,estimate,0.1745539593297142,0.008019475519104544,100
readk,200,0.8,adaptive,ci_length,0.3311542423262736,0.0022510893159741223,100
readk,200,0.8,fixed_half,rmse,0.08224780005539305,0.005482539142729469,100
readk,200,0.8,fixed_half,bias,0.01595184896370783,0.008109253430365124,100
readk,200,0.8,fixed_half,coverage,0.93,0.025643239997624283,100
readk,200,0.8,fixed_half,estimate,0.1744121574404029,0.008109253430365124,100
readk,200,0.8,fixed_half,ci_length,0.3309552102152512,0.00212083057840319,100
readk,200,0.8,joint,rmse,0.08098727470542123,0.005503488381394332,100
readk,200,0.8,joint,bias,0.01570817117661532,0.007984955565234085,100
readk,200,0.8,joint,coverage,0.96,0.019694638556693237,100
readk,200,0.8,joint,estimate,0.17416847965331037,0.007984955565234085,100
readk,200,0.8,joint,ci_length,0.32977176069782255,0.0021668936708247773,100
readk,200,0.8,lambda_only,rmse,0.08091264302843003,0.0054996398659622305,100
readk,200,0.8,lambda_only,bias,0.015851358295392165,0.007974447982565244,100
readk,200,0.8,lambda_only,coverage,0.96,0.019694638556693237,100
readk,200,0.8,lambda_only,estimate,0.17431166677208723,0.007974447982565244,100
readk,200,0.8,lambda_only,ci_length,0.32972832821595377,0.0021683041346747625,100
readk,200,0.8,naive_pool,rmse,0.24270488664725653,0.006309140195676861,100
readk,200,0.8,naive_pool,bias,0.23344582124653915,0.006673262301703635,100
readk,200,0.8,naive_pool,coverage,0.05,0.021904291355759033,100
readk,200,0.8,naive_pool,estimate,0.39190612972323424,0.006673262301703635,100
readk,200,0.8,naive_pool,ci_length,0.2840779080918344,0.0017593047704332608,100
readk,200,0.8,obs_transported,rmse,0.8125843655466553,0.013737668496360893,100
readk,200,0.8,obs_transported,bias,0.801383612030479,0.013513052986224553,100
readk,200,0.8,obs_transported,coverage,0.0,0.0,100
readk,200,0.8,obs_transported,estimate,0.9598439205071742,0.013513052986224553,100
readk,200,0.8,obs_transported,ci_length,0.5368226404934056,0.007025057172914956,100
readk,200,0.8,omega_only,rmse,0.081466803321687,0.005851608339527205,100
readk,200,0.8,omega_only,bias,0.015950463734242307,0.008029253805170753,100
readk,200,0.8,omega_only,coverage,0.95,0.021904291355759036,100
readk,200,0.8,omega_only,estimate,0.17441077221093734,0.008029253805170753,100
readk,200,0.8,omega_only,ci_length,0.3311987928194614,0.002249537736325204,100
readk,200,0.8,rct_only,rmse,0.08139958458327089,0.005846258710854053,100
readk,200,0.8,rct_only,bias,0.01609365085301915,0.008019475519104544,100
readk,200,0.8,rct_only,coverage,0.95,0.021904291355759036,100
readk,200,0.8,rct_only,estimate,0.1745539593297142,0.008019475519104544,100
readk,200,0.8,rct_only,ci_length,0.3311542423262736,0.0022510893159741223,100
readk,200,0.8,semi_supervised,rmse,0.08137655126621875,0.00583673997130111,100
readk,200,0.8,semi_supervised,bias,0.0163012981736298,0.008012875228824327,100
readk,200,0.8,semi_supervised,coverage,0.95,0.021904291355759036,100
readk,200,0.8,semi_supervised,estimate,0.1747616066503249,0.008012875228824327,100
readk,200,0.8,semi_supervised,ci_length,0.33117547274182074,0.0022507541164263063,100
readk,200,0.8,shrinkage,rmse,0.08349138640685351,0.00601227041461469,100
readk,200,0.8,shrinkage,bias,0.02506027039815452,0.008004288277251923,100
readk,200,0.8,shrinkage,coverage,0.94,0.023868325657594204,100
readk,200,0.8,shrinkage,estimate,0.18352057887484957,0.008004288277251925,100
readk,200,0.8,shrinkage,ci_length,0.3273586332398121,0.002218930234225842,100
readk,400,0.4,adaptive,rmse,0.09208346061084186,0.007166127722735939,100
readk,400,0.4,adaptive,bias,0.043074480512524244,0.008179768616077845,100
readk,400,0.4,adaptive,coverage,0.9,0.03015113445777636,100
readk,400,0.4,adaptive,estimate,0.2015347889892193,0.008179768616077845,100
readk,400,0.4,adaptive,ci_length,0.29902741341472105,0.0024383707939223346,100
readk,400,0.4,fixed_half,rmse,0.06678247850327455,0.0046673355735644025,100
readk,400,0.4,fixed_half,bias,0.004136670610501697,0.0066990029344796585,100
readk,400,0.4,fixed_half,coverage,0.99,0.009999999999999998,100
readk,400,0.4,fixed_half,estimate,0.16259697908719675,0.006699002934479658,100
readk,400,0.4,fixed_half,ci_length,0.31177585716397316,0.0017046315899033131,100
readk,400,0.4,joint,rmse,0.06542397310824923,0.004712237107071663,100
readk,400,0.4,joint,bias,0.003889199793912939,0.006563728293695131,100
readk,400,0.4,joint,coverage,0.99,0.009999999999999998,100
readk,400,0.4,joint,estimate,0.16234950827060804,0.006563728293695131,100
readk,400,0.4,joint,ci_length,0.3108117124467335,0.001721429548971373,100
readk,400,0.4,lambda_only,rmse,0.06548319709756864,0.004733906313934621,100
readk,400,0.4,lambda_only,bias,0.00394923437279618,0.0065693292940462045,100
readk,400,0.4,lambda_only,coverage,0.99,0.009999999999999998,100
readk,400,0.4,lambda_only,estimate,0.16240954284949127,0.0065693292940462045,100
readk,400,0.4,lambda_only,ci_length,0.310807763955001,0.0017218590977305399,100
readk,400,0.4,naive_pool,rmse,0.1249536692690648,0.006304760199147938,100
readk,400,0.4,naive_pool,bias,0.10807371956696606,0.006303350562260003,100
readk,400,0.4,naive_pool,coverage,0.7,0.04605661864718382,100
readk,400,0.4,naive_pool,estimate,0.26653402804366116,0.006303350562260003,100
readk,400,0.4,naive_pool,ci_length,0.2734410122321954,0.0014581841354944392,100
readk,400,0.4,obs_transported,rmse,0.43580775608389294,0.01363258683672287,100
readk,400,0.4,obs_transported,bias,0.4141354358122802,0.013640492699509062,100
readk,400,0.4,obs_transported,coverage,0.11,0.031446603773522014,100
readk,400,0.4,obs_transported,estimate,0.5725957442889752,0.013640492699509062,100
readk,400,0.4,obs_transported,ci_length,0.5625523255891752,0.006840605759720191,100
readk,400,0.4,omega_only,rmse,0.06671758742148963,0.004689336321435261,100
readk,400,0.4,omega_only,bias,0.0030310492917418907,0.006698446383669905,100
readk,400,0.4,omega_only,coverage,0.99,0.009999999999999998,100
readk,400,0.4,omega_only,estimate,0.16149135776843696,0.006698446383669905,100
readk,400,0.4,omega_only,ci_length,0.3128922455647898,0.0016989210585427403,100
readk,400,0.4,rct_only,rmse,0.0667607795741025,0.004710794725069546,100
readk,400,0.4,rct_only,bias,0.0030910838706251285,0.006702514898010081,100
readk,400,0.4,rct_only,coverage,0.99,0.009999999999999998,100
readk,400,0.4,rct_only,estimate,0.1615513923473202,0.006702514898010081,100
readk,400,0.4,rct_only,ci_length,0.312888753086699,0.001699381494266137,100
readk,400,0.4,semi_supervised,rmse,0.06666731740064855,0.004721158679255262,100
readk,400,0.4,semi_supervised,bias,0.00338057687653489,0.006691697637107585,100
readk,400,0.4,semi_supervised,coverage,0.99,0.009999999999999998,100
readk,400,0.4,semi_supervised,estimate,0.16184088535322996,0.006691697637107585,100
readk,400,0.4,semi_supervised,ci_length,0.3128978787544864,0.0016985145608099154,100
readk,400,0.4,shrinkage,rmse,0.07967823137648251,0.007635689756063092,100
readk,400,0.4,shrinkage,bias,0.03308421078815916,0.00728500296500216,100
readk,400,0.4,shrinkage,coverage,0.94,0.023868325657594204,100
readk,400,0.4,shrinkage,estimate,0.19154451926485422,0.00728500296500216,100
readk,400,0.4,shrinkage,ci_length,0.2970339954317606,0.0019770061588898673,100
readk,400,0.8,adaptive,rmse,0.08005674365789049,0.005143099906705013,100
readk,400,0.8,adaptive,bias,0.010098126066837824,0.007981740560440195,100
readk,400,0.8,adaptive,coverage,0.94,0.023868325657594204,100
readk,400,0.8,adaptive,estimate,0.16855843454353286,0.007981740560440195,100
readk,400,0.8,adaptive,ci_length,0.31304094325469467,0.0020314022427474787,100
readk,400,0.8,fixed_half,rmse,0.07918659203657388,0.005043603868620326,100
readk,400,0.8,fixed_half,bias,0.010611904280608805,0.007886764162097486,100
readk,400,0.8,fixed_half,coverage,0.94,0.0238683256575942,100
readk,400,0.8,fixed_half,estimate,0.16907221275730386,0.007886764162097486,100
readk,400,0.8,fixed_half,ci_length,0.31323318570299413,0.0019572798781356633,100
readk,400,0.8,joint,rmse,0.07893058589555846,0.005053551414515784,100
readk,400,0.8,joint,bias,0.009283890516459442,0.007877757183960398,100
readk,400,0.8,joint,coverage,0.94,0.0238683256575942,100
readk,400,0.8,joint,estimate,0.16774419899315451,0.007877757183960398,100
readk,400,0.8,joint,ci_length,0.3119300578781662,0.001976845271162512,100
readk,400,0.8,lambda_only,rmse,0.07890176577438182,0.005059356245573277,100
readk,400,0.8,lambda_only,bias,0.009148943095232674,0.007876435564234075,100
readk,400,0.8,lambda_only,coverage,0.95,0.021904291355759033,100
readk,400,0.8,lambda_only,estimate,0.16760925157192774,0.007876435564234075,100
readk,400,0.8,lambda_only,ci_length,0.31189693108581024,0.0019769067782857102,100
readk,400,0.8,naive_pool,rmse,0.22321182062003647,0.006546371154638627,100
readk,400,0.8,naive_pool,bias,0.21212989944202187,0.006980798069646627,100
readk,400,0.8,naive_pool,coverage,0.12,0.032659863237109045,100
readk,400,0.8,naive_pool,estimate,0.37059020791871694,0.006980798069646627,100
readk,400,0.8,naive_pool,ci_length,0.2712961931949042,0.0017209999532017649,100
readk,400,0.8,obs_transported,rmse,0.8148797914623549,0.013709725300235015,100
readk,400,0.8,obs_transported,bias,0.8032709471468703,0.013774834323556117,100
readk,400,0.8,obs_transported,coverage,0.0,0.0,100
readk,400,0.8,obs_transported,estimate,0.9617312556235658,0.01377483432355612,100
readk,400,0.8,obs_transported,ci_length,0.5295092938461649,0.008048551212673269,100
readk,400,0.8,omega_only,rmse,0.0800468952210202,0.005126537911419689,100
readk,400,0.8,omega_only,bias,0.010233073488064593,0.007979006318675475,100
readk,400,0.8,omega_only,coverage,0.94,0.023868325657594204,100
readk,400,0.8,omega_only,estimate,0.16869338196475966,0.007979006318675475,100
readk,400,0.8,omega_only,ci_length,0.3130726239686232,0.002031238367266764,100
readk,400,0.8,rct_only,rmse,0.08005674365789049,0.005143099906705013,100
readk,400,0.8,rct_only,bias,0.010098126066837824,0.007981740560440195,100
readk,400,0.8,rct_only,coverage,0.94,0.023868325657594204,100
readk,400,0.8,rct_only,estimate,0.16855843454353286,0.007981740560440195,100
readk,400,0.8,rct_only,ci_length,0.31304094325469467,0.0020314022427474787,100
readk,400,0.8,semi_supervised,rmse,0.08015209876159726,0.005134871717353119,100
readk,400,0.8,semi_supervised,bias,0.010243984556985372,0.007989525792355769,100
readk,400,0.8,semi_supervised,coverage,0.94,0.023868325657594204,100
readk,400,0.8,semi_supervised,estimate,0.16870429303368042,0.007989525792355769,100
readk,400,0.8,semi_supervised,ci_length,0.3130633177036682,0.002031630681184662,100
readk,400,0.8,shrinkage,rmse,0.08098736184118568,0.005117863862262468,100
readk,400,0.8,shrinkage,bias,0.01813702301771274,0.007932799303422772,100
readk,400,0.8,shrinkage,coverage,0.92,0.027265992434429072,100
readk,400,0.8,shrinkage,estimate,0.1765973314944078,0.007932799303422772,100
readk,400,0.8,shrinkage,ci_length,0.309918734838935,0.0019984185832237775,100
