outcome,n_rct,alpha,sieve,learner,metric,value,monte_carlo_se,replications
mathk,200,0.4,neural,DRF,score_gap,-0.02993688973708494,0.052893404426047196,100
mathk,200,0.4,neural,DRF,score_selected,5.5910489725526835,0.05803498962810279,100
mathk,200,0.4,neural,DRF,score_rct_only,5.6209858622897695,0.0472947990776049,100
mathk,200,0.4,neural,DRF,selected_lambda,0.5325,0.044616066997702,100
mathk,200,0.4,neural,DRF,selected_omega,0.4175,0.03925682723869168,100
mathk,200,0.4,neural,DRF,obs_size,1200.0,0.0,100
mathk,200,0.4,neural,DRF,naive_obs_contrast,0.609560613678348,0.007352382793406912,100
mathk,200,0.4,neural,DRF,n_trial_total,200.0,0.0,100
mathk,200,0.4,neural,DRF,n_eval_pool,2000.0,0.0,100
mathk,200,0.4,neural,DRF,n_trial_for_ate,2200.0,0.0,100
mathk,200,0.4,neural,RF,score_gap,-0.01748933776266143,0.06055904659283638,100
mathk,200,0.4,neural,RF,score_selected,5.5771477673666014,0.0667779366943956,100
mathk,200,0.4,neural,RF,score_rct_only,5.594637105129261,0.04387492304147943,100
mathk,200,0.4,neural,RF,selected_lambda,0.55,0.04508689701929246,100
mathk,200,0.4,neural,RF,selected_omega,0.4425,0.037580721201975434,100
mathk,200,0.4,neural,RF,obs_size,1200.0,0.0,100
mathk,200,0.4,neural,RF,naive_obs_contrast,0.609560613678348,0.007352382793406912,100
mathk,200,0.4,neural,RF,n_trial_total,200.0,0.0,100
mathk,200,0.4,neural,RF,n_eval_pool,2000.0,0.0,100
mathk,200,0.4,neural,RF,n_trial_for_ate,2200.0,0.0,100
mathk,200,0.4,neural,domain_indicator_pool,score_gap,-0.04574568402086128,0.03718813913168444,100
mathk,200,0.4,neural,domain_indicator_pool,score_selected,5.575240178268907,0.04072341446176692,100
mathk,200,0.4,neural,domain_indicator_pool,score_rct_only,5.6209858622897695,0.0472947990776049,100
mathk,200,0.4,neural,domain_indicator_pool,obs_size,1200.0,0.0,100
mathk,200,0.4,neural,domain_indicator_pool,naive_obs_contrast,0.609560613678348,0.007352382793406912,100
mathk,200,0.4,neural,domain_indicator_pool,n_trial_total,200.0,0.0,100
mathk,200,0.4,neural,domain_indicator_pool,n_eval_pool,2000.0,0.0,100
mathk,200,0.4,neural,domain_indicator_pool,n_trial_for_ate,2200.0,0.0,100
mathk,200,0.4,neural,experimental_grounding,score_gap,1.1165827309606708,0.07309345928908964,100
mathk,200,0.4,neural,experimental_grounding,score_selected,6.737568593250439,0.09481697645047804,100
mathk,200,0.4,neural,experimental_grounding,score_rct_only,5.6209858622897695,0.0472947990776049,100
mathk,200,0.4,neural,experimental_grounding,obs_size,1200.0,0.0,100
mathk,200,0.4,neural,experimental_grounding,naive_obs_contrast,0.609560613678348,0.007352382793406912,100
mathk,200,0.4,neural,experimental_grounding,n_trial_total,200.0,0.0,100
mathk,200,0.4,neural,experimental_grounding,n_eval_pool,2000.0,0.0,100
mathk,200,0.4,neural,experimental_grounding,n_trial_for_ate,2200.0,0.0,100
mathk,200,0.4,spline3,DRF,score_gap,-0.11446806290453251,0.016446169606037876,100
mathk,200,0.4,spline3,DRF,score_selected,5.492252362204211,0.04181585425793345,100
mathk,200,0.4,spline3,DRF,score_rct_only,5.606720425108742,0.04722348291054104,100
mathk,200,0.4,spline3,DRF,selected_lambda,0.5925,0.04273700995860637,100
mathk,200,0.4,spline3,DRF,selected_omega,0.4575,0.04098764903891627,100
mathk,200,0.4,spline3,DRF,obs_size,1200.0,0.0,100
mathk,200,0.4,spline3,DRF,naive_obs_contrast,0.609560613678348,0.007352382793406912,100
mathk,200,0.4,spline3,DRF,n_trial_total,200.0,0.0,100
mathk,200,0.4,spline3,DRF,n_eval_pool,2000.0,0.0,100
mathk,200,0.4,spline3,DRF,n_trial_for_ate,2200.0,0.0,100
mathk,200,0.4,spline3,RF,score_gap,-0.16610123472685753,0.019780180543039746,100
mathk,200,0.4,spline3,RF,score_selected,5.48861887687091,0.0410873292617015,100
mathk,200,0.4,spline3,RF,score_rct_only,5.654720111597769,0.048123133044354144,100
mathk,200,0.4,spline3,RF,selected_lambda,0.59,0.04515964946048562,100
mathk,200,0.4,spline3,RF,selected_omega,0.5575,0.0387387976638982,100
mathk,200,0.4,spline3,RF,obs_size,1200.0,0.0,100
mathk,200,0.4,spline3,RF,naive_obs_contrast,0.609560613678348,0.007352382793406912,100
mathk,200,0.4,spline3,RF,n_trial_total,200.0,0.0,100
mathk,200,0.4,spline3,RF,n_eval_pool,2000.0,0.0,100
mathk,200,0.4,spline3,RF,n_trial_for_ate,2200.0,0.0,100
mathk,200,0.4,spline3,domain_indicator_pool,score_gap,-0.3154501905110763,0.032024725864657155,100
mathk,200,0.4,spline3,domain_indicator_pool,score_selected,5.291270234597667,0.03901342632425846,100
mathk,200,0.4,spline3,domain_indicator_pool,score_rct_only,5.606720425108742,0.04722348291054104,100
mathk,200,0.4,spline3,domain_indicator_pool,obs_size,1200.0,0.0,100
mathk,200,0.4,spline3,domain_indicator_pool,naive_obs_contrast,0.609560613678348,0.007352382793406912,100
mathk,200,0.4,spline3,domain_indicator_pool,n_trial_total,200.0,0.0,100
mathk,200,0.4,spline3,domain_indicator_pool,n_eval_pool,2000.0,0.0,100
mathk,200,0.4,spline3,domain_indicator_pool,n_trial_for_ate,2200.0,0.0,100
mathk,200,0.4,spline3,experimental_grounding,score_gap,0.0016421446778802906,0.0011453978985498817,100
mathk,200,0.4,spline3,experimental_grounding,score_selected,5.608362569786625,0.04747739437568668,100
mathk,200,0.4,spline3,experimental_grounding,score_rct_only,5.606720425108742,0.04722348291054104,100
mathk,200,0.4,spline3,experimental_grounding,obs_size,1200.0,0.0,100
mathk,200,0.4,spline3,experimental_grounding,naive_obs_contrast,0.609560613678348,0.007352382793406912,100
mathk,200,0.4,spline3,experimental_grounding,n_trial_total,200.0,0.0,100
mathk,200,0.4,spline3,experimental_grounding,n_eval_pool,2000.0,0.0,100
mathk,200,0.4,spline3,experimental_grounding,n_trial_for_ate,2200.0,0.0,100
mathk,200,0.8,neural,DRF,score_gap,-0.08603499978567494,0.015680484361587546,100
mathk,200,0.8,neural,DRF,score_selected,5.535371773492316,0.04982201725002717,100
mathk,200,0.8,neural,DRF,score_rct_only,5.621406773277991,0.0504611403973665,100
mathk,200,0.8,neural,DRF,selected_lambda,0.575,0.04330127018922193,100
mathk,200,0.8,neural,DRF,selected_omega,0.31,0.038290489891898954,100
mathk,200,0.8,neural,DRF,obs_size,1200.0,0.0,100
mathk,200,0.8,neural,DRF,naive_obs_contrast,1.0204859670220399,0.0058945767705387885,100
mathk,200,0.8,neural,DRF,n_trial_total,200.0,0.0,100
mathk,200,0.8,neural,DRF,n_eval_pool,2000.0,0.0,100
mathk,200,0.8,neural,DRF,n_trial_for_ate,2200.0,0.0,100
mathk,200,0.8,neural,RF,score_gap,-0.08232050625048119,0.016968841775705214,100
mathk,200,0.8,neural,RF,score_selected,5.51929228334469,0.05095087565505744,100
mathk,200,0.8,neural,RF,score_rct_only,5.601612789595171,0.05072952581054167,100
mathk,200,0.8,neural,RF,selected_lambda,0.61,0.04179072440703375,100
mathk,200,0.8,neural,RF,selected_omega,0.3475,0.03690949208619114,100
mathk,200,0.8,neural,RF,obs_size,1200.0,0.0,100
mathk,200,0.8,neural,RF,naive_obs_contrast,1.0204859670220399,0.0058945767705387885,100
mathk,200,0.8,neural,RF,n_trial_total,200.0,0.0,100
mathk,200,0.8,neural,RF,n_eval_pool,2000.0,0.0,100
mathk,200,0.8,neural,RF,n_trial_for_ate,2200.0,0.0,100
mathk,200,0.8,neural,domain_indicator_pool,score_gap,-0.0063655060880637125,0.04221390568945917,100
mathk,200,0.8,neural,domain_indicator_pool,score_selected,5.615041267189929,0.05700579067877163,100
mathk,200,0.8,neural,domain_indicator_pool,score_rct_only,5.621406773277991,0.0504611403973665,100
mathk,200,0.8,neural,domain_indicator_pool,obs_size,1200.0,0.0,100
mathk,200,0.8,neural,domain_indicator_pool,naive_obs_contrast,1.0204859670220399,0.0058945767705387885,100
mathk,200,0.8,neural,domain_indicator_pool,n_trial_total,200.0,0.0,100
mathk,200,0.8,neural,domain_indicator_pool,n_eval_pool,2000.0,0.0,100
mathk,200,0.8,neural,domain_indicator_pool,n_trial_for_ate,2200.0,0.0,100
mathk,200,0.8,neural,experimental_grounding,score_gap,1.0634138091713186,0.05885675696026275,100
mathk,200,0.8,neural,experimental_grounding,score_selected,6.68482058244931,0.0872374602619885,100
mathk,200,0.8,neural,experimental_grounding,score_rct_only,5.621406773277991,0.0504611403973665,100
mathk,200,0.8,neural,experimental_grounding,obs_size,1200.0,0.0,100
mathk,200,0.8,neural,experimental_grounding,naive_obs_contrast,1.0204859670220399,0.0058945767705387885,100
mathk,200,0.8,neural,experimental_grounding,n_trial_total,200.0,0.0,100
mathk,200,0.8,neural,experimental_grounding,n_eval_pool,2000.0,0.0,100
mathk,200,0.8,neural,experimental_grounding,n_trial_for_ate,2200.0,0.0,100
mathk,200,0.8,spline3,DRF,score_gap,-0.09371602381311032,0.011645677395575184,100
mathk,200,0.8,spline3,DRF,score_selected,5.536824971598255,0.051876041738382575,100
mathk,200,0.8,spline3,DRF,score_rct_only,5.630540995411365,0.0553024875341941,100
mathk,200,0.8,spline3,DRF,selected_lambda,0.5625,0.04342865390267099,100
mathk,200,0.8,spline3,DRF,selected_omega,0.3875,0.040103244282977936,100
mathk,200,0.8,spline3,DRF,obs_size,1200.0,0.0,100
mathk,200,0.8,spline3,DRF,naive_obs_contrast,1.0204859670220399,0.0058945767705387885,100
mathk,200,0.8,spline3,DRF,n_trial_total,200.0,0.0,100
mathk,200,0.8,spline3,DRF,n_eval_pool,2000.0,0.0,100
mathk,200,0.8,spline3,DRF,n_trial_for_ate,2200.0,0.0,100
mathk,200,0.8,spline3,RF,score_gap,-0.11888214712540207,0.016367307193412766,100
mathk,200,0.8,spline3,RF,score_selected,5.525749735385583,0.05169341555482794,100
mathk,200,0.8,spline3,RF,score_rct_only,5.644631882510986,0.05568825772663653,100
mathk,200,0.8,spline3,RF,selected_lambda,0.585,0.04581197849621181,100
mathk,200,0.8,spline3,RF,selected_omega,0.4125,0.038985719996382825,100
mathk,200,0.8,spline3,RF,obs_size,1200.0,0.0,100
mathk,200,0.8,spline3,RF,naive_obs_contrast,1.0204859670220399,0.0058945767705387885,100
mathk,200,0.8,spline3,RF,n_trial_total,200.0,0.0,100
mathk,200,0.8,spline3,RF,n_eval_pool,2000.0,0.0,100
mathk,200,0.8,spline3,RF,n_trial_for_ate,2200.0,0.0,100
mathk,200,0.8,spline3,domain_indicator_pool,score_gap,-0.3034458016889657,0.026275695560398504,100
mathk,200,0.8,spline3,domain_indicator_pool,score_selected,5.327095193722399,0.04519413217744449,100
mathk,200,0.8,spline3,domain_indicator_pool,score_rct_only,5.630540995411365,0.0553024875341941,100
mathk,200,0.8,spline3,domain_indicator_pool,obs_size,1200.0,0.0,100
mathk,200,0.8,spline3,domain_indicator_pool,naive_obs_contrast,1.0204859670220399,0.0058945767705387885,100
mathk,200,0.8,spline3,domain_indicator_pool,n_trial_total,200.0,0.0,100
mathk,200,0.8,spline3,domain_indicator_pool,n_eval_pool,2000.0,0.0,100
mathk,200,0.8,spline3,domain_indicator_pool,n_trial_for_ate,2200.0,0.0,100
mathk,200,0.8,spline3,experimental_grounding,score_gap,-0.0008991854130567933,0.0009817969103050534,100
mathk,200,0.8,spline3,experimental_grounding,score_selected,5.629641809998309,0.05522228595278804,100
mathk,200,0.8,spline3,experimental_grounding,score_rct_only,5.630540995411365,0.0553024875341941,100
mathk,200,0.8,spline3,experimental_grounding,obs_size,1200.0,0.0,100
mathk,200,0.8,spline3,experimental_grounding,naive_obs_contrast,1.0204859670220399,0.0058945767705387885,100
mathk,200,0.8,spline3,experimental_grounding,n_trial_total,200.0,0.0,100
mathk,200,0.8,spline3,experimental_grounding,n_eval_pool,2000.0,0.0,100
mathk,200,0.8,spline3,experimental_grounding,n_trial_for_ate,2200.0,0.0,100
mathk,400,0.4,neural,DRF,score_gap,0.03532585362479947,0.039487812575827154,100
mathk,400,0.4,neural,DRF,score_selected,5.1105147343525115,0.05517786645110401,100
mathk,400,0.4,neural,DRF,score_rct_only,5.075188880727712,0.03920151556433955,100
mathk,400,0.4,neural,DRF,selected_lambda,0.505,0.04278499217664479,100
mathk,400,0.4,neural,DRF,selected_omega,0.4275,0.04193775450027401,100
mathk,400,0.4,neural,DRF,obs_size,1200.0,0.0,100
mathk,400,0.4,neural,DRF,naive_obs_contrast,0.6166406701055981,0.005844327682166522,100
mathk,400,0.4,neural,DRF,n_trial_total,400.0,0.0,100
mathk,400,0.4,neural,DRF,n_eval_pool,2000.0,0.0,100
mathk,400,0.4,neural,DRF,n_trial_for_ate,2400.0,0.0,100
mathk,400,0.4,neural,RF,score_gap,0.03575767659975007,0.03853305322742716,100
mathk,400,0.4,neural,RF,score_selected,5.102688392418193,0.0539738419380578,100
mathk,400,0.4,neural,RF,score_rct_only,5.066930715818443,0.03857795449676919,100
mathk,400,0.4,neural,RF,selected_lambda,0.4925,0.045429349077174296,100
mathk,400,0.4,neural,RF,selected_omega,0.38,0.04027681991198191,100
mathk,400,0.4,neural,RF,obs_size,1200.0,0.0,100
mathk,400,0.4,neural,RF,naive_obs_contrast,0.6166406701055981,0.005844327682166522,100
mathk,400,0.4,neural,RF,n_trial_total,400.0,0.0,100
mathk,400,0.4,neural,RF,n_eval_pool,2000.0,0.0,100
mathk,400,0.4,neural,RF,n_trial_for_ate,2400.0,0.0,100
mathk,400,0.4,neural,domain_indicator_pool,score_gap,0.1290253589019607,0.017329530557703216,100
mathk,400,0.4,neural,domain_indicator_pool,score_selected,5.204214239629671,0.04359215004928986,100
mathk,400,0.4,neural,domain_indicator_pool,score_rct_only,5.075188880727712,0.03920151556433955,100
mathk,400,0.4,neural,domain_indicator_pool,obs_size,1200.0,0.0,100
mathk,400,0.4,neural,domain_indicator_pool,naive_obs_contrast,0.6166406701055981,0.005844327682166522,100
mathk,400,0.4,neural,domain_indicator_pool,n_trial_total,400.0,0.0,100
mathk,400,0.4,neural,domain_indicator_pool,n_eval_pool,2000.0,0.0,100
mathk,400,0.4,neural,domain_indicator_pool,n_trial_for_ate,2400.0,0.0,100
mathk,400,0.4,neural,experimental_grounding,score_gap,0.5929703728180585,0.04737885482749273,100
mathk,400,0.4,neural,experimental_grounding,score_selected,5.668159253545769,0.06111936895613399,100
mathk,400,0.4,neural,experimental_grounding,score_rct_only,5.075188880727712,0.03920151556433955,100
mathk,400,0.4,neural,experimental_grounding,obs_size,1200.0,0.0,100
mathk,400,0.4,neural,experimental_grounding,naive_obs_contrast,0.6166406701055981,0.005844327682166522,100
mathk,400,0.4,neural,experimental_grounding,n_trial_total,400.0,0.0,100
mathk,400,0.4,neural,experimental_grounding,n_eval_pool,2000.0,0.0,100
mathk,400,0.4,neural,experimental_grounding,n_trial_for_ate,2400.0,0.0,100
mathk,400,0.4,spline3,DRF,score_gap,-0.02528847622535979,0.005651487835613178,100
mathk,400,0.4,spline3,DRF,score_selected,5.043756069596507,0.03892503903356213,100
mathk,400,0.4,spline3,DRF,score_rct_only,5.069044545821867,0.039305078023532426,100
mathk,400,0.4,spline3,DRF,selected_lambda,0.45,0.0448059790382462,100
mathk,400,0.4,spline3,DRF,selected_omega,0.4575,0.045651153082674464,100
mathk,400,0.4,spline3,DRF,obs_size,1200.0,0.0,100
mathk,400,0.4,spline3,DRF,naive_obs_contrast,0.6166406701055981,0.005844327682166522,100
mathk,400,0.4,spline3,DRF,n_trial_total,400.0,0.0,100
mathk,400,0.4,spline3,DRF,n_eval_pool,2000.0,0.0,100
mathk,400,0.4,spline3,DRF,n_trial_for_ate,2400.0,0.0,100
mathk,400,0.4,spline3,RF,score_gap,-0.03234059259900659,0.005772513967061952,100
mathk,400,0.4,spline3,RF,score_selected,5.042814304987669,0.03877543255165445,100
mathk,400,0.4,spline3,RF,score_rct_only,5.075154897586675,0.03958818623317586,100
mathk,400,0.4,spline3,RF,selected_lambda,0.505,0.04713777356822972,100
mathk,400,0.4,spline3,RF,selected_omega,0.4725,0.04436632971208248,100
mathk,400,0.4,spline3,RF,obs_size,1200.0,0.0,100
mathk,400,0.4,spline3,RF,naive_obs_contrast,0.6166406701055981,0.005844327682166522,100
mathk,400,0.4,spline3,RF,n_trial_total,400.0,0.0,100
mathk,400,0.4,spline3,RF,n_eval_pool,2000.0,0.0,100
mathk,400,0.4,spline3,RF,n_trial_for_ate,2400.0,0.0,100
mathk,400,0.4,spline3,domain_indicator_pool,score_gap,-0.0754501259101025,0.008687392413359422,100
mathk,400,0.4,spline3,domain_indicator_pool,score_selected,4.993594419911764,0.03779655907911461,100
mathk,400,0.4,spline3,domain_indicator_pool,score_rct_only,5.069044545821867,0.039305078023532426,100
mathk,400,0.4,spline3,domain_indicator_pool,obs_size,1200.0,0.0,100
mathk,400,0.4,spline3,domain_indicator_pool,naive_obs_contrast,0.6166406701055981,0.005844327682166522,100
mathk,400,0.4,spline3,domain_indicator_pool,n_trial_total,400.0,0.0,100
mathk,400,0.4,spline3,domain_indicator_pool,n_eval_pool,2000.0,0.0,100
mathk,400,0.4,spline3,domain_indicator_pool,n_trial_for_ate,2400.0,0.0,100
mathk,400,0.4,spline3,experimental_grounding,score_gap,-0.0004975238362298473,0.0005213443889952387,100
mathk,400,0.4,spline3,experimental_grounding,score_selected,5.068547021985636,0.03933212603604778,100
mathk,400,0.4,spline3,experimental_grounding,score_rct_only,5.069044545821867,0.039305078023532426,100
mathk,400,0.4,spline3,experimental_grounding,obs_size,1200.0,0.0,100
mathk,400,0.4,spline3,experimental_grounding,naive_obs_contrast,0.6166406701055981,0.005844327682166522,100
mathk,400,0.4,spline3,experimental_grounding,n_trial_total,400.0,0.0,100
mathk,400,0.4,spline3,experimental_grounding,n_eval_pool,2000.0,0.0,100
mathk,400,0.4,spline3,experimental_grounding,n_trial_for_ate,2400.0,0.0,100
mathk,400,0.8,neural,DRF,score_gap,0.25331712403624235,0.157790362559859,100
mathk,400,0.8,neural,DRF,score_selected,5.300467415094525,0.1638677633447114,100
mathk,400,0.8,neural,DRF,score_rct_only,5.0471502910582835,0.03938702543893714,100
mathk,400,0.8,neural,DRF,selected_lambda,0.5675,0.04506658934008069,100
mathk,400,0.8,neural,DRF,selected_omega,0.3625,0.0388234478248661,100
mathk,400,0.8,neural,DRF,obs_size,1200.0,0.0,100
mathk,400,0.8,neural,DRF,naive_obs_contrast,1.0181772744710351,0.006717914031308986,100
mathk,400,0.8,neural,DRF,n_trial_total,400.0,0.0,100
mathk,400,0.8,neural,DRF,n_eval_pool,2000.0,0.0,100
mathk,400,0.8,neural,DRF,n_trial_for_ate,2400.0,0.0,100
mathk,400,0.8,neural,RF,score_gap,0.21111303732937095,0.14800534032417417,100
mathk,400,0.8,neural,RF,score_selected,5.266039504261139,0.15402720655381794,100
mathk,400,0.8,neural,RF,score_rct_only,5.054926466931769,0.04005087045385067,100
mathk,400,0.8,neural,RF,selected_lambda,0.4675,0.04573405225161592,100
mathk,400,0.8,neural,RF,selected_omega,0.3825,0.03768137953467686,100
mathk,400,0.8,neural,RF,obs_size,1200.0,0.0,100
mathk,400,0.8,neural,RF,naive_obs_contrast,1.0181772744710351,0.006717914031308986,100
mathk,400,0.8,neural,RF,n_trial_total,400.0,0.0,100
mathk,400,0.8,neural,RF,n_eval_pool,2000.0,0.0,100
mathk,400,0.8,neural,RF,n_trial_for_ate,2400.0,0.0,100
mathk,400,0.8,neural,domain_indicator_pool,score_gap,0.09074850266100748,0.015066752361439872,100
mathk,400,0.8,neural,domain_indicator_pool,score_selected,5.13789879371929,0.04004371660158581,100
mathk,400,0.8,neural,domain_indicator_pool,score_rct_only,5.0471502910582835,0.03938702543893714,100
mathk,400,0.8,neural,domain_indicator_pool,obs_size,1200.0,0.0,100
mathk,400,0.8,neural,domain_indicator_pool,naive_obs_contrast,1.0181772744710351,0.006717914031308986,100
mathk,400,0.8,neural,domain_indicator_pool,n_trial_total,400.0,0.0,100
mathk,400,0.8,neural,domain_indicator_pool,n_eval_pool,2000.0,0.0,100
mathk,400,0.8,neural,domain_indicator_pool,n_trial_for_ate,2400.0,0.0,100
mathk,400,0.8,neural,experimental_grounding,score_gap,0.48929291571402617,0.02649069623755133,100
mathk,400,0.8,neural,experimental_grounding,score_selected,5.536443206772309,0.05058743817725999,100
mathk,400,0.8,neural,experimental_grounding,score_rct_only,5.0471502910582835,0.03938702543893714,100
mathk,400,0.8,neural,experimental_grounding,obs_size,1200.0,0.0,100
mathk,400,0.8,neural,experimental_grounding,naive_obs_contrast,1.0181772744710351,0.006717914031308986,100
mathk,400,0.8,neural,experimental_grounding,n_trial_total,400.0,0.0,100
mathk,400,0.8,neural,experimental_grounding,n_eval_pool,2000.0,0.0,100
mathk,400,0.8,neural,experimental_grounding,n_trial_for_ate,2400.0,0.0,100
mathk,400,0.8,spline3,DRF,score_gap,-0.021941851502744622,0.007450921643923173,100
mathk,400,0.8,spline3,DRF,score_selected,5.061132197224972,0.040170923910382454,100
mathk,400,0.8,spline3,DRF,score_rct_only,5.083074048727717,0.040835780162343974,100
mathk,400,0.8,spline3,DRF,selected_lambda,0.505,0.04659897688216605,100
mathk,400,0.8,spline3,DRF,selected_omega,0.41,0.041059208295564906,100
mathk,400,0.8,spline3,DRF,obs_size,1200.0,0.0,100
mathk,400,0.8,spline3,DRF,naive_obs_contrast,1.0181772744710351,0.006717914031308986,100
mathk,400,0.8,spline3,DRF,n_trial_total,400.0,0.0,100
mathk,400,0.8,spline3,DRF,n_eval_pool,2000.0,0.0,100
mathk,400,0.8,spline3,DRF,n_trial_for_ate,2400.0,0.0,100
mathk,400,0.8,spline3,RF,score_gap,-0.02368466179803013,0.007044728836640686,100
mathk,400,0.8,spline3,RF,score_selected,5.06287571820701,0.039983660464481555,100
mathk,400,0.8,spline3,RF,score_rct_only,5.08656038000504,0.04089782125089584,100
mathk,400,0.8,spline3,RF,selected_lambda,0.49,0.04465354850333167,100
mathk,400,0.8,spline3,RF,selected_omega,0.425,0.04090207571725178,100
mathk,400,0.8,spline3,RF,obs_size,1200.0,0.0,100
mathk,400,0.8,spline3,RF,naive_obs_contrast,1.0181772744710351,0.006717914031308986,100
mathk,400,0.8,spline3,RF,n_trial_total,400.0,0.0,100
mathk,400,0.8,spline3,RF,n_eval_pool,2000.0,0.0,100
mathk,400,0.8,spline3,RF,n_trial_for_ate,2400.0,0.0,100
mathk,400,0.8,spline3,domain_indicator_pool,score_gap,-0.10552584670193163,0.011320858064209386,100
mathk,400,0.8,spline3,domain_indicator_pool,score_selected,4.977548202025786,0.039026979009338145,100
mathk,400,0.8,spline3,domain_indicator_pool,score_rct_only,5.083074048727717,0.040835780162343974,100
mathk,400,0.8,spline3,domain_indicator_pool,obs_size,1200.0,0.0,100
mathk,400,0.8,spline3,domain_indicator_pool,naive_obs_contrast,1.0181772744710351,0.006717914031308986,100
mathk,400,0.8,spline3,domain_indicator_pool,n_trial_total,400.0,0.0,100
mathk,400,0.8,spline3,domain_indicator_pool,n_eval_pool,2000.0,0.0,100
mathk,400,0.8,spline3,domain_indicator_pool,n_trial_for_ate,2400.0,0.0,100
mathk,400,0.8,spline3,experimental_grounding,score_gap,0.0007206759059023948,0.0007375994373014083,100
mathk,400,0.8,spline3,experimental_grounding,score_selected,5.083794724633619,0.040931856327437476,100
mathk,400,0.8,spline3,experimental_grounding,score_rct_only,5.083074048727717,0.040835780162343974,100
mathk,400,0.8,spline3,experimental_grounding,obs_size,1200.0,0.0,100
mathk,400,0.8,spline3,experimental_grounding,naive_obs_contrast,1.0181772744710351,0.006717914031308986,100
mathk,400,0.8,spline3,experimental_grounding,n_trial_total,400.0,0.0,100
mathk,400,0.8,spline3,experimental_grounding,n_eval_pool,2000.0,0.0,100
mathk,400,0.8,spline3,experimental_grounding,n_trial_for_ate,2400.0,0.0,100
readk,200,0.4,neural,DRF,score_gap,-0.10422431007154334,0.04515633319027957,100
readk,200,0.4,neural,DRF,score_selected,5.221130561748352,0.06262987618893814,100
readk,200,0.4,neural,DRF,score_rct_only,5.325354871819895,0.07201616405099182,100
readk,200,0.4,neural,DRF,selected_lambda,0.675,0.040436382257825816,100
readk,200,0.4,neural,DRF,selected_omega,0.34,0.035978388574871505,100
readk,200,0.4,neural,DRF,obs_size,1200.0,0.0,100
readk,200,0.4,neural,DRF,naive_obs_contrast,0.5745436405432167,0.00663332895434504,100
readk,200,0.4,neural,DRF,n_trial_total,200.0,0.0,100
readk,200,0.4,neural,DRF,n_eval_pool,2000.0,0.0,100
readk,200,0.4,neural,DRF,n_trial_for_ate,2200.0,0.0,100
readk,200,0.4,neural,RF,score_gap,-0.1184819499502807,0.04772660400230884,100
readk,200,0.4,neural,RF,score_selected,5.212275784733921,0.06242452741675174,100
readk,200,0.4,neural,RF,score_rct_only,5.330757734684201,0.07254327953216412,100
readk,200,0.4,neural,RF,selected_lambda,0.665,0.04252450274057691,100
readk,200,0.4,neural,RF,selected_omega,0.4225,0.03721609703861863,100
readk,200,0.4,neural,RF,obs_size,1200.0,0.0,100
readk,200,0.4,neural,RF,naive_obs_contrast,0.5745436405432167,0.00663332895434504,100
readk,200,0.4,neural,RF,n_trial_total,200.0,0.0,100
readk,200,0.4,neural,RF,n_eval_pool,2000.0,0.0,100
readk,200,0.4,neural,RF,n_trial_for_ate,2200.0,0.0,100
readk,200,0.4,neural,domain_indicator_pool,score_gap,-0.009746630490118778,0.056731374719610886,100
readk,200,0.4,neural,domain_indicator_pool,score_selected,5.3156082413297785,0.06558995471207386,100
readk,200,0.4,neural,domain_indicator_pool,score_rct_only,5.325354871819895,0.07201616405099182,100
readk,200,0.4,neural,domain_indicator_pool,obs_size,1200.0,0.0,100
readk,200,0.4,neural,domain_indicator_pool,naive_obs_contrast,0.5745436405432167,0.00663332895434504,100
readk,200,0.4,neural,domain_indicator_pool,n_trial_total,200.0,0.0,100
readk,200,0.4,neural,domain_indicator_pool,n_eval_pool,2000.0,0.0,100
readk,200,0.4,neural,domain_indicator_pool,n_trial_for_ate,2200.0,0.0,100
readk,200,0.4,neural,experimental_grounding,score_gap,0.8698627368242192,0.0665697323088645,100
readk,200,0.4,neural,experimental_grounding,score_selected,6.195217608644115,0.09097474823860666,100
readk,200,0.4,neural,experimental_grounding,score_rct_only,5.325354871819895,0.07201616405099182,100
readk,200,0.4,neural,experimental_grounding,obs_size,1200.0,0.0,100
readk,200,0.4,neural,experimental_grounding,naive_obs_contrast,0.5745436405432167,0.00663332895434504,100
readk,200,0.4,neural,experimental_grounding,n_trial_total,200.0,0.0,100
readk,200,0.4,neural,experimental_grounding,n_eval_pool,2000.0,0.0,100
readk,200,0.4,neural,experimental_grounding,n_trial_for_ate,2200.0,0.0,100
readk,200,0.4,spline3,DRF,score_gap,-0.09846403265192497,0.015375726616882673,100
readk,200,0.4,spline3,DRF,score_selected,5.206685404349924,0.06307313234793359,100
readk,200,0.4,spline3,DRF,score_rct_only,5.305149437001848,0.0686102084421644,100
readk,200,0.4,spline3,DRF,selected_lambda,0.655,0.04125248691615667,100
readk,200,0.4,spline3,DRF,selected_omega,0.4925,0.04358536845587454,100
readk,200,0.4,spline3,DRF,obs_size,1200.0,0.0,100
readk,200,0.4,spline3,DRF,naive_obs_contrast,0.5745436405432167,0.00663332895434504,100
readk,200,0.4,spline3,DRF,n_trial_total,200.0,0.0,100
readk,200,0.4,spline3,DRF,n_eval_pool,2000.0,0.0,100
readk,200,0.4,spline3,DRF,n_trial_for_ate,2200.0,0.0,100
readk,200,0.4,spline3,RF,score_gap,-0.12928827855362762,0.018874794907096062,100
readk,200,0.4,spline3,RF,score_selected,5.206484452963162,0.06306634749963305,100
readk,200,0.4,spline3,RF,score_rct_only,5.335772731516791,0.06761091128238128,100
readk,200,0.4,spline3,RF,selected_lambda,0.67,0.043210782417953474,100
readk,200,0.4,spline3,RF,selected_omega,0.5425,0.041901610344889484,100
readk,200,0.4,spline3,RF,obs_size,1200.0,0.0,100
readk,200,0.4,spline3,RF,naive_obs_contrast,0.5745436405432167,0.00663332895434504,100
readk,200,0.4,spline3,RF,n_trial_total,200.0,0.0,100
readk,200,0.4,spline3,RF,n_eval_pool,2000.0,0.0,100
readk,200,0.4,spline3,RF,n_trial_for_ate,2200.0,0.0,100
readk,200,0.4,spline3,domain_indicator_pool,score_gap,-0.2535721099198056,0.02925673511753361,100
readk,200,0.4,spline3,domain_indicator_pool,score_selected,5.051577327082042,0.05654153486613236,100
readk,200,0.4,spline3,domain_indicator_pool,score_rct_only,5.305149437001848,0.0686102084421644,100
readk,200,0.4,spline3,domain_indicator_pool,obs_size,1200.0,0.0,100
readk,200,0.4,spline3,domain_indicator_pool,naive_obs_contrast,0.5745436405432167,0.00663332895434504,100
readk,200,0.4,spline3,domain_indicator_pool,n_trial_total,200.0,0.0,100
readk,200,0.4,spline3,domain_indicator_pool,n_eval_pool,2000.0,0.0,100
readk,200,0.4,spline3,domain_indicator_pool,n_trial_for_ate,2200.0,0.0,100
readk,200,0.4,spline3,experimental_grounding,score_gap,0.0012937634031363122,0.001058870516235756,100
readk,200,0.4,spline3,experimental_grounding,score_selected,5.306443200404983,0.06888542530958681,100
readk,200,0.4,spline3,experimental_grounding,score_rct_only,5.305149437001848,0.0686102084421644,100
readk,200,0.4,spline3,experimental_grounding,obs_size,1200.0,0.0,100
readk,200,0.4,spline3,experimental_grounding,naive_obs_contrast,0.5745436405432167,0.00663332895434504,100
readk,200,0.4,spline3,experimental_grounding,n_trial_total,200.0,0.0,100
readk,200,0.4,spline3,experimental_grounding,n_eval_pool,2000.0,0.0,100
readk,200,0.4,spline3,experimental_grounding,n_trial_for_ate,2200.0,0.0,100
readk,200,0.8,neural,DRF,score_gap,-0.1336630377701467,0.0416833919859472,100
readk,200,0.8,neural,DRF,score_selected,5.1224496486348015,0.061716195423898126,100
readk,200,0.8,neural,DRF,score_rct_only,5.256112686404948,0.07679251289248108,100
readk,200,0.8,neural,DRF,selected_lambda,0.63,0.04256308449368022,100
readk,200,0.8,neural,DRF,selected_omega,0.37,0.04011977018373809,100
readk,200,0.8,neural,DRF,obs_size,1200.0,0.0,100
readk,200,0.8,neural,DRF,naive_obs_contrast,0.9652143266150099,0.006223756687097981,100
readk,200,0.8,neural,DRF,n_trial_total,200.0,0.0,100
readk,200,0.8,neural,DRF,n_eval_pool,2000.0,0.0,100
readk,200,0.8,neural,DRF,n_trial_for_ate,2200.0,0.0,100
readk,200,0.8,neural,RF,score_gap,-0.16348032983939498,0.04762931301141696,100
readk,200,0.8,neural,RF,score_selected,5.110952626882815,0.061209769946183115,100
readk,200,0.8,neural,RF,score_rct_only,5.27443295672221,0.07950927356392787,100
readk,200,0.8,neural,RF,selected_lambda,0.6725,0.0434751467373991,100
readk,200,0.8,neural,RF,selected_omega,0.3925,0.03593185891167454,100
readk,200,0.8,neural,RF,obs_size,1200.0,0.0,100
readk,200,0.8,neural,RF,naive_obs_contrast,0.9652143266150099,0.006223756687097981,100
readk,200,0.8,neural,RF,n_trial_total,200.0,0.0,100
readk,200,0.8,neural,RF,n_eval_pool,2000.0,0.0,100
readk,200,0.8,neural,RF,n_trial_for_ate,2200.0,0.0,100
readk,200,0.8,neural,domain_indicator_pool,score_gap,-0.06502396320558163,0.04982258169282046,100
readk,200,0.8,neural,domain_indicator_pool,score_selected,5.191088723199368,0.06521414419065595,100
readk,200,0.8,neural,domain_indicator_pool,score_rct_only,5.256112686404948,0.07679251289248108,100
readk,200,0.8,neural,domain_indicator_pool,obs_size,1200.0,0.0,100
readk,200,0.8,neural,domain_indicator_pool,naive_obs_contrast,0.9652143266150099,0.006223756687097981,100
readk,200,0.8,neural,domain_indicator_pool,n_trial_total,200.0,0.0,100
readk,200,0.8,neural,domain_indicator_pool,n_eval_pool,2000.0,0.0,100
readk,200,0.8,neural,domain_indicator_pool,n_trial_for_ate,2200.0,0.0,100
readk,200,0.8,neural,experimental_grounding,score_gap,1.151098321671342,0.10057394449063746,100
readk,200,0.8,neural,experimental_grounding,score_selected,6.40721100807629,0.12864666204434042,100
readk,200,0.8,neural,experimental_grounding,score_rct_only,5.256112686404948,0.07679251289248108,100
readk,200,0.8,neural,experimental_grounding,obs_size,1200.0,0.0,100
readk,200,0.8,neural,experimental_grounding,naive_obs_contrast,0.9652143266150099,0.006223756687097981,100
readk,200,0.8,neural,experimental_grounding,n_trial_total,200.0,0.0,100
readk,200,0.8,neural,experimental_grounding,n_eval_pool,2000.0,0.0,100
readk,200,0.8,neural,experimental_grounding,n_trial_for_ate,2200.0,0.0,100
readk,200,0.8,spline3,DRF,score_gap,-0.1417101606143335,0.01881218028745474,100
readk,200,0.8,spline3,DRF,score_selected,5.120669854445398,0.06311310467684686,100
readk,200,0.8,spline3,DRF,score_rct_only,5.262380015059732,0.06810751073296062,100
readk,200,0.8,spline3,DRF,selected_lambda,0.63,0.045293654649577034,100
readk,200,0.8,spline3,DRF,selected_omega,0.3875,0.04149586203052741,100
readk,200,0.8,spline3,DRF,obs_size,1200.0,0.0,100
readk,200,0.8,spline3,DRF,naive_obs_contrast,0.9652143266150099,0.006223756687097981,100
readk,200,0.8,spline3,DRF,n_trial_total,200.0,0.0,100
readk,200,0.8,spline3,DRF,n_eval_pool,2000.0,0.0,100
readk,200,0.8,spline3,DRF,n_trial_for_ate,2200.0,0.0,100
readk,200,0.8,spline3,RF,score_gap,-0.1855279764568545,0.03213249300285122,100
readk,200,0.8,spline3,RF,score_selected,5.123240804417751,0.0626768944147413,100
readk,200,0.8,spline3,RF,score_rct_only,5.308768780874605,0.07376071959322957,100
readk,200,0.8,spline3,RF,selected_lambda,0.6925,0.04111068454597155,100
readk,200,0.8,spline3,RF,selected_omega,0.39,0.040094585140337306,100
readk,200,0.8,spline3,RF,obs_size,1200.0,0.0,100
readk,200,0.8,spline3,RF,naive_obs_contrast,0.9652143266150099,0.006223756687097981,100
readk,200,0.8,spline3,RF,n_trial_total,200.0,0.0,100
readk,200,0.8,spline3,RF,n_eval_pool,2000.0,0.0,100
readk,200,0.8,spline3,RF,n_trial_for_ate,2200.0,0.0,100
readk,200,0.8,spline3,domain_indicator_pool,score_gap,-0.3152277190271003,0.027171571820893036,100
readk,200,0.8,spline3,domain_indicator_pool,score_selected,4.947152296032631,0.060758464357569396,100
readk,200,0.8,spline3,domain_indicator_pool,score_rct_only,5.262380015059732,0.06810751073296062,100
readk,200,0.8,spline3,domain_indicator_pool,obs_size,1200.0,0.0,100
readk,200,0.8,spline3,domain_indicator_pool,naive_obs_contrast,0.9652143266150099,0.006223756687097981,100
readk,200,0.8,spline3,domain_indicator_pool,n_trial_total,200.0,0.0,100
readk,200,0.8,spline3,domain_indicator_pool,n_eval_pool,2000.0,0.0,100
readk,200,0.8,spline3,domain_indicator_pool,n_trial_for_ate,2200.0,0.0,100
readk,200,0.8,spline3,experimental_grounding,score_gap,0.0015346374371392147,0.0010885360550138875,100
readk,200,0.8,spline3,experimental_grounding,score_selected,5.2639146524968705,0.06800231499293868,100
readk,200,0.8,spline3,experimental_grounding,score_rct_only,5.262380015059732,0.06810751073296062,100
readk,200,0.8,spline3,experimental_grounding,obs_size,1200.0,0.0,100
readk,200,0.8,spline3,experimental_grounding,naive_obs_contrast,0.9652143266150099,0.006223756687097981,100
readk,200,0.8,spline3,experimental_grounding,n_trial_total,200.0,0.0,100
readk,200,0.8,spline3,experimental_grounding,n_eval_pool,2000.0,0.0,100
readk,200,0.8,spline3,experimental_grounding,n_trial_for_ate,2200.0,0.0,100
readk,400,0.4,neural,DRF,score_gap,-0.029370587385310246,0.006859142648999274,100
readk,400,0.4,neural,DRF,score_selected,4.786533352006245,0.048140440209047744,100
readk,400,0.4,neural,DRF,score_rct_only,4.815903939391555,0.04824893174982466,100
readk,400,0.4,neural,DRF,selected_lambda,0.555,0.04599901184709397,100
readk,400,0.4,neural,DRF,selected_omega,0.4125,0.03962816440540003,100
readk,400,0.4,neural,DRF,obs_size,1200.0,0.0,100
readk,400,0.4,neural,DRF,naive_obs_contrast,0.5748870536398599,0.006356150872290263,100
readk,400,0.4,neural,DRF,n_trial_total,400.0,0.0,100
readk,400,0.4,neural,DRF,n_eval_pool,2000.0,0.0,100
readk,400,0.4,neural,DRF,n_trial_for_ate,2400.0,0.0,100
readk,400,0.4,neural,RF,score_gap,-0.03610257823520863,0.007914700036954821,100
readk,400,0.4,neural,RF,score_selected,4.787173701000775,0.04799655961355397,100
readk,400,0.4,neural,RF,score_rct_only,4.823276279235983,0.04865016888099831,100
readk,400,0.4,neural,RF,selected_lambda,0.4825,0.04717458976177661,100
readk,400,0.4,neural,RF,selected_omega,0.415,0.04054863646526131,100
readk,400,0.4,neural,RF,obs_size,1200.0,0.0,100
readk,400,0.4,neural,RF,naive_obs_contrast,0.5748870536398599,0.006356150872290263,100
readk,400,0.4,neural,RF,n_trial_total,400.0,0.0,100
readk,400,0.4,neural,RF,n_eval_pool,2000.0,0.0,100
readk,400,0.4,neural,RF,n_trial_for_ate,2400.0,0.0,100
readk,400,0.4,neural,domain_indicator_pool,score_gap,0.12229716122103548,0.019273767325921388,100
readk,400,0.4,neural,domain_indicator_pool,score_selected,4.93820110061259,0.05316580684966878,100
readk,400,0.4,neural,domain_indicator_pool,score_rct_only,4.815903939391555,0.04824893174982466,100
readk,400,0.4,neural,domain_indicator_pool,obs_size,1200.0,0.0,100
readk,400,0.4,neural,domain_indicator_pool,naive_obs_contrast,0.5748870536398599,0.006356150872290263,100
readk,400,0.4,neural,domain_indicator_pool,n_trial_total,400.0,0.0,100
readk,400,0.4,neural,domain_indicator_pool,n_eval_pool,2000.0,0.0,100
readk,400,0.4,neural,domain_indicator_pool,n_trial_for_ate,2400.0,0.0,100
readk,400,0.4,neural,experimental_grounding,score_gap,0.4539986902889552,0.02792147858286778,100
readk,400,0.4,neural,experimental_grounding,score_selected,5.2699026296805105,0.05860536928015707,100
readk,400,0.4,neural,experimental_grounding,score_rct_only,4.815903939391555,0.04824893174982466,100
readk,400,0.4,neural,experimental_grounding,obs_size,1200.0,0.0,100
readk,400,0.4,neural,experimental_grounding,naive_obs_contrast,0.5748870536398599,0.006356150872290263,100
readk,400,0.4,neural,experimental_grounding,n_trial_total,400.0,0.0,100
readk,400,0.4,neural,experimental_grounding,n_eval_pool,2000.0,0.0,100
readk,400,0.4,neural,experimental_grounding,n_trial_for_ate,2400.0,0.0,100
readk,400,0.4,spline3,DRF,score_gap,-0.03518862486283325,0.0053201306155120556,100
readk,400,0.4,spline3,DRF,score_selected,4.786884418623514,0.04819648414966895,100
readk,400,0.4,spline3,DRF,score_rct_only,4.8220730434863475,0.048833102162025195,100
readk,400,0.4,spline3,DRF,selected_lambda,0.495,0.04673425840955336,100
readk,400,0.4,spline3,DRF,selected_omega,0.425,0.043736469769275935,100
readk,400,0.4,spline3,DRF,obs_size,1200.0,0.0,100
readk,400,0.4,spline3,DRF,naive_obs_contrast,0.5748870536398599,0.006356150872290263,100
readk,400,0.4,spline3,DRF,n_trial_total,400.0,0.0,100
readk,400,0.4,spline3,DRF,n_eval_pool,2000.0,0.0,100
readk,400,0.4,spline3,DRF,n_trial_for_ate,2400.0,0.0,100
readk,400,0.4,spline3,RF,score_gap,-0.04073542668672211,0.0060024182690539395,100
readk,400,0.4,spline3,RF,score_selected,4.787931333516799,0.048218876066796715,100
readk,400,0.4,spline3,RF,score_rct_only,4.828666760203522,0.04906327966112041,100
readk,400,0.4,spline3,RF,selected_lambda,0.4975,0.047738635011144503,100
readk,400,0.4,spline3,RF,selected_omega,0.445,0.04257791432044068,100
readk,400,0.4,spline3,RF,obs_size,1200.0,0.0,100
readk,400,0.4,spline3,RF,naive_obs_contrast,0.5748870536398599,0.006356150872290263,100
readk,400,0.4,spline3,RF,n_trial_total,400.0,0.0,100
readk,400,0.4,spline3,RF,n_eval_pool,2000.0,0.0,100
readk,400,0.4,spline3,RF,n_trial_for_ate,2400.0,0.0,100
readk,400,0.4,spline3,domain_indicator_pool,score_gap,-0.09563660312573333,0.009502140968540717,100
readk,400,0.4,spline3,domain_indicator_pool,score_selected,4.726436440360614,0.04845536947080467,100
readk,400,0.4,spline3,domain_indicator_pool,score_rct_only,4.8220730434863475,0.048833102162025195,100
readk,400,0.4,spline3,domain_indicator_pool,obs_size,1200.0,0.0,100
readk,400,0.4,spline3,domain_indicator_pool,naive_obs_contrast,0.5748870536398599,0.006356150872290263,100
readk,400,0.4,spline3,domain_indicator_pool,n_trial_total,400.0,0.0,100
readk,400,0.4,spline3,domain_indicator_pool,n_eval_pool,2000.0,0.0,100
readk,400,0.4,spline3,domain_indicator_pool,n_trial_for_ate,2400.0,0.0,100
readk,400,0.4,spline3,experimental_grounding,score_gap,-0.00015812173491836835,0.0006095287216413461,100
readk,400,0.4,spline3,experimental_grounding,score_selected,4.821914921751429,0.04883549405815893,100
readk,400,0.4,spline3,experimental_grounding,score_rct_only,4.8220730434863475,0.048833102162025195,100
readk,400,0.4,spline3,experimental_grounding,obs_size,1200.0,0.0,100
readk,400,0.4,spline3,experimental_grounding,naive_obs_contrast,0.5748870536398599,0.006356150872290263,100
readk,400,0.4,spline3,experimental_grounding,n_trial_total,400.0,0.0,100
readk,400,0.4,spline3,experimental_grounding,n_eval_pool,2000.0,0.0,100
readk,400,0.4,spline3,experimental_grounding,n_trial_for_ate,2400.0,0.0,100
readk,400,0.8,neural,DRF,score_gap,0.03382919128572298,0.04293970046527965,100
readk,400,0.8,neural,DRF,score_selected,4.9230224987643485,0.06700068388545749,100
readk,400,0.8,neural,DRF,score_rct_only,4.889193307478625,0.05185500427947698,100
readk,400,0.8,neural,DRF,selected_lambda,0.5075,0.04556810310076578,100
readk,400,0.8,neural,DRF,selected_omega,0.325,0.04027995466078317,100
readk,400,0.8,neural,DRF,obs_size,1200.0,0.0,100
readk,400,0.8,neural,DRF,naive_obs_contrast,0.9722270158287466,0.005852613290129912,100
readk,400,0.8,neural,DRF,n_trial_total,400.0,0.0,100
readk,400,0.8,neural,DRF,n_eval_pool,2000.0,0.0,100
readk,400,0.8,neural,DRF,n_trial_for_ate,2400.0,0.0,100
readk,400,0.8,neural,RF,score_gap,0.02727703418039878,0.036405135344531034,100
readk,400,0.8,neural,RF,score_selected,4.914812319558928,0.06397232953438516,100
readk,400,0.8,neural,RF,score_rct_only,4.887535285378529,0.05036668871367609,100
readk,400,0.8,neural,RF,selected_lambda,0.54,0.04683411516655721,100
readk,400,0.8,neural,RF,selected_omega,0.355,0.03746715733529672,100
readk,400,0.8,neural,RF,obs_size,1200.0,0.0,100
readk,400,0.8,neural,RF,naive_obs_contrast,0.9722270158287466,0.005852613290129912,100
readk,400,0.8,neural,RF,n_trial_total,400.0,0.0,100
readk,400,0.8,neural,RF,n_eval_pool,2000.0,0.0,100
readk,400,0.8,neural,RF,n_trial_for_ate,2400.0,0.0,100
readk,400,0.8,neural,domain_indicator_pool,score_gap,0.09310880356934735,0.027936133620355554,100
readk,400,0.8,neural,domain_indicator_pool,score_selected,4.982302111047972,0.05687141342258184,100
readk,400,0.8,neural,domain_indicator_pool,score_rct_only,4.889193307478625,0.05185500427947698,100
readk,400,0.8,neural,domain_indicator_pool,obs_size,1200.0,0.0,100
readk,400,0.8,neural,domain_indicator_pool,naive_obs_contrast,0.9722270158287466,0.005852613290129912,100
readk,400,0.8,neural,domain_indicator_pool,n_trial_total,400.0,0.0,100
readk,400,0.8,neural,domain_indicator_pool,n_eval_pool,2000.0,0.0,100
readk,400,0.8,neural,domain_indicator_pool,n_trial_for_ate,2400.0,0.0,100
readk,400,0.8,neural,experimental_grounding,score_gap,0.5494258673541484,0.0651854939796181,100
readk,400,0.8,neural,experimental_grounding,score_selected,5.438619174832773,0.07745996907238371,100
readk,400,0.8,neural,experimental_grounding,score_rct_only,4.889193307478625,0.05185500427947698,100
readk,400,0.8,neural,experimental_grounding,obs_size,1200.0,0.0,100
readk,400,0.8,neural,experimental_grounding,naive_obs_contrast,0.9722270158287466,0.005852613290129912,100
readk,400,0.8,neural,experimental_grounding,n_trial_total,400.0,0.0,100
readk,400,0.8,neural,experimental_grounding,n_eval_pool,2000.0,0.0,100
readk,400,0.8,neural,experimental_grounding,n_trial_for_ate,2400.0,0.0,100
readk,400,0.8,spline3,DRF,score_gap,-0.031567092778281736,0.008924713058482862,100
readk,400,0.8,spline3,DRF,score_selected,4.887412073529906,0.05029246923541383,100
readk,400,0.8,spline3,DRF,score_rct_only,4.918979166308188,0.05260704462669848,100
readk,400,0.8,spline3,DRF,selected_lambda,0.515,0.04630541997641226,100
readk,400,0.8,spline3,DRF,selected_omega,0.39,0.0428351314326043,100
readk,400,0.8,spline3,DRF,obs_size,1200.0,0.0,100
readk,400,0.8,spline3,DRF,naive_obs_contrast,0.9722270158287466,0.005852613290129912,100
readk,400,0.8,spline3,DRF,n_trial_total,400.0,0.0,100
readk,400,0.8,spline3,DRF,n_eval_pool,2000.0,0.0,100
readk,400,0.8,spline3,DRF,n_trial_for_ate,2400.0,0.0,100
readk,400,0.8,spline3,RF,score_gap,-0.03317174400124643,0.0083639680948562,100
readk,400,0.8,spline3,RF,score_selected,4.889439506377736,0.050012861161925756,100
readk,400,0.8,spline3,RF,score_rct_only,4.922611250378982,0.05200701141843915,100
readk,400,0.8,spline3,RF,selected_lambda,0.5475,0.04723343598286573,100
readk,400,0.8,spline3,RF,selected_omega,0.4275,0.040870422240801646,100
readk,400,0.8,spline3,RF,obs_size,1200.0,0.0,100
readk,400,0.8,spline3,RF,naive_obs_contrast,0.9722270158287466,0.005852613290129912,100
readk,400,0.8,spline3,RF,n_trial_total,400.0,0.0,100
readk,400,0.8,spline3,RF,n_eval_pool,2000.0,0.0,100
readk,400,0.8,spline3,RF,n_trial_for_ate,2400.0,0.0,100
readk,400,0.8,spline3,domain_indicator_pool,score_gap,-0.11334595470352707,0.01162457669537424,100
readk,400,0.8,spline3,domain_indicator_pool,score_selected,4.80563321160466,0.05149174605162491,100
readk,400,0.8,spline3,domain_indicator_pool,score_rct_only,4.918979166308188,0.05260704462669848,100
readk,400,0.8,spline3,domain_indicator_pool,obs_size,1200.0,0.0,100
readk,400,0.8,spline3,domain_indicator_pool,naive_obs_contrast,0.9722270158287466,0.005852613290129912,100
readk,400,0.8,spline3,domain_indicator_pool,n_trial_total,400.0,0.0,100
readk,400,0.8,spline3,domain_indicator_pool,n_eval_pool,2000.0,0.0,100
readk,400,0.8,spline3,domain_indicator_pool,n_trial_for_ate,2400.0,0.0,100
readk,400,0.8,spline3,experimental_grounding,score_gap,0.0005653231095740408,0.0007288538378951081,100
readk,400,0.8,spline3,experimental_grounding,score_selected,4.9195444894177625,0.052596197510739885,100
readk,400,0.8,spline3,experimental_grounding,score_rct_only,4.918979166308188,0.05260704462669848,100
readk,400,0.8,spline3,experimental_grounding,obs_size,1200.0,0.0,100
readk,400,0.8,spline3,experimental_grounding,naive_obs_contrast,0.9722270158287466,0.005852613290129912,100
readk,400,0.8,spline3,experimental_grounding,n_trial_total,400.0,0.0,100
readk,400,0.8,spline3,experimental_grounding,n_eval_pool,2000.0,0.0,100
readk,400,0.8,spline3,experimental_grounding,n_trial_for_ate,2400.0,0.0,100
