outcome,n_rct,alpha,sieve,learner,rule,replications,anchor_points,prediction_variance,prediction_spread,prediction_variance_unweighted,mean_prediction_range
mathk,200,0.4,spline3,DRF,selected,100,27,0.32473618871636384,0.5585768548568402,0.49262630214099545,0.5280549894127796
mathk,200,0.4,spline3,DRF,rct_only,100,27,0.43773028819833726,0.6417607214922718,0.7046812000633236,0.4362819495561105
mathk,200,0.4,spline3,RF,selected,100,27,0.31642832460463494,0.5508446325195077,0.47795494908889286,0.46950176558988177
mathk,200,0.4,spline3,RF,rct_only,100,27,0.48572424532650366,0.6763621925948563,0.7793446296600273,0.4978751046021463
mathk,200,0.4,neural,DRF,selected,100,27,0.4981031999949923,0.6158983136828707,1.5417150450431407,0.9395510282711668
mathk,200,0.4,neural,DRF,rct_only,100,27,0.44748425977795026,0.6383435876064166,0.7541021235879648,0.6446883638316716
mathk,200,0.4,neural,RF,selected,100,27,0.44146302946648047,0.5926627713395484,1.1829311011486843,0.7611916888710788
mathk,200,0.4,neural,RF,rct_only,100,27,0.42197008982499,0.6277807620016833,0.6842072454660028,0.6685803782921533
mathk,200,0.8,spline3,DRF,selected,100,27,0.34792320161271556,0.5722697034053084,0.5716224009056484,0.5559703274585015
mathk,200,0.8,spline3,DRF,rct_only,100,27,0.43750432320337057,0.639071131257058,0.7350562549555263,0.566087001010904
mathk,200,0.8,spline3,RF,selected,100,27,0.32876198966026604,0.5556184259157189,0.5380048074612871,0.5438595070196376
mathk,200,0.8,spline3,RF,rct_only,100,27,0.45065085588464354,0.6460572860606031,0.7803491329516525,0.6180380024675528
mathk,200,0.8,neural,DRF,selected,100,27,0.3371094598212928,0.565633977220058,0.5324916965842899,0.35162270995886286
mathk,200,0.8,neural,DRF,rct_only,100,27,0.4143792850248771,0.6255567309166327,0.7099599238900908,0.437749112927478
mathk,200,0.8,neural,RF,selected,100,27,0.32463459971862546,0.5542087898227033,0.4983460165567118,0.4554597176234165
mathk,200,0.8,neural,RF,rct_only,100,27,0.39871402741546874,0.6131930686788192,0.6571877997348231,0.5022993332261129
mathk,400,0.4,spline3,DRF,selected,100,27,0.145617758749025,0.37133293148115426,0.23641403752965287,0.4817997425347921
mathk,400,0.4,spline3,DRF,rct_only,100,27,0.1715099271305047,0.40073179745967,0.2808881780025843,0.4888913765092178
mathk,400,0.4,spline3,RF,selected,100,27,0.14367540430481238,0.3697049579488533,0.2278414162094624,0.5115819540183503
mathk,400,0.4,spline3,RF,rct_only,100,27,0.17554254999672597,0.4055852526218403,0.2859067628736605,0.5224234835802052
mathk,400,0.4,neural,DRF,selected,100,27,0.2478310288635413,0.4324264609520151,0.6858412291956785,0.47802845801987814
mathk,400,0.4,neural,DRF,rct_only,100,27,0.1814880668554792,0.40738077280016055,0.3142836894551209,0.3729604679450917
mathk,400,0.4,neural,RF,selected,100,27,0.237994097720252,0.42546846535071153,0.6557273051562584,0.49338465292261735
mathk,400,0.4,neural,RF,rct_only,100,27,0.17137723006874178,0.3970725634303503,0.3020710000690105,0.371626029517581
mathk,400,0.8,spline3,DRF,selected,100,27,0.17521165988306803,0.4098224513787635,0.25989265488384394,0.48056723980445376
mathk,400,0.8,spline3,DRF,rct_only,100,27,0.19537973874693523,0.4315544128539049,0.30282007942635675,0.4995452103845077
mathk,400,0.8,spline3,RF,selected,100,27,0.17678803902562346,0.4112683012394102,0.2650184361007511,0.5004819380726719
mathk,400,0.8,spline3,RF,rct_only,100,27,0.20041225544417993,0.4372523096879294,0.3130354454622828,0.48749028289057494
mathk,400,0.8,neural,DRF,selected,100,27,0.42703678617985474,0.48593274252131624,2.180498570862288,0.6825860824524511
mathk,400,0.8,neural,DRF,rct_only,100,27,0.17321195621013458,0.4066151595028186,0.2537139420128727,0.47801495536735095
mathk,400,0.8,neural,RF,selected,100,27,0.4050145274702408,0.48313070435456346,1.9380992602012204,0.6318793744783763
mathk,400,0.8,neural,RF,rct_only,100,27,0.1800476991173883,0.4139931312472159,0.27481939769535635,0.5438622413233036
readk,200,0.4,spline3,DRF,selected,100,27,0.30174075868617967,0.5383843983898992,0.44951334298608864,0.40421951962826663
readk,200,0.4,spline3,DRF,rct_only,100,27,0.3978844121904308,0.6088810465541622,0.667777082315332,0.45856010007549297
readk,200,0.4,spline3,RF,selected,100,27,0.3016757502403093,0.5375841700301204,0.45653033197426957,0.3544706991292724
readk,200,0.4,spline3,RF,rct_only,100,27,0.4357730592872333,0.6365323817159387,0.7307950063287171,0.36280993512946746
readk,200,0.4,neural,DRF,selected,100,27,0.31821746384039057,0.5452834682246007,0.4843727865828704,0.43306473697844095
readk,200,0.4,neural,DRF,rct_only,100,27,0.4081641914033168,0.599101859679652,0.8209235720561961,0.42549401165366163
readk,200,0.4,neural,RF,selected,100,27,0.310920654677611,0.5395988720132614,0.47001239981479115,0.39782038860648017
readk,200,0.4,neural,RF,rct_only,100,27,0.4086383338223921,0.6022742874891851,0.8497806175172063,0.5043152208518532
readk,200,0.8,spline3,DRF,selected,100,27,0.3090945259721096,0.5424319646175344,0.4797176463455664,0.4323120621307563
readk,200,0.8,spline3,DRF,rct_only,100,27,0.4346007252968144,0.6339808675880293,0.7144895684142234,0.38067788178035356
readk,200,0.8,spline3,RF,selected,100,27,0.3065358278549587,0.5418710582708415,0.46378003679963187,0.45798938342072754
readk,200,0.8,spline3,RF,rct_only,100,27,0.4842290245262056,0.6678135746844052,0.7951382904386907,0.36337521308405724
readk,200,0.8,neural,DRF,selected,100,27,0.317435725874897,0.5468780845965884,0.5191547107881415,0.37936505639848495
readk,200,0.8,neural,DRF,rct_only,100,27,0.42791352733769317,0.6138236801020981,0.9378790126054943,0.4418729734266267
readk,200,0.8,neural,RF,selected,100,27,0.2960920071518579,0.5322150556590459,0.43843151219277837,0.3161403267195924
readk,200,0.8,neural,RF,rct_only,100,27,0.44039180275747486,0.6211418262235422,0.9617279119462365,0.5177846801921066
readk,400,0.4,spline3,DRF,selected,100,27,0.15355377836288447,0.38397418601038447,0.2286757568727948,0.21994301252825432
readk,400,0.4,spline3,DRF,rct_only,100,27,0.1820661360874928,0.41558854995761146,0.2825451114843891,0.22267432579156704
readk,400,0.4,spline3,RF,selected,100,27,0.15433298929941922,0.38427303610075686,0.23196636950240843,0.20443323877941127
readk,400,0.4,spline3,RF,rct_only,100,27,0.19013248514400488,0.42293714983616515,0.30644987683213254,0.22829165842808602
readk,400,0.4,neural,DRF,selected,100,27,0.42907726361067794,0.46934831859421344,2.0020282837476775,0.6431301314992401
readk,400,0.4,neural,DRF,rct_only,100,27,0.17434934383789752,0.4086898142901482,0.26850557482174897,0.33102229661476995
readk,400,0.4,neural,RF,selected,100,27,0.31948985682029446,0.4321817906228723,1.6433886213059614,0.6073481545885313
readk,400,0.4,neural,RF,rct_only,100,27,0.183803046544502,0.4169693355156937,0.2980156022196656,0.36221120682774366
readk,400,0.8,spline3,DRF,selected,100,27,0.1768615848063195,0.4112651168916309,0.27181029204067453,0.35207909378548247
readk,400,0.8,spline3,DRF,rct_only,100,27,0.20988538832522055,0.44547173788064215,0.32469982735064595,0.36152411246722804
readk,400,0.8,spline3,RF,selected,100,27,0.1804803181462779,0.41533948621836314,0.27807369256947084,0.3264699500591198
readk,400,0.8,spline3,RF,rct_only,100,27,0.2154318656190095,0.4518212581477794,0.3381498662345291,0.36818407404669135
readk,400,0.8,neural,DRF,selected,100,27,0.21533745467421245,0.4261769226011211,0.616575344701765,0.4380127572388761
readk,400,0.8,neural,DRF,rct_only,100,27,0.18340574083655897,0.4154083534948138,0.25242016578905063,0.3781231602266274
readk,400,0.8,neural,RF,selected,100,27,0.21031869367766629,0.42646604123584425,0.3585581338361597,0.4225558434079365
readk,400,0.8,neural,RF,rct_only,100,27,0.18345443479992846,0.41732413145891667,0.25027223047591546,0.352545434798776
