family,shift,n_rct,sieve_label,route,learner,metric,value,monte_carlo_se,replications
scm1,strong,200,neural,balanced_x,DRF,risk_selected,0.7291126528432944,0.04066553446102511,100
scm1,strong,200,neural,balanced_x,DRF,risk_rct_only,0.9736303366699641,0.06104168574997161,100
scm1,strong,200,neural,balanced_x,DRF,risk_grid_oracle,0.5164449404291342,0.026949089040876405,100
scm1,strong,200,neural,balanced_x,DRF,risk_lambda_only,0.7465665209608396,0.0423714180260497,100
scm1,strong,200,neural,balanced_x,DRF,risk_omega_only,0.9203866909798579,0.07461382845770209,100
scm1,strong,200,neural,balanced_x,DRF,selected_lambda,0.7275,0.039102138978926365,100
scm1,strong,200,neural,balanced_x,DRF,selected_omega,0.485,0.03790938158452617,100
scm1,strong,200,neural,balanced_x,DRF,risk_selected_minus_rct,-0.24451768382666958,0.04914771077889065,100
scm1,strong,200,neural,balanced_x,DRF,score_selected_minus_rct,-0.6081798963755475,0.07896253827336874,100
scm1,strong,200,neural,balanced_x,RF,risk_selected,0.7296465421652377,0.04102970212157027,100
scm1,strong,200,neural,balanced_x,RF,risk_rct_only,0.9862197675065946,0.060965097978902094,100
scm1,strong,200,neural,balanced_x,RF,risk_grid_oracle,0.5195157649595725,0.02787541313864003,100
scm1,strong,200,neural,balanced_x,RF,risk_lambda_only,0.7830366332327924,0.04846747939220926,100
scm1,strong,200,neural,balanced_x,RF,risk_omega_only,0.855072787328296,0.0477366605250137,100
scm1,strong,200,neural,balanced_x,RF,selected_lambda,0.7175,0.03837859646556485,100
scm1,strong,200,neural,balanced_x,RF,selected_omega,0.5225,0.03795515030063028,100
scm1,strong,200,neural,balanced_x,RF,risk_selected_minus_rct,-0.2565732253413569,0.05616792659136858,100
scm1,strong,200,neural,balanced_x,RF,score_selected_minus_rct,-0.5880221595963887,0.07119427285571922,100
scm1,strong,200,neural,balanced_x,domain_indicator_pool,risk_selected,0.24266586800773504,0.01012758171162727,100
scm1,strong,200,neural,balanced_x,domain_indicator_pool,risk_rct_only,0.9736303366699641,0.06104168574997161,100
scm1,strong,200,neural,balanced_x,experimental_grounding,risk_selected,6.250453377534825,0.3138216932202129,100
scm1,strong,200,neural,balanced_x,experimental_grounding,risk_rct_only,0.9736303366699641,0.06104168574997161,100
scm1,strong,200,neural,balanced_x_ghat,DRF,risk_selected,0.7383987924626428,0.042421655416743614,100
scm1,strong,200,neural,balanced_x_ghat,DRF,risk_rct_only,0.9736303366699641,0.06104168574997161,100
scm1,strong,200,neural,balanced_x_ghat,DRF,risk_grid_oracle,0.517005041250811,0.026800620998415948,100
scm1,strong,200,neural,balanced_x_ghat,DRF,risk_lambda_only,0.7465665209608396,0.0423714180260497,100
scm1,strong,200,neural,balanced_x_ghat,DRF,risk_omega_only,0.9445364355044217,0.08005018438485582,100
scm1,strong,200,neural,balanced_x_ghat,DRF,selected_lambda,0.7275,0.03958353269487276,100
scm1,strong,200,neural,balanced_x_ghat,DRF,selected_omega,0.4925,0.03834568312263343,100
scm1,strong,200,neural,balanced_x_ghat,DRF,risk_selected_minus_rct,-0.23523154420732145,0.05055168858339311,100
scm1,strong,200,neural,balanced_x_ghat,DRF,score_selected_minus_rct,-0.6118579951080462,0.07879466007870548,100
scm1,strong,200,neural,balanced_x_ghat,RF,risk_selected,0.7444099299691177,0.042049417481334575,100
scm1,strong,200,neural,balanced_x_ghat,RF,risk_rct_only,0.9862197675065946,0.060965097978902094,100
scm1,strong,200,neural,balanced_x_ghat,RF,risk_grid_oracle,0.519712074477163,0.028002502354136462,100
scm1,strong,200,neural,balanced_x_ghat,RF,risk_lambda_only,0.7830366332327924,0.04846747939220926,100
scm1,strong,200,neural,balanced_x_ghat,RF,risk_omega_only,0.8691406842415732,0.048301179897292344,100
scm1,strong,200,neural,balanced_x_ghat,RF,selected_lambda,0.72,0.03815174380753199,100
scm1,strong,200,neural,balanced_x_ghat,RF,selected_omega,0.5275,0.038745315780743035,100
scm1,strong,200,neural,balanced_x_ghat,RF,risk_selected_minus_rct,-0.241809837537477,0.05755110658444408,100
scm1,strong,200,neural,balanced_x_ghat,RF,score_selected_minus_rct,-0.5913289444510752,0.0710003383857988,100
scm1,strong,200,neural,balanced_x_ghat,domain_indicator_pool,risk_selected,0.24266586800773504,0.01012758171162727,100
scm1,strong,200,neural,balanced_x_ghat,domain_indicator_pool,risk_rct_only,0.9736303366699641,0.06104168574997161,100
scm1,strong,200,neural,balanced_x_ghat,experimental_grounding,risk_selected,6.250453377534825,0.3138216932202129,100
scm1,strong,200,neural,balanced_x_ghat,experimental_grounding,risk_rct_only,0.9736303366699641,0.06104168574997161,100
scm1,strong,200,neural,classifier,DRF,risk_selected,0.7285112661496358,0.04062421465119891,100
scm1,strong,200,neural,classifier,DRF,risk_rct_only,0.9736303366699641,0.06104168574997161,100
scm1,strong,200,neural,classifier,DRF,risk_grid_oracle,0.5159612627391857,0.02695593921689678,100
scm1,strong,200,neural,classifier,DRF,risk_lambda_only,0.7465665209608396,0.0423714180260497,100
scm1,strong,200,neural,classifier,DRF,risk_omega_only,0.9215226384155162,0.07526310270531235,100
scm1,strong,200,neural,classifier,DRF,selected_lambda,0.73,0.03919647479510927,100
scm1,strong,200,neural,classifier,DRF,selected_omega,0.48,0.03805232973130289,100
scm1,strong,200,neural,classifier,DRF,risk_selected_minus_rct,-0.24511907052032844,0.049110568645063093,100
scm1,strong,200,neural,classifier,DRF,score_selected_minus_rct,-0.6082631485375452,0.0789715832596997,100
scm1,strong,200,neural,classifier,RF,risk_selected,0.7279702979631135,0.04098277490164385,100
scm1,strong,200,neural,classifier,RF,risk_rct_only,0.9862197675065946,0.060965097978902094,100
scm1,strong,200,neural,classifier,RF,risk_grid_oracle,0.5189108908543865,0.02789134524021068,100
scm1,strong,200,neural,classifier,RF,risk_lambda_only,0.7830366332327924,0.04846747939220926,100
scm1,strong,200,neural,classifier,RF,risk_omega_only,0.8538518687716166,0.04763691292921614,100
scm1,strong,200,neural,classifier,RF,selected_lambda,0.715,0.03860248068649883,100
scm1,strong,200,neural,classifier,RF,selected_omega,0.52,0.03805232973130289,100
scm1,strong,200,neural,classifier,RF,risk_selected_minus_rct,-0.2582494695434812,0.05633208453078925,100
scm1,strong,200,neural,classifier,RF,score_selected_minus_rct,-0.588376205357818,0.07123404953440561,100
scm1,strong,200,neural,classifier,domain_indicator_pool,risk_selected,0.24266586800773504,0.01012758171162727,100
scm1,strong,200,neural,classifier,domain_indicator_pool,risk_rct_only,0.9736303366699641,0.06104168574997161,100
scm1,strong,200,neural,classifier,experimental_grounding,risk_selected,6.250453377534825,0.3138216932202129,100
scm1,strong,200,neural,classifier,experimental_grounding,risk_rct_only,0.9736303366699641,0.06104168574997161,100
scm1,strong,200,neural,oracle,DRF,risk_selected,0.6957147702542029,0.037791121783985776,100
scm1,strong,200,neural,oracle,DRF,risk_rct_only,0.9736303366699641,0.06104168574997161,100
scm1,strong,200,neural,oracle,DRF,risk_grid_oracle,0.5098118270618965,0.025811488932834203,100
scm1,strong,200,neural,oracle,DRF,risk_lambda_only,0.7465665209608396,0.0423714180260497,100
scm1,strong,200,neural,oracle,DRF,risk_omega_only,0.8739557508157769,0.06057117672800375,100
scm1,strong,200,neural,oracle,DRF,selected_lambda,0.7375,0.0384968515044747,100
scm1,strong,200,neural,oracle,DRF,selected_omega,0.465,0.03553700589355816,100
scm1,strong,200,neural,oracle,DRF,risk_selected_minus_rct,-0.2779155664157611,0.0480889985666756,100
scm1,strong,200,neural,oracle,DRF,score_selected_minus_rct,-0.5959056650466351,0.07682889869539265,100
scm1,strong,200,neural,oracle,RF,risk_selected,0.707218501647963,0.037915155704645584,100
scm1,strong,200,neural,oracle,RF,risk_rct_only,0.9862197675065946,0.060965097978902094,100
scm1,strong,200,neural,oracle,RF,risk_grid_oracle,0.5104893741807991,0.026294729748500317,100
scm1,strong,200,neural,oracle,RF,risk_lambda_only,0.7830366332327924,0.04846747939220926,100
scm1,strong,200,neural,oracle,RF,risk_omega_only,0.826856270828447,0.04474997520338894,100
scm1,strong,200,neural,oracle,RF,selected_lambda,0.72,0.03781934730138835,100
scm1,strong,200,neural,oracle,RF,selected_omega,0.4875,0.036128104004914216,100
scm1,strong,200,neural,oracle,RF,risk_selected_minus_rct,-0.2790012658586317,0.05463480040199555,100
scm1,strong,200,neural,oracle,RF,score_selected_minus_rct,-0.5758296514860323,0.0700767007960307,100
scm1,strong,200,neural,oracle,domain_indicator_pool,risk_selected,0.24266586800773504,0.01012758171162727,100
scm1,strong,200,neural,oracle,domain_indicator_pool,risk_rct_only,0.9736303366699641,0.06104168574997161,100
scm1,strong,200,neural,oracle,experimental_grounding,risk_selected,6.250453377534825,0.3138216932202129,100
scm1,strong,200,neural,oracle,experimental_grounding,risk_rct_only,0.9736303366699641,0.06104168574997161,100
scm1,strong,200,neural,unit,DRF,risk_selected,0.9258707078631556,0.0821484049019665,100
scm1,strong,200,neural,unit,DRF,risk_rct_only,0.9736303366699641,0.06104168574997161,100
scm1,strong,200,neural,unit,DRF,risk_grid_oracle,0.5130533811908551,0.026148639620713808,100
scm1,strong,200,neural,unit,DRF,risk_lambda_only,0.7465665209608396,0.0423714180260497,100
scm1,strong,200,neural,unit,DRF,risk_omega_only,1.014947242383759,0.08207933523207932,100
scm1,strong,200,neural,unit,DRF,selected_lambda,0.7175,0.040304240697249444,100
scm1,strong,200,neural,unit,DRF,selected_omega,0.5575,0.04172041987256881,100
scm1,strong,200,neural,unit,DRF,risk_selected_minus_rct,-0.0477596288068084,0.08070062314077912,100
scm1,strong,200,neural,unit,DRF,score_selected_minus_rct,-0.7129151883432604,0.08110602475318573,100
scm1,strong,200,neural,unit,RF,risk_selected,0.9139670959284213,0.08073410883057078,100
scm1,strong,200,neural,unit,RF,risk_rct_only,0.9862197675065946,0.060965097978902094,100
scm1,strong,200,neural,unit,RF,risk_grid_oracle,0.5177721041366792,0.02771306275214074,100
scm1,strong,200,neural,unit,RF,risk_lambda_only,0.7830366332327924,0.04846747939220926,100
scm1,strong,200,neural,unit,RF,risk_omega_only,1.0142396849684725,0.08135047794000752,100
scm1,strong,200,neural,unit,RF,selected_lambda,0.715,0.038928190818532014,100
scm1,strong,200,neural,unit,RF,selected_omega,0.5825,0.04098764903891627,100
scm1,strong,200,neural,unit,RF,risk_selected_minus_rct,-0.07225267157817314,0.0786019381114893,100
scm1,strong,200,neural,unit,RF,score_selected_minus_rct,-0.6947348492809653,0.07457344082645388,100
scm1,strong,200,neural,unit,domain_indicator_pool,risk_selected,0.24266586800773504,0.01012758171162727,100
scm1,strong,200,neural,unit,domain_indicator_pool,risk_rct_only,0.9736303366699641,0.06104168574997161,100
scm1,strong,200,neural,unit,experimental_grounding,risk_selected,6.250453377534825,0.3138216932202129,100
scm1,strong,200,neural,unit,experimental_grounding,risk_rct_only,0.9736303366699641,0.06104168574997161,100
scm2,strong,200,neural,balanced_x,DRF,risk_selected,0.9618177775915,0.06905272170208801,100
scm2,strong,200,neural,balanced_x,DRF,risk_rct_only,1.3692174074434993,0.16518556176468888,100
scm2,strong,200,neural,balanced_x,DRF,risk_grid_oracle,0.6524072387103117,0.02284377011023261,100
scm2,strong,200,neural,balanced_x,DRF,risk_lambda_only,1.0651232589212454,0.16333933305553264,100
scm2,strong,200,neural,balanced_x,DRF,risk_omega_only,1.272807232950385,0.08601546012192535,100
scm2,strong,200,neural,balanced_x,DRF,selected_lambda,0.73,0.03600645284479779,100
scm2,strong,200,neural,balanced_x,DRF,selected_omega,0.4825,0.041018442513857424,100
scm2,strong,200,neural,balanced_x,DRF,risk_selected_minus_rct,-0.40739962985199946,0.1604288290717115,100
scm2,strong,200,neural,balanced_x,DRF,score_selected_minus_rct,-0.7438776608617407,0.07036365152681215,100
scm2,strong,200,neural,balanced_x,RF,risk_selected,0.942720584618491,0.07081019749293777,100
scm2,strong,200,neural,balanced_x,RF,risk_rct_only,1.4353373473266475,0.16215527810416902,100
scm2,strong,200,neural,balanced_x,RF,risk_grid_oracle,0.6398898466161608,0.02222955633521123,100
scm2,strong,200,neural,balanced_x,RF,risk_lambda_only,1.1592878288515285,0.24553784807629916,100
scm2,strong,200,neural,balanced_x,RF,risk_omega_only,1.2681641741379965,0.09222338393809132,100
scm2,strong,200,neural,balanced_x,RF,selected_lambda,0.7325,0.03697101649408711,100
scm2,strong,200,neural,balanced_x,RF,selected_omega,0.525,0.039806983804301976,100
scm2,strong,200,neural,balanced_x,RF,risk_selected_minus_rct,-0.4926167627081566,0.16422192772675798,100
scm2,strong,200,neural,balanced_x,RF,score_selected_minus_rct,-0.8314776607442949,0.07823261928542373,100
scm2,strong,200,neural,balanced_x,domain_indicator_pool,risk_selected,0.39101783872568374,0.01645797637482262,100
scm2,strong,200,neural,balanced_x,domain_indicator_pool,risk_rct_only,1.3692174074434993,0.16518556176468888,100
scm2,strong,200,neural,balanced_x,experimental_grounding,risk_selected,8.576021129448446,0.4772808575887093,100
scm2,strong,200,neural,balanced_x,experimental_grounding,risk_rct_only,1.3692174074434993,0.16518556176468888,100
scm2,strong,200,neural,balanced_x_ghat,DRF,risk_selected,1.0033959304631934,0.07450432485497609,100
scm2,strong,200,neural,balanced_x_ghat,DRF,risk_rct_only,1.3692174074434993,0.16518556176468888,100
scm2,strong,200,neural,balanced_x_ghat,DRF,risk_grid_oracle,0.6578614570947927,0.023768777420120818,100
scm2,strong,200,neural,balanced_x_ghat,DRF,risk_lambda_only,1.0651232589212454,0.16333933305553264,100
scm2,strong,200,neural,balanced_x_ghat,DRF,risk_omega_only,1.3177143836894876,0.0924598055816785,100
scm2,strong,200,neural,balanced_x_ghat,DRF,selected_lambda,0.7225,0.03690949208619114,100
scm2,strong,200,neural,balanced_x_ghat,DRF,selected_omega,0.495,0.04097609551971007,100
scm2,strong,200,neural,balanced_x_ghat,DRF,risk_selected_minus_rct,-0.36582147698030604,0.1619303236290329,100
scm2,strong,200,neural,balanced_x_ghat,DRF,score_selected_minus_rct,-0.749797119752009,0.07039012982958681,100
scm2,strong,200,neural,balanced_x_ghat,RF,risk_selected,0.9834399002367062,0.07611191549991124,100
scm2,strong,200,neural,balanced_x_ghat,RF,risk_rct_only,1.4353373473266475,0.16215527810416902,100
scm2,strong,200,neural,balanced_x_ghat,RF,risk_grid_oracle,0.6475392380520443,0.02290119635095502,100
scm2,strong,200,neural,balanced_x_ghat,RF,risk_lambda_only,1.1592878288515285,0.24553784807629916,100
scm2,strong,200,neural,balanced_x_ghat,RF,risk_omega_only,1.3334186389852007,0.10086011308592106,100
scm2,strong,200,neural,balanced_x_ghat,RF,selected_lambda,0.73,0.037382813530748966,100
scm2,strong,200,neural,balanced_x_ghat,RF,selected_omega,0.515,0.040330077504452576,100
scm2,strong,200,neural,balanced_x_ghat,RF,risk_selected_minus_rct,-0.4518974470899415,0.166841014949957,100
scm2,strong,200,neural,balanced_x_ghat,RF,score_selected_minus_rct,-0.8315000114443631,0.07810734533795746,100
scm2,strong,200,neural,balanced_x_ghat,domain_indicator_pool,risk_selected,0.39101783872568374,0.01645797637482262,100
scm2,strong,200,neural,balanced_x_ghat,domain_indicator_pool,risk_rct_only,1.3692174074434993,0.16518556176468888,100
scm2,strong,200,neural,balanced_x_ghat,experimental_grounding,risk_selected,8.576021129448446,0.4772808575887093,100
scm2,strong,200,neural,balanced_x_ghat,experimental_grounding,risk_rct_only,1.3692174074434993,0.16518556176468888,100
scm2,strong,200,neural,classifier,DRF,risk_selected,0.9603290208118251,0.06897467835195945,100
scm2,strong,200,neural,classifier,DRF,risk_rct_only,1.3692174074434993,0.16518556176468888,100
scm2,strong,200,neural,classifier,DRF,risk_grid_oracle,0.6518529200384624,0.022836360879689734,100
scm2,strong,200,neural,classifier,DRF,risk_lambda_only,1.0651232589212454,0.16333933305553264,100
scm2,strong,200,neural,classifier,DRF,risk_omega_only,1.2712403322088763,0.08598367011939743,100
scm2,strong,200,neural,classifier,DRF,selected_lambda,0.73,0.03600645284479779,100
scm2,strong,200,neural,classifier,DRF,selected_omega,0.4825,0.041018442513857424,100
scm2,strong,200,neural,classifier,DRF,risk_selected_minus_rct,-0.40888838663167426,0.1603563755181454,100
scm2,strong,200,neural,classifier,DRF,score_selected_minus_rct,-0.7436621165349097,0.07039879148244038,100
scm2,strong,200,neural,classifier,RF,risk_selected,0.9416173058170061,0.07077906229895173,100
scm2,strong,200,neural,classifier,RF,risk_rct_only,1.4353373473266475,0.16215527810416902,100
scm2,strong,200,neural,classifier,RF,risk_grid_oracle,0.639229412367567,0.022201967591844916,100
scm2,strong,200,neural,classifier,RF,risk_lambda_only,1.1592878288515285,0.24553784807629916,100
scm2,strong,200,neural,classifier,RF,risk_omega_only,1.2698178932051425,0.09235004436070676,100
scm2,strong,200,neural,classifier,RF,selected_lambda,0.7325,0.03697101649408711,100
scm2,strong,200,neural,classifier,RF,selected_omega,0.525,0.039806983804301976,100
scm2,strong,200,neural,classifier,RF,risk_selected_minus_rct,-0.4937200415096416,0.16418433401585691,100
scm2,strong,200,neural,classifier,RF,score_selected_minus_rct,-0.8314105165645417,0.07831110489855839,100
scm2,strong,200,neural,classifier,domain_indicator_pool,risk_selected,0.39101783872568374,0.01645797637482262,100
scm2,strong,200,neural,classifier,domain_indicator_pool,risk_rct_only,1.3692174074434993,0.16518556176468888,100
scm2,strong,200,neural,classifier,experimental_grounding,risk_selected,8.576021129448446,0.4772808575887093,100
scm2,strong,200,neural,classifier,experimental_grounding,risk_rct_only,1.3692174074434993,0.16518556176468888,100
scm2,strong,200,neural,oracle,DRF,risk_selected,0.907314973447752,0.0647025159718786,100
scm2,strong,200,neural,oracle,DRF,risk_rct_only,1.3692174074434993,0.16518556176468888,100
scm2,strong,200,neural,oracle,DRF,risk_grid_oracle,0.6371945390891363,0.02165787963280926,100
scm2,strong,200,neural,oracle,DRF,risk_lambda_only,1.0651232589212454,0.16333933305553264,100
scm2,strong,200,neural,oracle,DRF,risk_omega_only,1.2088923780942873,0.08304020028864627,100
scm2,strong,200,neural,oracle,DRF,selected_lambda,0.7275,0.037283889065364194,100
scm2,strong,200,neural,oracle,DRF,selected_omega,0.4725,0.04034181603760695,100
scm2,strong,200,neural,oracle,DRF,risk_selected_minus_rct,-0.4619024339957475,0.15945332294484016,100
scm2,strong,200,neural,oracle,DRF,score_selected_minus_rct,-0.7176395042479841,0.0692834155025743,100
scm2,strong,200,neural,oracle,RF,risk_selected,0.9014611033932484,0.07582530150751385,100
scm2,strong,200,neural,oracle,RF,risk_rct_only,1.4353373473266475,0.16215527810416902,100
scm2,strong,200,neural,oracle,RF,risk_grid_oracle,0.6261298003629507,0.021481863694125795,100
scm2,strong,200,neural,oracle,RF,risk_lambda_only,1.1592878288515285,0.24553784807629916,100
scm2,strong,200,neural,oracle,RF,risk_omega_only,1.182579583287152,0.08281090325850464,100
scm2,strong,200,neural,oracle,RF,selected_lambda,0.74,0.03604850828390753,100
scm2,strong,200,neural,oracle,RF,selected_omega,0.4925,0.036489759183262985,100
scm2,strong,200,neural,oracle,RF,risk_selected_minus_rct,-0.5338762439333992,0.1670755605201551,100
scm2,strong,200,neural,oracle,RF,score_selected_minus_rct,-0.8042734515726278,0.07867776240463818,100
scm2,strong,200,neural,oracle,domain_indicator_pool,risk_selected,0.39101783872568374,0.01645797637482262,100
scm2,strong,200,neural,oracle,domain_indicator_pool,risk_rct_only,1.3692174074434993,0.16518556176468888,100
scm2,strong,200,neural,oracle,experimental_grounding,risk_selected,8.576021129448446,0.4772808575887093,100
scm2,strong,200,neural,oracle,experimental_grounding,risk_rct_only,1.3692174074434993,0.16518556176468888,100
scm2,strong,200,neural,unit,DRF,risk_selected,0.9654086881900725,0.08508255895068366,100
scm2,strong,200,neural,unit,DRF,risk_rct_only,1.3692174074434993,0.16518556176468888,100
scm2,strong,200,neural,unit,DRF,risk_grid_oracle,0.6399684701322438,0.024060312826887347,100
scm2,strong,200,neural,unit,DRF,risk_lambda_only,1.0651232589212454,0.16333933305553264,100
scm2,strong,200,neural,unit,DRF,risk_omega_only,1.2762174360629521,0.10607675142140494,100
scm2,strong,200,neural,unit,DRF,selected_lambda,0.715,0.03727118745279541,100
scm2,strong,200,neural,unit,DRF,selected_omega,0.5175,0.04147760135472415,100
scm2,strong,200,neural,unit,DRF,risk_selected_minus_rct,-0.403808719253427,0.143175854037096,100
scm2,strong,200,neural,unit,DRF,score_selected_minus_rct,-0.7620545756581266,0.07584334440898574,100
scm2,strong,200,neural,unit,RF,risk_selected,0.992354309573297,0.08510360046251572,100
scm2,strong,200,neural,unit,RF,risk_rct_only,1.4353373473266475,0.16215527810416902,100
scm2,strong,200,neural,unit,RF,risk_grid_oracle,0.6262641124872385,0.02365020500886084,100
scm2,strong,200,neural,unit,RF,risk_lambda_only,1.1592878288515285,0.24553784807629916,100
scm2,strong,200,neural,unit,RF,risk_omega_only,1.256991982135899,0.10452377171770329,100
scm2,strong,200,neural,unit,RF,selected_lambda,0.725,0.03701282878880639,100
scm2,strong,200,neural,unit,RF,selected_omega,0.55,0.04020151261036849,100
scm2,strong,200,neural,unit,RF,risk_selected_minus_rct,-0.44298303775335063,0.15044767195708514,100
scm2,strong,200,neural,unit,RF,score_selected_minus_rct,-0.8571799104958296,0.08884444300393493,100
scm2,strong,200,neural,unit,domain_indicator_pool,risk_selected,0.39101783872568374,0.01645797637482262,100
scm2,strong,200,neural,unit,domain_indicator_pool,risk_rct_only,1.3692174074434993,0.16518556176468888,100
scm2,strong,200,neural,unit,experimental_grounding,risk_selected,8.576021129448446,0.4772808575887093,100
scm2,strong,200,neural,unit,experimental_grounding,risk_rct_only,1.3692174074434993,0.16518556176468888,100
scm3,strong,200,neural,balanced_x,DRF,risk_selected,1.2113119085421695,0.06371723455860673,100
scm3,strong,200,neural,balanced_x,DRF,risk_rct_only,1.4284609403347255,0.07103210336740368,100
scm3,strong,200,neural,balanced_x,DRF,risk_grid_oracle,0.8065392716852051,0.03206202023114323,100
scm3,strong,200,neural,balanced_x,DRF,risk_lambda_only,1.1304806777596996,0.046194350632575716,100
scm3,strong,200,neural,balanced_x,DRF,risk_omega_only,1.393381717616615,0.0720494674188125,100
scm3,strong,200,neural,balanced_x,DRF,selected_lambda,0.635,0.04210676665311405,100
scm3,strong,200,neural,balanced_x,DRF,selected_omega,0.435,0.040141794134837025,100
scm3,strong,200,neural,balanced_x,DRF,risk_selected_minus_rct,-0.2171490317925561,0.07571714510840141,100
scm3,strong,200,neural,balanced_x,DRF,score_selected_minus_rct,-0.8194149456253043,0.09999564275099673,100
scm3,strong,200,neural,balanced_x,RF,risk_selected,1.1879151620040238,0.06399561193131009,100
scm3,strong,200,neural,balanced_x,RF,risk_rct_only,1.4721785167897752,0.08716582284203181,100
scm3,strong,200,neural,balanced_x,RF,risk_grid_oracle,0.8186407767710548,0.03270039083413641,100
scm3,strong,200,neural,balanced_x,RF,risk_lambda_only,1.1430248857241394,0.04669681754038864,100
scm3,strong,200,neural,balanced_x,RF,risk_omega_only,1.4009873850202497,0.07296327931864924,100
scm3,strong,200,neural,balanced_x,RF,selected_lambda,0.6675,0.04067843222746973,100
scm3,strong,200,neural,balanced_x,RF,selected_omega,0.4325,0.04049176871085448,100
scm3,strong,200,neural,balanced_x,RF,risk_selected_minus_rct,-0.2842633547857517,0.09610141015196874,100
scm3,strong,200,neural,balanced_x,RF,score_selected_minus_rct,-0.8281038045422037,0.09253504527804861,100
scm3,strong,200,neural,balanced_x,domain_indicator_pool,risk_selected,0.40533398326613546,0.016520220163729536,100
scm3,strong,200,neural,balanced_x,domain_indicator_pool,risk_rct_only,1.4284609403347255,0.07103210336740368,100
scm3,strong,200,neural,balanced_x,experimental_grounding,risk_selected,8.595623527439663,0.3748901025664894,100
scm3,strong,200,neural,balanced_x,experimental_grounding,risk_rct_only,1.4284609403347255,0.07103210336740368,100
scm3,strong,200,neural,balanced_x_ghat,DRF,risk_selected,1.1994330965708384,0.06307756906298985,100
scm3,strong,200,neural,balanced_x_ghat,DRF,risk_rct_only,1.4284609403347255,0.07103210336740368,100
scm3,strong,200,neural,balanced_x_ghat,DRF,risk_grid_oracle,0.8091893877392488,0.03238286258969875,100
scm3,strong,200,neural,balanced_x_ghat,DRF,risk_lambda_only,1.1304806777596996,0.046194350632575716,100
scm3,strong,200,neural,balanced_x_ghat,DRF,risk_omega_only,1.4025040232629942,0.07546273709501622,100
scm3,strong,200,neural,balanced_x_ghat,DRF,selected_lambda,0.645,0.041920439314530475,100
scm3,strong,200,neural,balanced_x_ghat,DRF,selected_omega,0.4275,0.039932866643703886,100
scm3,strong,200,neural,balanced_x_ghat,DRF,risk_selected_minus_rct,-0.22902784376388702,0.07563270287743257,100
scm3,strong,200,neural,balanced_x_ghat,DRF,score_selected_minus_rct,-0.8132331066044651,0.09990061502350497,100
scm3,strong,200,neural,balanced_x_ghat,RF,risk_selected,1.2161316904725101,0.06900665716209592,100
scm3,strong,200,neural,balanced_x_ghat,RF,risk_rct_only,1.4721785167897752,0.08716582284203181,100
scm3,strong,200,neural,balanced_x_ghat,RF,risk_grid_oracle,0.8204037552110607,0.03295327902504702,100
scm3,strong,200,neural,balanced_x_ghat,RF,risk_lambda_only,1.1430248857241394,0.04669681754038864,100
scm3,strong,200,neural,balanced_x_ghat,RF,risk_omega_only,1.4249942720073927,0.07706098071441174,100
scm3,strong,200,neural,balanced_x_ghat,RF,selected_lambda,0.6675,0.04021014872648521,100
scm3,strong,200,neural,balanced_x_ghat,RF,selected_omega,0.42,0.04018266373259076,100
scm3,strong,200,neural,balanced_x_ghat,RF,risk_selected_minus_rct,-0.2560468263172651,0.0983022468131673,100
scm3,strong,200,neural,balanced_x_ghat,RF,score_selected_minus_rct,-0.8232694193104071,0.09264950136733613,100
scm3,strong,200,neural,balanced_x_ghat,domain_indicator_pool,risk_selected,0.40533398326613546,0.016520220163729536,100
scm3,strong,200,neural,balanced_x_ghat,domain_indicator_pool,risk_rct_only,1.4284609403347255,0.07103210336740368,100
scm3,strong,200,neural,balanced_x_ghat,experimental_grounding,risk_selected,8.595623527439663,0.3748901025664894,100
scm3,strong,200,neural,balanced_x_ghat,experimental_grounding,risk_rct_only,1.4284609403347255,0.07103210336740368,100
scm3,strong,200,neural,classifier,DRF,risk_selected,1.208905058397133,0.06354631888422316,100
scm3,strong,200,neural,classifier,DRF,risk_rct_only,1.4284609403347255,0.07103210336740368,100
scm3,strong,200,neural,classifier,DRF,risk_grid_oracle,0.8055899925656805,0.03204508616326281,100
scm3,strong,200,neural,classifier,DRF,risk_lambda_only,1.1304806777596996,0.046194350632575716,100
scm3,strong,200,neural,classifier,DRF,risk_omega_only,1.3905724135350732,0.0719093528379518,100
scm3,strong,200,neural,classifier,DRF,selected_lambda,0.635,0.04210676665311405,100
scm3,strong,200,neural,classifier,DRF,selected_omega,0.435,0.040141794134837025,100
scm3,strong,200,neural,classifier,DRF,risk_selected_minus_rct,-0.21955588193759226,0.07557857732853338,100
scm3,strong,200,neural,classifier,DRF,score_selected_minus_rct,-0.8180103651073253,0.09992089715382999,100
scm3,strong,200,neural,classifier,RF,risk_selected,1.1856481966471124,0.06384459127764294,100
scm3,strong,200,neural,classifier,RF,risk_rct_only,1.4721785167897752,0.08716582284203181,100
scm3,strong,200,neural,classifier,RF,risk_grid_oracle,0.8176780710879378,0.03268094819514271,100
scm3,strong,200,neural,classifier,RF,risk_lambda_only,1.1430248857241394,0.04669681754038864,100
scm3,strong,200,neural,classifier,RF,risk_omega_only,1.3982760898920878,0.07277577348379824,100
scm3,strong,200,neural,classifier,RF,selected_lambda,0.6675,0.04067843222746973,100
scm3,strong,200,neural,classifier,RF,selected_omega,0.4325,0.04049176871085448,100
scm3,strong,200,neural,classifier,RF,risk_selected_minus_rct,-0.2865303201426629,0.09601637221120125,100
scm3,strong,200,neural,classifier,RF,score_selected_minus_rct,-0.8267959165931994,0.09243863699031077,100
scm3,strong,200,neural,classifier,domain_indicator_pool,risk_selected,0.40533398326613546,0.016520220163729536,100
scm3,strong,200,neural,classifier,domain_indicator_pool,risk_rct_only,1.4284609403347255,0.07103210336740368,100
scm3,strong,200,neural,classifier,experimental_grounding,risk_selected,8.595623527439663,0.3748901025664894,100
scm3,strong,200,neural,classifier,experimental_grounding,risk_rct_only,1.4284609403347255,0.07103210336740368,100
scm3,strong,200,neural,oracle,DRF,risk_selected,1.1446970381799215,0.05989025592903865,100
scm3,strong,200,neural,oracle,DRF,risk_rct_only,1.4284609403347255,0.07103210336740368,100
scm3,strong,200,neural,oracle,DRF,risk_grid_oracle,0.8032804874609418,0.031067211229072626,100
scm3,strong,200,neural,oracle,DRF,risk_lambda_only,1.1304806777596996,0.046194350632575716,100
scm3,strong,200,neural,oracle,DRF,risk_omega_only,1.3124950521763652,0.06655297638873822,100
scm3,strong,200,neural,oracle,DRF,selected_lambda,0.655,0.0417090693332573,100
scm3,strong,200,neural,oracle,DRF,selected_omega,0.43,0.03861229196653691,100
scm3,strong,200,neural,oracle,DRF,risk_selected_minus_rct,-0.2837639021548039,0.07297033770776722,100
scm3,strong,200,neural,oracle,DRF,score_selected_minus_rct,-0.7775993117404189,0.09788350253025686,100
scm3,strong,200,neural,oracle,RF,risk_selected,1.144762412293724,0.06094512613811488,100
scm3,strong,200,neural,oracle,RF,risk_rct_only,1.4721785167897752,0.08716582284203181,100
scm3,strong,200,neural,oracle,RF,risk_grid_oracle,0.8125002202776735,0.03173554375676044,100
scm3,strong,200,neural,oracle,RF,risk_lambda_only,1.1430248857241394,0.04669681754038864,100
scm3,strong,200,neural,oracle,RF,risk_omega_only,1.3175453957969037,0.0658452930675072,100
scm3,strong,200,neural,oracle,RF,selected_lambda,0.6675,0.04036684683291876,100
scm3,strong,200,neural,oracle,RF,selected_omega,0.41,0.038191436979850064,100
scm3,strong,200,neural,oracle,RF,risk_selected_minus_rct,-0.3274161044960511,0.09397045598397656,100
scm3,strong,200,neural,oracle,RF,score_selected_minus_rct,-0.793205399542055,0.08932119824305604,100
scm3,strong,200,neural,oracle,domain_indicator_pool,risk_selected,0.40533398326613546,0.016520220163729536,100
scm3,strong,200,neural,oracle,domain_indicator_pool,risk_rct_only,1.4284609403347255,0.07103210336740368,100
scm3,strong,200,neural,oracle,experimental_grounding,risk_selected,8.595623527439663,0.3748901025664894,100
scm3,strong,200,neural,oracle,experimental_grounding,risk_rct_only,1.4284609403347255,0.07103210336740368,100
scm3,strong,200,neural,unit,DRF,risk_selected,1.1381218493623493,0.05997637271960312,100
scm3,strong,200,neural,unit,DRF,risk_rct_only,1.4284609403347255,0.07103210336740368,100
scm3,strong,200,neural,unit,DRF,risk_grid_oracle,0.805670466408944,0.03162430122151687,100
scm3,strong,200,neural,unit,DRF,risk_lambda_only,1.1304806777596996,0.046194350632575716,100
scm3,strong,200,neural,unit,DRF,risk_omega_only,1.3212232871286687,0.06789873816446165,100
scm3,strong,200,neural,unit,DRF,selected_lambda,0.655,0.04186015679942835,100
scm3,strong,200,neural,unit,DRF,selected_omega,0.4225,0.039519685671264584,100
scm3,strong,200,neural,unit,DRF,risk_selected_minus_rct,-0.29033909097237637,0.07181657231318714,100
scm3,strong,200,neural,unit,DRF,score_selected_minus_rct,-0.7825663855818263,0.10001428993392192,100
scm3,strong,200,neural,unit,RF,risk_selected,1.125692191567735,0.0563930757199229,100
scm3,strong,200,neural,unit,RF,risk_rct_only,1.4721785167897752,0.08716582284203181,100
scm3,strong,200,neural,unit,RF,risk_grid_oracle,0.8151382262794877,0.03224023572297326,100
scm3,strong,200,neural,unit,RF,risk_lambda_only,1.1430248857241394,0.04669681754038864,100
scm3,strong,200,neural,unit,RF,risk_omega_only,1.3066526014226036,0.06133143342676458,100
scm3,strong,200,neural,unit,RF,selected_lambda,0.68,0.03989886203789767,100
scm3,strong,200,neural,unit,RF,selected_omega,0.4025,0.03792186943991793,100
scm3,strong,200,neural,unit,RF,risk_selected_minus_rct,-0.3464863252220403,0.08907453191413359,100
scm3,strong,200,neural,unit,RF,score_selected_minus_rct,-0.7954680131341426,0.09073231835209708,100
scm3,strong,200,neural,unit,domain_indicator_pool,risk_selected,0.40533398326613546,0.016520220163729536,100
scm3,strong,200,neural,unit,domain_indicator_pool,risk_rct_only,1.4284609403347255,0.07103210336740368,100
scm3,strong,200,neural,unit,experimental_grounding,risk_selected,8.595623527439663,0.3748901025664894,100
scm3,strong,200,neural,unit,experimental_grounding,risk_rct_only,1.4284609403347255,0.07103210336740368,100
