family,axis,n_rct,n_obs,confounding,heterogeneity,sieve_label,learner,rule,replications,prediction_variance,squared_bias,mean_risk_on_anchor,decomposition_gap,anchor_points
scm1,rct_size,100,5000,1.0,1.0,spline3,DRF,selected,100,2.5788555477025037,0.0366962790523568,2.5897632712778353,0.0,500
scm1,rct_size,100,5000,1.0,1.0,spline3,DRF,rct_only,100,14.086012808943087,0.15472523758278844,14.099877918436441,-3.552713678800501e-15,500
scm1,rct_size,100,5000,1.0,1.0,spline3,DRF,grid_oracle,100,2.2278256560232985,0.034042944233511764,2.239590343696577,0.0,500
scm1,rct_size,100,5000,1.0,1.0,spline3,RF,selected,100,2.5213530653739413,0.03847922714937799,2.5346187618695795,-4.440892098500626e-16,500
scm1,rct_size,100,5000,1.0,1.0,spline3,RF,rct_only,100,14.434064784645864,0.17563665963679165,14.465360796436194,-3.552713678800501e-15,500
scm1,rct_size,100,5000,1.0,1.0,spline3,RF,grid_oracle,100,2.178476538005034,0.03424916269846108,2.190940935323445,0.0,500
scm1,rct_size,100,5000,1.0,1.0,spline5,DRF,selected,100,3.135077536265483,0.0436848894511627,3.147411650353991,0.0,500
scm1,rct_size,100,5000,1.0,1.0,spline5,DRF,rct_only,100,19.753840098708014,0.1834657156449635,19.739767413365893,-3.552713678800501e-15,500
scm1,rct_size,100,5000,1.0,1.0,spline5,DRF,grid_oracle,100,2.713225395068196,0.04285381322005441,2.728946954337569,8.881784197001252e-16,500
scm1,rct_size,100,5000,1.0,1.0,spline5,RF,selected,100,3.0013123944346143,0.040913376123659424,3.0122126466139276,0.0,500
scm1,rct_size,100,5000,1.0,1.0,spline5,RF,rct_only,100,20.71800544760916,0.2022161595148275,20.713041552647898,3.552713678800501e-15,500
scm1,rct_size,100,5000,1.0,1.0,spline5,RF,grid_oracle,100,2.6300320245136835,0.04129221108606714,2.645023915354614,4.440892098500626e-16,500
scm1,rct_size,200,5000,1.0,1.0,spline3,DRF,selected,100,1.4408916051063325,0.03328454147376193,1.459767230529031,0.0,500
scm1,rct_size,200,5000,1.0,1.0,spline3,DRF,rct_only,100,3.9231533328239685,0.06080672649970241,3.94472852599543,-1.3322676295501878e-15,500
scm1,rct_size,200,5000,1.0,1.0,spline3,DRF,grid_oracle,100,1.2694531831982316,0.03095366466970757,1.2877123160359571,4.440892098500626e-16,500
scm1,rct_size,200,5000,1.0,1.0,spline3,RF,selected,100,1.413976203760608,0.03372777797140606,1.4335642196944078,-2.220446049250313e-16,500
scm1,rct_size,200,5000,1.0,1.0,spline3,RF,rct_only,100,4.017991856609789,0.06494744097639943,4.04275937902009,0.0,500
scm1,rct_size,200,5000,1.0,1.0,spline3,RF,grid_oracle,100,1.2426260137912748,0.032331159541795586,1.2625309131951576,0.0,500
scm1,rct_size,200,5000,1.0,1.0,spline5,DRF,selected,100,1.9659465393749553,0.039593799561235786,1.9858808735424416,0.0,500
scm1,rct_size,200,5000,1.0,1.0,spline5,DRF,rct_only,100,6.040971113214696,0.09778792066985317,6.078349322752401,-1.7763568394002505e-15,500
scm1,rct_size,200,5000,1.0,1.0,spline5,DRF,grid_oracle,100,1.7586478994019406,0.03652382215610633,1.7775852425640277,2.220446049250313e-16,500
scm1,rct_size,200,5000,1.0,1.0,spline5,RF,selected,100,1.9257709329283557,0.03758023734458117,1.9440934609436533,0.0,500
scm1,rct_size,200,5000,1.0,1.0,spline5,RF,rct_only,100,6.393543015241252,0.09183040096269504,6.4214379860515365,1.7763568394002505e-15,500
scm1,rct_size,200,5000,1.0,1.0,spline5,RF,grid_oracle,100,1.733316807524172,0.036133219500661166,1.7521168589495912,-2.220446049250313e-16,500
scm1,rct_size,400,5000,1.0,1.0,spline3,DRF,selected,100,0.8644101254700859,0.023802433934717187,0.8795684581501022,0.0,500
scm1,rct_size,400,5000,1.0,1.0,spline3,DRF,rct_only,100,1.501403805291994,0.037463976784914366,1.5238537440239883,0.0,500
scm1,rct_size,400,5000,1.0,1.0,spline3,DRF,grid_oracle,100,0.7522247971183651,0.023839659979601687,0.7685422091267831,-1.1102230246251565e-16,500
scm1,rct_size,400,5000,1.0,1.0,spline3,RF,selected,100,0.8384204042225734,0.023196053878106887,0.8532322540584545,0.0,500
scm1,rct_size,400,5000,1.0,1.0,spline3,RF,rct_only,100,1.5106962076990258,0.03349092408155933,1.5290801697035945,-2.220446049250313e-16,500
scm1,rct_size,400,5000,1.0,1.0,spline3,RF,grid_oracle,100,0.7304057286825498,0.023322212762473062,0.7464238841581974,0.0,500
scm1,rct_size,400,5000,1.0,1.0,spline5,DRF,selected,100,1.0506401489057913,0.02819768721406846,1.0683314346308017,-2.220446049250313e-16,500
scm1,rct_size,400,5000,1.0,1.0,spline5,DRF,rct_only,100,2.0671099533136728,0.041126953906279025,2.0875658076868153,4.440892098500626e-16,500
scm1,rct_size,400,5000,1.0,1.0,spline5,DRF,grid_oracle,100,0.9596090357022676,0.028085946120097148,0.9780988914653421,0.0,500
scm1,rct_size,400,5000,1.0,1.0,spline5,RF,selected,100,1.031149595703666,0.027686915279039232,1.0485250150256689,2.220446049250313e-16,500
scm1,rct_size,400,5000,1.0,1.0,spline5,RF,rct_only,100,2.1758496928619886,0.042091206613041734,2.19618240254641,-8.881784197001252e-16,500
scm1,rct_size,400,5000,1.0,1.0,spline5,RF,grid_oracle,100,0.9373362045930825,0.027490311399224046,0.9554531539463756,-1.1102230246251565e-16,500
scm1,quality,200,5000,0.0,1.0,spline3,DRF,selected,100,1.4449473774392123,0.030878746709227946,1.4613766503740484,2.220446049250313e-16,500
scm1,quality,200,5000,0.0,1.0,spline3,DRF,rct_only,100,4.001540427496616,0.05312712793866049,4.014652151160311,0.0,500
scm1,quality,200,5000,0.0,1.0,spline3,DRF,grid_oracle,100,1.278066660963922,0.031409024934973745,1.2966950192892563,0.0,500
scm1,quality,200,5000,0.0,1.0,spline3,RF,selected,100,1.4017990236602005,0.03189998049298863,1.419681013916587,-2.220446049250313e-16,500
scm1,quality,200,5000,0.0,1.0,spline3,RF,rct_only,100,4.429435330585205,0.051448570697587695,4.43658954797694,-8.881784197001252e-16,500
scm1,quality,200,5000,0.0,1.0,spline3,RF,grid_oracle,100,1.2535938898131935,0.03192636693874911,1.272984317853811,2.220446049250313e-16,500
scm1,quality,200,5000,0.0,1.0,spline5,DRF,selected,100,1.7961437723589628,0.03647134822442762,1.8146536828598008,0.0,500
scm1,quality,200,5000,0.0,1.0,spline5,DRF,rct_only,100,6.19619327588411,0.07783561658689507,6.212066959712163,-8.881784197001252e-16,500
scm1,quality,200,5000,0.0,1.0,spline5,DRF,grid_oracle,100,1.6763373862679873,0.03668377035901073,1.6962577827643182,-2.220446049250313e-16,500
scm1,quality,200,5000,0.0,1.0,spline5,RF,selected,100,1.7253901875471847,0.03665753040269136,1.7447938160744045,4.440892098500626e-16,500
scm1,quality,200,5000,0.0,1.0,spline5,RF,rct_only,100,6.744242157208299,0.06987364972910265,6.746673385365317,-1.7763568394002505e-15,500
scm1,quality,200,5000,0.0,1.0,spline5,RF,grid_oracle,100,1.6219999897431367,0.035734841194187184,1.6415148310398926,0.0,500
scm1,quality,200,5000,2.0,1.0,spline3,DRF,selected,100,1.5454546033061374,0.03573438773152485,1.5657344450046011,2.220446049250313e-16,500
scm1,quality,200,5000,2.0,1.0,spline3,DRF,rct_only,100,3.9564587123379313,0.06607687960196901,3.982971004816521,0.0,500
scm1,quality,200,5000,2.0,1.0,spline3,DRF,grid_oracle,100,1.3859962695509858,0.03869715409211518,1.4108334609475914,2.220446049250313e-16,500
scm1,quality,200,5000,2.0,1.0,spline3,RF,selected,100,1.5252598462896008,0.035484045965206004,1.545491293791911,2.220446049250313e-16,500
scm1,quality,200,5000,2.0,1.0,spline3,RF,rct_only,100,4.3466792892755395,0.06873089587588312,4.371943392258667,0.0,500
scm1,quality,200,5000,2.0,1.0,spline3,RF,grid_oracle,100,1.3617628554924714,0.03678833119275838,1.3849335581303048,-2.220446049250313e-16,500
scm1,quality,200,5000,2.0,1.0,spline5,DRF,selected,100,1.994182651123505,0.03726639205906469,2.0115072166713346,0.0,500
scm1,quality,200,5000,2.0,1.0,spline5,DRF,rct_only,100,6.642618701927357,0.07203688838379517,6.648229403291876,-1.7763568394002505e-15,500
scm1,quality,200,5000,2.0,1.0,spline5,DRF,grid_oracle,100,1.816865285934775,0.037555237823601914,1.8362518708990294,2.220446049250313e-16,500
scm1,quality,200,5000,2.0,1.0,spline5,RF,selected,100,1.9577371810635928,0.03522878280586457,1.9733885920588217,2.220446049250313e-16,500
scm1,quality,200,5000,2.0,1.0,spline5,RF,rct_only,100,7.1502885630622135,0.07171805846946783,7.15050373590106,0.0,500
scm1,quality,200,5000,2.0,1.0,spline5,RF,grid_oracle,100,1.796843161781392,0.03518287388889945,1.8140576040524778,2.220446049250313e-16,500
scm1,heterogeneity,200,5000,1.0,2.0,spline3,DRF,selected,100,1.621960433041181,0.09862896655710676,1.704369795267876,2.220446049250313e-16,500
scm1,heterogeneity,200,5000,1.0,2.0,spline3,DRF,rct_only,100,4.594920559915544,0.14840287434201674,4.697374228658406,8.881784197001252e-16,500
scm1,heterogeneity,200,5000,1.0,2.0,spline3,DRF,grid_oracle,100,1.424767599314864,0.09795740725252784,1.5084773305742434,2.220446049250313e-16,500
scm1,heterogeneity,200,5000,1.0,2.0,spline3,RF,selected,100,1.5666365242015134,0.0959559078936957,1.646926066853194,0.0,500
scm1,heterogeneity,200,5000,1.0,2.0,spline3,RF,rct_only,100,4.835756648135104,0.1537404310310462,4.9411395126848,8.881784197001252e-16,500
scm1,heterogeneity,200,5000,1.0,2.0,spline3,RF,grid_oracle,100,1.3918620453277004,0.0991320781591939,1.4770755030336176,2.220446049250313e-16,500
scm1,heterogeneity,200,5000,1.0,2.0,spline5,DRF,selected,100,1.912262243030696,0.10294239710874942,1.9960820177091387,2.220446049250313e-16,500
scm1,heterogeneity,200,5000,1.0,2.0,spline5,DRF,rct_only,100,7.1938660393607226,0.1381803626816851,7.2601077416488,0.0,500
scm1,heterogeneity,200,5000,1.0,2.0,spline5,DRF,grid_oracle,100,1.7438181857544401,0.09701844711329284,1.8233984510101882,-4.440892098500626e-16,500
scm1,heterogeneity,200,5000,1.0,2.0,spline5,RF,selected,100,1.8977646499273888,0.10438084370457798,1.9831678471326928,0.0,500
scm1,heterogeneity,200,5000,1.0,2.0,spline5,RF,rct_only,100,6.919824776932535,0.13474794176010874,6.985374470923318,-8.881784197001252e-16,500
scm1,heterogeneity,200,5000,1.0,2.0,spline5,RF,grid_oracle,100,1.699277060927909,0.09776188979842552,1.780046180117055,-4.440892098500626e-16,500
scm2,rct_size,100,5000,1.0,1.0,spline3,DRF,selected,100,3.2913786812760417,0.0619908068124117,3.320455701275693,0.0,500
scm2,rct_size,100,5000,1.0,1.0,spline3,DRF,rct_only,100,17.096271604636073,0.18682110947771227,17.11212999806743,7.105427357601002e-15,500
scm2,rct_size,100,5000,1.0,1.0,spline3,DRF,grid_oracle,100,2.825053676084135,0.05595170315680148,2.852754842480095,0.0,500
scm2,rct_size,100,5000,1.0,1.0,spline3,RF,selected,100,3.22349786772396,0.0612038286119233,3.2524667176586433,-4.440892098500626e-16,500
scm2,rct_size,100,5000,1.0,1.0,spline3,RF,rct_only,100,20.18815891602356,0.20349751906226,20.18977484592558,-3.552713678800501e-15,500
scm2,rct_size,100,5000,1.0,1.0,spline3,RF,grid_oracle,100,2.711358680320437,0.05494105947856853,2.7391861529958015,0.0,500
scm2,rct_size,100,5000,1.0,1.0,spline5,DRF,selected,100,4.003319871674494,0.09204153677718925,4.055328209734937,-8.881784197001252e-16,500
scm2,rct_size,100,5000,1.0,1.0,spline5,DRF,rct_only,100,26.695397060519756,0.276668943987239,26.705112033901795,-3.552713678800501e-15,500
scm2,rct_size,100,5000,1.0,1.0,spline5,DRF,grid_oracle,100,3.5097968378325093,0.08382916400267092,3.5585280334568545,-4.440892098500626e-16,500
scm2,rct_size,100,5000,1.0,1.0,spline5,RF,selected,100,3.9863544931125343,0.08661973382981429,4.033110682011223,0.0,500
scm2,rct_size,100,5000,1.0,1.0,spline5,RF,rct_only,100,32.07945553836563,0.29443900833450753,32.053099991316486,7.105427357601002e-15,500
scm2,rct_size,100,5000,1.0,1.0,spline5,RF,grid_oracle,100,3.319655042971104,0.0726389897556638,3.3590974822970567,0.0,500
scm2,rct_size,200,5000,1.0,1.0,spline3,DRF,selected,100,2.0226142886402716,0.02709008818535545,2.0294782339392246,4.440892098500626e-16,500
scm2,rct_size,200,5000,1.0,1.0,spline3,DRF,rct_only,100,5.948512612978364,0.07926819696609004,5.968295683814671,0.0,500
scm2,rct_size,200,5000,1.0,1.0,spline3,DRF,grid_oracle,100,1.7457523078837123,0.02772124925203745,1.7560160340569129,2.220446049250313e-16,500
scm2,rct_size,200,5000,1.0,1.0,spline3,RF,selected,100,1.7721213471129609,0.02539126244944687,1.7797913960912786,4.440892098500626e-16,500
scm2,rct_size,200,5000,1.0,1.0,spline3,RF,rct_only,100,5.9917756725595295,0.0730782278649723,6.004936143698904,-1.7763568394002505e-15,500
scm2,rct_size,200,5000,1.0,1.0,spline3,RF,grid_oracle,100,1.5765426603680615,0.026314120382831083,1.5870913541472123,4.440892098500626e-16,500
scm2,rct_size,200,5000,1.0,1.0,spline5,DRF,selected,100,2.5138034355378926,0.03819399709419224,2.5268593982767067,8.881784197001252e-16,500
scm2,rct_size,200,5000,1.0,1.0,spline5,DRF,rct_only,100,8.145783237119568,0.10294417534413047,8.167269580092505,1.7763568394002505e-15,500
scm2,rct_size,200,5000,1.0,1.0,spline5,DRF,grid_oracle,100,2.269980960329013,0.03879813238955065,2.286079283115274,0.0,500
scm2,rct_size,200,5000,1.0,1.0,spline5,RF,selected,100,2.3305374124489218,0.03930812259936523,2.346540160923798,0.0,500
scm2,rct_size,200,5000,1.0,1.0,spline5,RF,rct_only,100,8.73880927719031,0.13062347121431053,8.782044655632719,1.7763568394002505e-15,500
scm2,rct_size,200,5000,1.0,1.0,spline5,RF,grid_oracle,100,2.0877804087519105,0.03775111299272013,2.104653717657112,4.440892098500626e-16,500
scm2,rct_size,400,5000,1.0,1.0,spline3,DRF,selected,100,1.0423643247990095,0.02472079449942545,1.0566614760504454,4.440892098500626e-16,500
scm2,rct_size,400,5000,1.0,1.0,spline3,DRF,rct_only,100,1.9479315159246955,0.04390107482701562,1.9723532755924642,0.0,500
scm2,rct_size,400,5000,1.0,1.0,spline3,DRF,grid_oracle,100,0.9359398336791964,0.024015608202048726,0.9505960435444533,1.1102230246251565e-16,500
scm2,rct_size,400,5000,1.0,1.0,spline3,RF,selected,100,1.0208153817070935,0.02522995232252653,1.035837180212549,-2.220446049250313e-16,500
scm2,rct_size,400,5000,1.0,1.0,spline3,RF,rct_only,100,2.3993426798638877,0.047961830496541805,2.423311083561791,4.440892098500626e-16,500
scm2,rct_size,400,5000,1.0,1.0,spline3,RF,grid_oracle,100,0.9274413817799225,0.02335752472846573,0.941524492690589,0.0,500
scm2,rct_size,400,5000,1.0,1.0,spline5,DRF,selected,100,1.335322285267347,0.025122393382001278,1.347091455796675,2.220446049250313e-16,500
scm2,rct_size,400,5000,1.0,1.0,spline5,DRF,rct_only,100,2.5886647442327475,0.036445614439532065,2.5992237112299517,-4.440892098500626e-16,500
scm2,rct_size,400,5000,1.0,1.0,spline5,DRF,grid_oracle,100,1.2458147896464271,0.024171781192074773,1.2575284229420374,-2.220446049250313e-16,500
scm2,rct_size,400,5000,1.0,1.0,spline5,RF,selected,100,1.269044540048937,0.022682014563620657,1.2790361092120686,4.440892098500626e-16,500
scm2,rct_size,400,5000,1.0,1.0,spline5,RF,rct_only,100,3.038467193539088,0.04142136936672094,3.049503890970419,8.881784197001252e-16,500
scm2,rct_size,400,5000,1.0,1.0,spline5,RF,grid_oracle,100,1.1985061163102502,0.023325305565285618,1.2098463607124332,0.0,500
scm2,quality,200,5000,0.0,1.0,spline3,DRF,selected,100,1.9775770781786977,0.03515861040566462,1.9929599178025756,2.220446049250313e-16,500
scm2,quality,200,5000,0.0,1.0,spline3,DRF,rct_only,100,5.9963465425170925,0.06853986544109356,6.004922942533015,0.0,500
scm2,quality,200,5000,0.0,1.0,spline3,DRF,grid_oracle,100,1.7951721050093463,0.03313863733349585,1.8103590212927485,-2.220446049250313e-16,500
scm2,quality,200,5000,0.0,1.0,spline3,RF,selected,100,1.829990062184878,0.029753758285834632,1.841443919848864,0.0,500
scm2,quality,200,5000,0.0,1.0,spline3,RF,rct_only,100,6.382291764639513,0.06610062027894707,6.384569467272065,8.881784197001252e-16,500
scm2,quality,200,5000,0.0,1.0,spline3,RF,grid_oracle,100,1.6330455988248553,0.030982861897511548,1.6476980047341185,2.220446049250313e-16,500
scm2,quality,200,5000,0.0,1.0,spline5,DRF,selected,100,2.364146131041799,0.05776311942758116,2.3982677891589628,4.440892098500626e-16,500
scm2,quality,200,5000,0.0,1.0,spline5,DRF,rct_only,100,7.02525971002177,0.11479945221683238,7.069806565138386,8.881784197001252e-16,500
scm2,quality,200,5000,0.0,1.0,spline5,DRF,grid_oracle,100,2.1487647533839436,0.05050942171347252,2.1777865275635775,8.881784197001252e-16,500
scm2,quality,200,5000,0.0,1.0,spline5,RF,selected,100,2.180741302713456,0.054363660803531035,2.2132975504898527,4.440892098500626e-16,500
scm2,quality,200,5000,0.0,1.0,spline5,RF,rct_only,100,8.54135993471487,0.18601673427924312,8.641963069646966,1.7763568394002505e-15,500
scm2,quality,200,5000,0.0,1.0,spline5,RF,grid_oracle,100,2.0061990827258414,0.0494978880009367,2.0356349798995192,-4.440892098500626e-16,500
scm2,quality,200,5000,2.0,1.0,spline3,DRF,selected,100,2.0724933950963784,0.0390886267423618,2.0908570878877764,-4.440892098500626e-16,500
scm2,quality,200,5000,2.0,1.0,spline3,DRF,rct_only,100,5.980575860488266,0.0765729021590241,5.997343004042409,8.881784197001252e-16,500
scm2,quality,200,5000,2.0,1.0,spline3,DRF,grid_oracle,100,1.855848597679043,0.032640712446103635,1.8699308241483563,0.0,500
scm2,quality,200,5000,2.0,1.0,spline3,RF,selected,100,1.8532119565395928,0.0340843562064675,1.8687641931806644,2.220446049250313e-16,500
scm2,quality,200,5000,2.0,1.0,spline3,RF,rct_only,100,6.790369100553269,0.07363616837794215,6.796101577925677,-8.881784197001252e-16,500
scm2,quality,200,5000,2.0,1.0,spline3,RF,grid_oracle,100,1.6860396740007768,0.03117206863129951,1.7003513458920683,-2.220446049250313e-16,500
scm2,quality,200,5000,2.0,1.0,spline5,DRF,selected,100,2.3995769471321045,0.03941678913174404,2.4149979667925274,0.0,500
scm2,quality,200,5000,2.0,1.0,spline5,DRF,rct_only,100,7.612283162611013,0.08409368376326819,7.6202540147481725,8.881784197001252e-16,500
scm2,quality,200,5000,2.0,1.0,spline5,DRF,grid_oracle,100,2.1929913511173256,0.035990379163764685,2.2070518167699165,-4.440892098500626e-16,500
scm2,quality,200,5000,2.0,1.0,spline5,RF,selected,100,2.268145333091671,0.03887298755969255,2.2843368673204467,-4.440892098500626e-16,500
scm2,quality,200,5000,2.0,1.0,spline5,RF,rct_only,100,8.81640138623859,0.09172594359007641,8.819963315966282,1.7763568394002505e-15,500
scm2,quality,200,5000,2.0,1.0,spline5,RF,grid_oracle,100,2.0499286743058156,0.03753766651033096,2.066967054073088,-4.440892098500626e-16,500
scm2,heterogeneity,200,5000,1.0,2.0,spline3,DRF,selected,100,1.9629521049026921,0.07406075600535598,2.0173833398590215,4.440892098500626e-16,500
scm2,heterogeneity,200,5000,1.0,2.0,spline3,DRF,rct_only,100,6.028372828090236,0.1359478972741905,6.104036997083524,0.0,500
scm2,heterogeneity,200,5000,1.0,2.0,spline3,DRF,grid_oracle,100,1.7086100837170912,0.07103691146806256,1.7625608943479827,0.0,500
scm2,heterogeneity,200,5000,1.0,2.0,spline3,RF,selected,100,1.9316647537293916,0.07274241355710977,1.985090519749207,-4.440892098500626e-16,500
scm2,heterogeneity,200,5000,1.0,2.0,spline3,RF,rct_only,100,7.325949254485751,0.12271126049325662,7.375401022434151,0.0,500
scm2,heterogeneity,200,5000,1.0,2.0,spline3,RF,grid_oracle,100,1.637724382019448,0.07152855783687168,1.6928756960361249,-2.220446049250313e-16,500
scm2,heterogeneity,200,5000,1.0,2.0,spline5,DRF,selected,100,2.6477537069488717,0.07979185539520293,2.701068025274586,0.0,500
scm2,heterogeneity,200,5000,1.0,2.0,spline5,DRF,rct_only,100,8.694281077926563,0.13623225201125,8.743570519158549,1.7763568394002505e-15,500
scm2,heterogeneity,200,5000,1.0,2.0,spline5,DRF,grid_oracle,100,2.3466196978236726,0.07975173143271365,2.4029052322781497,0.0,500
scm2,heterogeneity,200,5000,1.0,2.0,spline5,RF,selected,100,2.448940061841569,0.07473332042782786,2.4991839816509813,0.0,500
scm2,heterogeneity,200,5000,1.0,2.0,spline5,RF,rct_only,100,10.033449331873056,0.16926507253172315,10.102379911086052,1.7763568394002505e-15,500
scm2,heterogeneity,200,5000,1.0,2.0,spline5,RF,grid_oracle,100,2.2583709777315844,0.07421146472662768,2.309998732680896,0.0,500
scm3,rct_size,100,5000,1.0,1.0,spline3,DRF,selected,100,3.6776435847797893,0.11429847127940053,3.755165620211392,0.0,500
scm3,rct_size,100,5000,1.0,1.0,spline3,DRF,rct_only,100,18.664667686231265,0.2556793641493758,18.73370037351833,3.552713678800501e-15,500
scm3,rct_size,100,5000,1.0,1.0,spline3,DRF,grid_oracle,100,3.2082884048888234,0.11366758500424877,3.289873105844185,1.3322676295501878e-15,500
scm3,rct_size,100,5000,1.0,1.0,spline3,RF,selected,100,3.648210203976406,0.11150655890307086,3.723234660839714,1.3322676295501878e-15,500
scm3,rct_size,100,5000,1.0,1.0,spline3,RF,rct_only,100,18.94240932065639,0.29654820487218014,19.049533432322008,0.0,500
scm3,rct_size,100,5000,1.0,1.0,spline3,RF,grid_oracle,100,3.171952688015903,0.10766303674211872,3.247896197877863,0.0,500
scm3,rct_size,100,5000,1.0,1.0,spline5,DRF,selected,100,4.595902720058162,0.14461289625504906,4.694556589112629,0.0,500
scm3,rct_size,100,5000,1.0,1.0,spline5,DRF,rct_only,100,27.002262694683502,0.30676813636275513,27.039008204099417,-3.552713678800501e-15,500
scm3,rct_size,100,5000,1.0,1.0,spline5,DRF,grid_oracle,100,4.025628450585137,0.13230516774131912,4.117677333820605,8.881784197001252e-16,500
scm3,rct_size,100,5000,1.0,1.0,spline5,RF,selected,100,4.551666080493595,0.13786546496809965,4.644014884656759,8.881784197001252e-16,500
scm3,rct_size,100,5000,1.0,1.0,spline5,RF,rct_only,100,27.202024616364614,0.33607044795483987,27.266074818155815,7.105427357601002e-15,500
scm3,rct_size,100,5000,1.0,1.0,spline5,RF,grid_oracle,100,3.976602438517564,0.12949214243392454,4.066328556566313,8.881784197001252e-16,500
scm3,rct_size,200,5000,1.0,1.0,spline3,DRF,selected,100,2.369307820967978,0.10214725024130274,2.447761992999601,0.0,500
scm3,rct_size,200,5000,1.0,1.0,spline3,DRF,rct_only,100,6.403697869444041,0.15269160466797982,6.492352495417581,8.881784197001252e-16,500
scm3,rct_size,200,5000,1.0,1.0,spline3,DRF,grid_oracle,100,1.9843321919901995,0.0902526947701397,2.0547415648404375,0.0,500
scm3,rct_size,200,5000,1.0,1.0,spline3,RF,selected,100,2.3100349973915755,0.09113468375789183,2.3780693311755514,0.0,500
scm3,rct_size,200,5000,1.0,1.0,spline3,RF,rct_only,100,6.529031835344709,0.14762963677011753,6.611371153761379,-8.881784197001252e-16,500
scm3,rct_size,200,5000,1.0,1.0,spline3,RF,grid_oracle,100,1.9583276693457394,0.0874107124400001,2.0261551050922817,-4.440892098500626e-16,500
scm3,rct_size,200,5000,1.0,1.0,spline5,DRF,selected,100,2.790393820931243,0.09711210750625955,2.8596019902281897,-4.440892098500626e-16,500
scm3,rct_size,200,5000,1.0,1.0,spline5,DRF,rct_only,100,8.780311385316939,0.17577117260795225,8.868279444071723,1.7763568394002505e-15,500
scm3,rct_size,200,5000,1.0,1.0,spline5,DRF,grid_oracle,100,2.6023488128858805,0.09251892391196573,2.6688442486689876,4.440892098500626e-16,500
scm3,rct_size,200,5000,1.0,1.0,spline5,RF,selected,100,2.715920773057907,0.09423966225646736,2.7830012275837954,0.0,500
scm3,rct_size,200,5000,1.0,1.0,spline5,RF,rct_only,100,8.879522971718147,0.17717810777111878,8.967905849772084,-1.7763568394002505e-15,500
scm3,rct_size,200,5000,1.0,1.0,spline5,RF,grid_oracle,100,2.5600269454538065,0.09124655839706741,2.6256732343963365,4.440892098500626e-16,500
scm3,rct_size,400,5000,1.0,1.0,spline3,DRF,selected,100,1.2134859263201179,0.07565963593657034,1.277010702993487,-2.220446049250313e-16,500
scm3,rct_size,400,5000,1.0,1.0,spline3,DRF,rct_only,100,2.1963980829865077,0.09874510693168277,2.273179209088325,0.0,500
scm3,rct_size,400,5000,1.0,1.0,spline3,DRF,grid_oracle,100,1.0786500616951533,0.07737465745558045,1.1452382185337822,0.0,500
scm3,rct_size,400,5000,1.0,1.0,spline3,RF,selected,100,1.193290031448762,0.07530568741817548,1.25666281855245,2.220446049250313e-16,500
scm3,rct_size,400,5000,1.0,1.0,spline3,RF,rct_only,100,2.1916726288548922,0.09571800494907992,2.265473907515423,-4.440892098500626e-16,500
scm3,rct_size,400,5000,1.0,1.0,spline3,RF,grid_oracle,100,1.0629111491990957,0.07785269052010593,1.1301347282272107,0.0,500
scm3,rct_size,400,5000,1.0,1.0,spline5,DRF,selected,100,1.608888013825739,0.08785041924691757,1.6806495529343994,2.220446049250313e-16,500
scm3,rct_size,400,5000,1.0,1.0,spline5,DRF,rct_only,100,2.9833552370925775,0.11846411876346015,3.071985803485112,0.0,500
scm3,rct_size,400,5000,1.0,1.0,spline5,DRF,grid_oracle,100,1.4407547778086263,0.08738346742022111,1.513730697450761,-2.220446049250313e-16,500
scm3,rct_size,400,5000,1.0,1.0,spline5,RF,selected,100,1.570862158355315,0.08785868590465476,1.6430122226764166,-2.220446049250313e-16,500
scm3,rct_size,400,5000,1.0,1.0,spline5,RF,rct_only,100,3.1063900999952883,0.12044521321952988,3.1957714122148655,4.440892098500626e-16,500
scm3,rct_size,400,5000,1.0,1.0,spline5,RF,grid_oracle,100,1.4324055471065624,0.08707668214579285,1.5051581737812896,0.0,500
scm3,quality,200,5000,0.0,1.0,spline3,DRF,selected,100,2.332643581014842,0.08856036782209534,2.397877513026789,0.0,500
scm3,quality,200,5000,0.0,1.0,spline3,DRF,rct_only,100,7.15021605192056,0.14706926365356796,7.225783155054922,0.0,500
scm3,quality,200,5000,0.0,1.0,spline3,DRF,grid_oracle,100,2.032783978522687,0.08124855489419139,2.093704693631652,0.0,500
scm3,quality,200,5000,0.0,1.0,spline3,RF,selected,100,2.3162395771222166,0.088917366978666,2.3819945483296605,0.0,500
scm3,quality,200,5000,0.0,1.0,spline3,RF,rct_only,100,7.266656261898325,0.16321616622165225,7.357205865500994,0.0,500
scm3,quality,200,5000,0.0,1.0,spline3,RF,grid_oracle,100,1.9995236125934026,0.07958777777278178,2.05911615424025,-4.440892098500626e-16,500
scm3,quality,200,5000,0.0,1.0,spline5,DRF,selected,100,2.860960487414118,0.09300875302343849,2.9253596355634155,4.440892098500626e-16,500
scm3,quality,200,5000,0.0,1.0,spline5,DRF,rct_only,100,8.613657734225107,0.14640895887316843,8.673930115756026,1.7763568394002505e-15,500
scm3,quality,200,5000,0.0,1.0,spline5,DRF,grid_oracle,100,2.610415776800409,0.0913135135413794,2.675625132573783,-8.881784197001252e-16,500
scm3,quality,200,5000,0.0,1.0,spline5,RF,selected,100,2.889958573072047,0.09913285815162522,2.9601918454929512,-8.881784197001252e-16,500
scm3,quality,200,5000,0.0,1.0,spline5,RF,rct_only,100,9.054261098821074,0.17181673124804478,9.135535219080909,0.0,500
scm3,quality,200,5000,0.0,1.0,spline5,RF,grid_oracle,100,2.6111838999053645,0.09168853188412074,2.676760592790431,-4.440892098500626e-16,500
scm3,quality,200,5000,2.0,1.0,spline3,DRF,selected,100,2.3720710319518497,0.07842374326486197,2.426774064897194,8.881784197001252e-16,500
scm3,quality,200,5000,2.0,1.0,spline3,DRF,rct_only,100,6.4370217084660295,0.12774993199281728,6.500401423374187,8.881784197001252e-16,500
scm3,quality,200,5000,2.0,1.0,spline3,DRF,grid_oracle,100,2.103085131069957,0.08335809922214434,2.1654123789814026,4.440892098500626e-16,500
scm3,quality,200,5000,2.0,1.0,spline3,RF,selected,100,2.3106959798529725,0.07784495984715674,2.365433979901599,-4.440892098500626e-16,500
scm3,quality,200,5000,2.0,1.0,spline3,RF,rct_only,100,6.6450665527524055,0.11574230127554469,6.694358188500427,8.881784197001252e-16,500
scm3,quality,200,5000,2.0,1.0,spline3,RF,grid_oracle,100,2.082193201991262,0.07956513037237392,2.1409364003437235,0.0,500
scm3,quality,200,5000,2.0,1.0,spline5,DRF,selected,100,2.7628959575496794,0.09169464617461531,2.826961644148798,0.0,500
scm3,quality,200,5000,2.0,1.0,spline5,DRF,rct_only,100,8.51068698423545,0.1426680989441016,8.568248213337196,-1.7763568394002505e-15,500
scm3,quality,200,5000,2.0,1.0,spline5,DRF,grid_oracle,100,2.5160391805188898,0.09307259812659996,2.583951386840301,0.0,500
scm3,quality,200,5000,2.0,1.0,spline5,RF,selected,100,2.6968392357256805,0.09150201998328705,2.7613728633517116,8.881784197001252e-16,500
scm3,quality,200,5000,2.0,1.0,spline5,RF,rct_only,100,8.38049309163102,0.1391066714081588,8.435794832122866,-3.552713678800501e-15,500
scm3,quality,200,5000,2.0,1.0,spline5,RF,grid_oracle,100,2.464260687557374,0.09391290872246916,2.5335309894042695,0.0,500
scm3,heterogeneity,200,5000,1.0,2.0,spline3,DRF,selected,100,2.3688766149012537,0.2865638747767056,2.6317517235289465,0.0,500
scm3,heterogeneity,200,5000,1.0,2.0,spline3,DRF,rct_only,100,6.240154881651092,0.3395047707986137,6.517258103633194,-1.7763568394002505e-15,500
scm3,heterogeneity,200,5000,1.0,2.0,spline3,DRF,grid_oracle,100,2.063997087092352,0.2854220777757195,2.328779193997148,0.0,500
scm3,heterogeneity,200,5000,1.0,2.0,spline3,RF,selected,100,2.3280361145573356,0.2819714260520452,2.5867271794638076,0.0,500
scm3,heterogeneity,200,5000,1.0,2.0,spline3,RF,rct_only,100,6.546620535688621,0.33363163149613795,6.814785961827873,0.0,500
scm3,heterogeneity,200,5000,1.0,2.0,spline3,RF,grid_oracle,100,2.044656196214726,0.28685740072355825,2.311067034976137,0.0,500
scm3,heterogeneity,200,5000,1.0,2.0,spline5,DRF,selected,100,2.841088890933357,0.324669778559233,3.1373477805832564,0.0,500
scm3,heterogeneity,200,5000,1.0,2.0,spline5,DRF,rct_only,100,9.01931137260247,0.3917378264950601,9.320856085371505,0.0,500
scm3,heterogeneity,200,5000,1.0,2.0,spline5,DRF,grid_oracle,100,2.6274100860864844,0.31287702823077396,2.914013013456394,4.440892098500626e-16,500
scm3,heterogeneity,200,5000,1.0,2.0,spline5,RF,selected,100,2.790042695043664,0.32247642320752723,3.0846186913007547,0.0,500
scm3,heterogeneity,200,5000,1.0,2.0,spline5,RF,rct_only,100,9.500335037905097,0.3756190006440395,9.780950688170087,0.0,500
scm3,heterogeneity,200,5000,1.0,2.0,spline5,RF,grid_oracle,100,2.57162180188614,0.3094186637808535,2.855324247648133,8.881784197001252e-16,500
star,rct_size,100,5000,1.0,1.0,spline3,DRF,selected,100,1.8864910753479487,0.020983445100717115,1.8886096096951865,2.220446049250313e-16,500
star,rct_size,100,5000,1.0,1.0,spline3,DRF,rct_only,100,28.012064610714045,0.30151487980442987,28.033458844411335,0.0,500
star,rct_size,100,5000,1.0,1.0,spline3,DRF,grid_oracle,100,1.374730663682704,0.022162197941436625,1.3831455549873137,2.220446049250313e-16,500
star,rct_size,100,5000,1.0,1.0,spline3,RF,selected,100,1.947406685280252,0.020221861774828077,1.948154480202278,6.661338147750939e-16,500
star,rct_size,100,5000,1.0,1.0,spline3,RF,rct_only,100,197.74455120596807,3.352482743615029,199.11958843752345,2.842170943040401e-14,500
star,rct_size,100,5000,1.0,1.0,spline3,RF,grid_oracle,100,1.4191624412561112,0.0219205467381721,1.4268913635817215,-6.661338147750939e-16,500
star,rct_size,100,5000,1.0,1.0,spline5,DRF,selected,100,2.0529188628697677,0.007817447239004627,2.040207121480074,-4.440892098500626e-16,500
star,rct_size,100,5000,1.0,1.0,spline5,DRF,rct_only,100,8.302929365054817,0.049678557225544276,8.269578628629809,-3.552713678800501e-15,500
star,rct_size,100,5000,1.0,1.0,spline5,DRF,grid_oracle,100,1.41988129949521,0.009556759769685395,1.4152392462699432,2.220446049250313e-16,500
star,rct_size,100,5000,1.0,1.0,spline5,RF,selected,100,1.9537781298193773,0.008900038940700539,1.9431403874618838,-2.220446049250313e-16,500
star,rct_size,100,5000,1.0,1.0,spline5,RF,rct_only,100,4.197872739854016,0.03517631237105707,4.191070324826532,-8.881784197001252e-16,500
star,rct_size,100,5000,1.0,1.0,spline5,RF,grid_oracle,100,1.4106961587634639,0.009306115550714695,1.4058953127265437,-2.220446049250313e-16,500
star,rct_size,200,5000,1.0,1.0,spline3,DRF,selected,100,1.417377874746794,0.012442371781503309,1.4156464677808294,2.220446049250313e-16,500
star,rct_size,200,5000,1.0,1.0,spline3,DRF,rct_only,100,106.87399911684525,2.059087230842235,107.86434635651896,-7.105427357601002e-14,500
star,rct_size,200,5000,1.0,1.0,spline3,DRF,grid_oracle,100,0.77947205713967,0.008268081727230061,0.7799454182955035,1.1102230246251565e-16,500
star,rct_size,200,5000,1.0,1.0,spline3,RF,selected,100,1.8762914902616061,0.01676270577872041,1.874291281137711,6.661338147750939e-16,500
star,rct_size,200,5000,1.0,1.0,spline3,RF,rct_only,100,46.51963474845695,0.6487601960011838,46.703198596973564,0.0,500
star,rct_size,200,5000,1.0,1.0,spline3,RF,grid_oracle,100,0.7861076766166719,0.009689740673068532,0.7879363405235739,2.220446049250313e-16,500
star,rct_size,200,5000,1.0,1.0,spline5,DRF,selected,100,0.9907740731029869,0.028743976793553814,1.0096103091655106,-2.220446049250313e-16,500
star,rct_size,200,5000,1.0,1.0,spline5,DRF,rct_only,100,14.28431070344474,0.07706965053245023,14.21853724694274,-3.552713678800501e-15,500
star,rct_size,200,5000,1.0,1.0,spline5,DRF,grid_oracle,100,0.7617784912103827,0.02430581224181448,0.7784665185400934,1.1102230246251565e-16,500
star,rct_size,200,5000,1.0,1.0,spline5,RF,selected,100,0.9847156831472857,0.028041414440154584,1.0029099407559674,0.0,500
star,rct_size,200,5000,1.0,1.0,spline5,RF,rct_only,100,7.911033186770401,0.08937251485805763,7.921295369760755,8.881784197001252e-16,500
star,rct_size,200,5000,1.0,1.0,spline5,RF,grid_oracle,100,0.7420639055839191,0.022159216845392782,0.7568024833734727,0.0,500
star,rct_size,400,5000,1.0,1.0,spline3,DRF,selected,100,2.053497175554435,0.019003047940033845,2.0519652517389253,8.881784197001252e-16,500
star,rct_size,400,5000,1.0,1.0,spline3,DRF,rct_only,100,113.84747319597055,0.5211083136768178,113.23010677768761,-5.684341886080802e-14,500
star,rct_size,400,5000,1.0,1.0,spline3,DRF,grid_oracle,100,0.45042963912897105,0.004673253154537332,0.4505985958922188,1.6653345369377348e-16,500
star,rct_size,400,5000,1.0,1.0,spline3,RF,selected,100,37.23468632568888,0.4513432308831839,37.313682693315165,-7.105427357601002e-15,500
star,rct_size,400,5000,1.0,1.0,spline3,RF,rct_only,100,311.83747380653955,13.379004484464748,322.098103552939,5.684341886080802e-14,500
star,rct_size,400,5000,1.0,1.0,spline3,RF,grid_oracle,100,0.44680948866865744,0.004222721858785538,0.4465641156407563,-5.551115123125783e-17,500
star,rct_size,400,5000,1.0,1.0,spline5,DRF,selected,100,10.591895703795512,0.24571227355228348,10.731689020309837,-3.552713678800501e-15,500
star,rct_size,400,5000,1.0,1.0,spline5,DRF,rct_only,100,34.6993616883603,0.5484423494474224,34.900810420924124,7.105427357601002e-15,500
star,rct_size,400,5000,1.0,1.0,spline5,DRF,grid_oracle,100,0.42872209788225357,0.004320942978907652,0.4287558198823387,0.0,500
star,rct_size,400,5000,1.0,1.0,spline5,RF,selected,100,13.929416547296332,0.2929588585039113,14.083081240327278,-3.552713678800501e-15,500
star,rct_size,400,5000,1.0,1.0,spline5,RF,rct_only,100,302.13419844163593,5.150338808757667,304.2631952659772,-5.684341886080802e-14,500
star,rct_size,400,5000,1.0,1.0,spline5,RF,grid_oracle,100,0.42429810104489196,0.005597077154694868,0.4256521971891381,1.6653345369377348e-16,500
star,quality,200,5000,0.0,1.0,spline3,DRF,selected,100,20.261720515894115,0.17288355181195575,20.23198686254713,0.0,500
star,quality,200,5000,0.0,1.0,spline3,DRF,rct_only,100,4.218147100456928,0.036862767175033014,4.212828396627392,0.0,500
star,quality,200,5000,0.0,1.0,spline3,DRF,grid_oracle,100,0.800931705110641,0.007627116158406753,0.8005495042179411,-2.220446049250313e-16,500
star,quality,200,5000,0.0,1.0,spline3,RF,selected,100,24.00220435924623,0.2036955659846403,23.96587788163842,7.105427357601002e-15,500
star,quality,200,5000,0.0,1.0,spline3,RF,rct_only,100,4.872337559825366,0.017194466962363684,4.8408086511894775,8.881784197001252e-16,500
star,quality,200,5000,0.0,1.0,spline3,RF,grid_oracle,100,0.8080510607743031,0.007128901926169595,0.8070994520927295,-1.1102230246251565e-16,500
star,quality,200,5000,0.0,1.0,spline5,DRF,selected,100,0.9313163227171309,0.012083776390617626,0.9340869358805773,1.1102230246251565e-16,500
star,quality,200,5000,0.0,1.0,spline5,DRF,rct_only,100,6.430824214845132,0.029329030444119625,6.395845003140802,8.881784197001252e-16,500
star,quality,200,5000,0.0,1.0,spline5,DRF,grid_oracle,100,0.725874670900633,0.01111957637757406,0.7297355005692009,1.1102230246251565e-16,500
star,quality,200,5000,0.0,1.0,spline5,RF,selected,100,0.9940813350208233,0.011103357830235869,0.995243879500851,1.1102230246251565e-16,500
star,quality,200,5000,0.0,1.0,spline5,RF,rct_only,100,13.675898763525396,0.0250056419260103,13.564145417816157,3.552713678800501e-15,500
star,quality,200,5000,0.0,1.0,spline5,RF,grid_oracle,100,0.7375555107101127,0.011318327791070695,0.7414982833940822,-1.1102230246251565e-16,500
star,quality,200,5000,2.0,1.0,spline3,DRF,selected,100,0.9370501092220147,0.02590745179293593,0.9535870599227304,-1.1102230246251565e-16,500
star,quality,200,5000,2.0,1.0,spline3,DRF,rct_only,100,11.660423649571523,0.37062282324749607,11.914442236323303,0.0,500
star,quality,200,5000,2.0,1.0,spline3,DRF,grid_oracle,100,0.7472745626882277,0.021333508087335088,0.7611353251486805,0.0,500
star,quality,200,5000,2.0,1.0,spline3,RF,selected,100,0.9854920567124582,0.026371875917613138,1.0020090120629468,0.0,500
star,quality,200,5000,2.0,1.0,spline3,RF,rct_only,100,84.92608811865229,2.930907338799677,87.00773457626545,1.4210854715202004e-14,500
star,quality,200,5000,2.0,1.0,spline3,RF,grid_oracle,100,0.7934913169757731,0.023357570069862894,0.8089139738758783,-1.1102230246251565e-16,500
star,quality,200,5000,2.0,1.0,spline5,DRF,selected,100,1.1130850949623434,0.01779351917411761,1.1197477631868373,-2.220446049250313e-16,500
star,quality,200,5000,2.0,1.0,spline5,DRF,rct_only,100,76.66513553204551,1.6140373066913993,77.51252148341646,1.4210854715202004e-14,500
star,quality,200,5000,2.0,1.0,spline5,DRF,grid_oracle,100,0.7404085220934735,0.008053072681466713,0.7410575095540055,0.0,500
star,quality,200,5000,2.0,1.0,spline5,RF,selected,100,1.125860563314012,0.00927342945446419,1.1238753871353357,-4.440892098500626e-16,500
star,quality,200,5000,2.0,1.0,spline5,RF,rct_only,100,37.18079127045258,0.2870270976198806,37.096010455367924,-1.4210854715202004e-14,500
star,quality,200,5000,2.0,1.0,spline5,RF,grid_oracle,100,0.7464440896560678,0.008653800942218551,0.7476334497017256,0.0,500
star,heterogeneity,200,5000,1.0,2.0,spline3,DRF,selected,100,0.9579534572349441,0.009323104127021142,0.9576970267896159,2.220446049250313e-16,500
star,heterogeneity,200,5000,1.0,2.0,spline3,DRF,rct_only,100,49.417454759022526,1.3124009558118428,50.23568116724414,-7.105427357601002e-15,500
star,heterogeneity,200,5000,1.0,2.0,spline3,DRF,grid_oracle,100,0.7732006658932816,0.009984852559612456,0.7754535117939614,1.1102230246251565e-16,500
star,heterogeneity,200,5000,1.0,2.0,spline3,RF,selected,100,0.9606173270262027,0.009658012055919932,0.9606691658118608,1.1102230246251565e-16,500
star,heterogeneity,200,5000,1.0,2.0,spline3,RF,rct_only,100,29.31620259675372,0.6836448913105403,29.706685462096708,-1.4210854715202004e-14,500
star,heterogeneity,200,5000,1.0,2.0,spline3,RF,grid_oracle,100,0.7822435363725537,0.010041554151991872,0.78446265516082,0.0,500
star,heterogeneity,200,5000,1.0,2.0,spline5,DRF,selected,100,1.404057154096513,0.017792593096733134,1.407809175652281,0.0,500
star,heterogeneity,200,5000,1.0,2.0,spline5,DRF,rct_only,100,13.740234932573104,0.30308642961768945,13.905919012865061,-1.7763568394002505e-15,500
star,heterogeneity,200,5000,1.0,2.0,spline5,DRF,grid_oracle,100,0.8121688968180584,0.00969113891220883,0.8137383467620866,-1.1102230246251565e-16,500
star,heterogeneity,200,5000,1.0,2.0,spline5,RF,selected,100,1.5814398033870138,0.02522366947567234,1.5908490748288155,-4.440892098500626e-16,500
star,heterogeneity,200,5000,1.0,2.0,spline5,RF,rct_only,100,100.06855883348582,1.4700291711537488,100.53790241630469,-2.842170943040401e-14,500
star,heterogeneity,200,5000,1.0,2.0,spline5,RF,grid_oracle,100,0.8155030926422289,0.00983884304345561,0.8171869047592621,0.0,500
bounded,rct_size,100,5000,1.0,1.0,spline3,DRF,selected,100,0.0946931990378045,0.0011570601942333082,0.09490332724165977,0.0,500
bounded,rct_size,100,5000,1.0,1.0,spline3,DRF,rct_only,100,0.4601849603705596,0.0056611290151031505,0.46124423978195717,0.0,500
bounded,rct_size,100,5000,1.0,1.0,spline3,DRF,grid_oracle,100,0.08375407158601139,0.0012737844583933361,0.08419031532854461,0.0,500
bounded,rct_size,100,5000,1.0,1.0,spline3,RF,selected,100,0.09292733980529536,0.0012446090520387657,0.09324267545928117,0.0,500
bounded,rct_size,100,5000,1.0,1.0,spline3,RF,rct_only,100,0.5058617509404965,0.006717173483498506,0.50752030691459,0.0,500
bounded,rct_size,100,5000,1.0,1.0,spline3,RF,grid_oracle,100,0.0806119763338903,0.0014719563033298295,0.08127781287388122,-1.3877787807814457e-17,500
bounded,rct_size,100,5000,1.0,1.0,spline5,DRF,selected,100,0.10322797344601668,0.0017955695613095064,0.10399126327286601,-1.3877787807814457e-17,500
bounded,rct_size,100,5000,1.0,1.0,spline5,DRF,rct_only,100,0.6622765291866299,0.005681990374862805,0.6613357542696265,1.1102230246251565e-16,500
bounded,rct_size,100,5000,1.0,1.0,spline5,DRF,grid_oracle,100,0.0926007603181651,0.0016099690193889277,0.09328472173437236,-1.3877787807814457e-17,500
bounded,rct_size,100,5000,1.0,1.0,spline5,RF,selected,100,0.10267017679475322,0.0016507175833219592,0.10329419261012765,0.0,500
bounded,rct_size,100,5000,1.0,1.0,spline5,RF,rct_only,100,0.6888310947478351,0.006196534930837764,0.6881393187311944,-1.1102230246251565e-16,500
bounded,rct_size,100,5000,1.0,1.0,spline5,RF,grid_oracle,100,0.09121089615850834,0.0015395157915372478,0.09183830298846046,-4.163336342344337e-17,500
bounded,rct_size,200,5000,1.0,1.0,spline3,DRF,selected,100,0.046344817110135356,0.0005067653972260514,0.046388134336260045,-6.938893903907228e-18,500
bounded,rct_size,200,5000,1.0,1.0,spline3,DRF,rct_only,100,0.12085718810909774,0.0011263257528913782,0.12077494198089812,0.0,500
bounded,rct_size,200,5000,1.0,1.0,spline3,DRF,grid_oracle,100,0.04321624991254357,0.0005248040414998999,0.04330889145491803,0.0,500
bounded,rct_size,200,5000,1.0,1.0,spline3,RF,selected,100,0.04507989976378067,0.0004720470321689162,0.0451011477983118,2.0816681711721685e-17,500
bounded,rct_size,200,5000,1.0,1.0,spline3,RF,rct_only,100,0.12736717611443765,0.0013390146088716219,0.12743251896216493,2.7755575615628914e-17,500
bounded,rct_size,200,5000,1.0,1.0,spline3,RF,grid_oracle,100,0.04230945100490344,0.0005350606616698279,0.04242141715652422,-6.938893903907228e-18,500
bounded,rct_size,200,5000,1.0,1.0,spline5,DRF,selected,100,0.062329627771848355,0.0005971983326174546,0.06230352982674733,0.0,500
bounded,rct_size,200,5000,1.0,1.0,spline5,DRF,rct_only,100,0.18118113414878684,0.0018510182240257308,0.18122034103132467,-2.7755575615628914e-17,500
bounded,rct_size,200,5000,1.0,1.0,spline5,DRF,grid_oracle,100,0.059234576329621334,0.000437403920105035,0.059079634486430145,-1.3877787807814457e-17,500
bounded,rct_size,200,5000,1.0,1.0,spline5,RF,selected,100,0.06160637012836095,0.0006066016361195899,0.061596908063196926,-6.938893903907228e-18,500
bounded,rct_size,200,5000,1.0,1.0,spline5,RF,rct_only,100,0.1830159010027723,0.002148356426529177,0.18333409841927373,0.0,500
bounded,rct_size,200,5000,1.0,1.0,spline5,RF,grid_oracle,100,0.057933437685162036,0.0004735480097847373,0.05782765131809515,-6.938893903907228e-18,500
bounded,rct_size,400,5000,1.0,1.0,spline3,DRF,selected,100,0.026731146165002034,0.00022054741986716968,0.026684382123219184,0.0,500
bounded,rct_size,400,5000,1.0,1.0,spline3,DRF,rct_only,100,0.039074368885639615,0.0003562271586842217,0.03903985235546744,0.0,500
bounded,rct_size,400,5000,1.0,1.0,spline3,DRF,grid_oracle,100,0.02507902584508475,0.0002323206721799521,0.02506055625881385,-3.469446951953614e-18,500
bounded,rct_size,400,5000,1.0,1.0,spline3,RF,selected,100,0.026558298932238888,0.00022170424578293687,0.026514420188699442,6.938893903907228e-18,500
bounded,rct_size,400,5000,1.0,1.0,spline3,RF,rct_only,100,0.04076514025214165,0.00039001460482119985,0.04074750345444143,-6.938893903907228e-18,500
bounded,rct_size,400,5000,1.0,1.0,spline3,RF,grid_oracle,100,0.024906932915358664,0.00023827156691205164,0.024896135153117123,-3.469446951953614e-18,500
bounded,rct_size,400,5000,1.0,1.0,spline5,DRF,selected,100,0.035273620492090214,0.0004862993396118117,0.035407183626781136,6.938893903907228e-18,500
bounded,rct_size,400,5000,1.0,1.0,spline5,DRF,rct_only,100,0.057383495365326866,0.0006582086704880546,0.05746786908216166,6.938893903907228e-18,500
bounded,rct_size,400,5000,1.0,1.0,spline5,DRF,grid_oracle,100,0.033262263267513685,0.0004970443668152804,0.03342668500165383,0.0,500
bounded,rct_size,400,5000,1.0,1.0,spline5,RF,selected,100,0.0346629030740668,0.00044300109339718495,0.03475927513672331,-6.938893903907228e-18,500
bounded,rct_size,400,5000,1.0,1.0,spline5,RF,rct_only,100,0.05839511510904095,0.0006150949610473213,0.05842625891899785,-6.938893903907228e-18,500
bounded,rct_size,400,5000,1.0,1.0,spline5,RF,grid_oracle,100,0.032861604768586766,0.0004695673024975572,0.03300255602339845,-6.938893903907228e-18,500
bounded,quality,200,5000,0.0,1.0,spline3,DRF,selected,100,0.048154224610584336,0.0006156351024857485,0.04828831746696424,6.938893903907228e-18,500
bounded,quality,200,5000,0.0,1.0,spline3,DRF,rct_only,100,0.11766876029760454,0.001045718276692864,0.11753779097132137,1.3877787807814457e-17,500
bounded,quality,200,5000,0.0,1.0,spline3,DRF,grid_oracle,100,0.044849190709057615,0.0005184338131129983,0.04491913261508003,-6.938893903907228e-18,500
bounded,quality,200,5000,0.0,1.0,spline3,RF,selected,100,0.04807260903630512,0.0005296694937445316,0.048121552439686605,0.0,500
bounded,quality,200,5000,0.0,1.0,spline3,RF,rct_only,100,0.12151788416733246,0.0009876068576905263,0.12129031218334968,1.3877787807814457e-17,500
bounded,quality,200,5000,0.0,1.0,spline3,RF,grid_oracle,100,0.0441330835737556,0.00047660303862522295,0.04416835577664327,6.938893903907228e-18,500
bounded,quality,200,5000,0.0,1.0,spline5,DRF,selected,100,0.06418577758730663,0.0008395730247039333,0.0643834928361375,0.0,500
bounded,quality,200,5000,0.0,1.0,spline5,DRF,rct_only,100,0.18548195834075584,0.002027690105008465,0.1856548288623568,2.7755575615628914e-17,500
bounded,quality,200,5000,0.0,1.0,spline5,DRF,grid_oracle,100,0.060212203598431484,0.000744397572903027,0.0603544791353502,6.938893903907228e-18,500
bounded,quality,200,5000,0.0,1.0,spline5,RF,selected,100,0.062185173215578864,0.0007905766598356488,0.06235389814325872,0.0,500
bounded,quality,200,5000,0.0,1.0,spline5,RF,rct_only,100,0.19356852779920075,0.0019355601333485594,0.1935684026545573,0.0,500
bounded,quality,200,5000,0.0,1.0,spline5,RF,grid_oracle,100,0.05856615155171667,0.0007071942966625191,0.058687684332862006,-2.0816681711721685e-17,500
bounded,quality,200,5000,2.0,1.0,spline3,DRF,selected,100,0.05121600347391635,0.0005707420052291716,0.05127458544440636,6.938893903907228e-18,500
bounded,quality,200,5000,2.0,1.0,spline3,DRF,rct_only,100,0.109382676465777,0.0008840033627739454,0.10917285306389317,0.0,500
bounded,quality,200,5000,2.0,1.0,spline3,DRF,grid_oracle,100,0.047110879075354085,0.0005524694749152038,0.04719223975951574,-6.938893903907228e-18,500
bounded,quality,200,5000,2.0,1.0,spline3,RF,selected,100,0.05061517964572596,0.0005686778968673523,0.05067770574613605,-6.938893903907228e-18,500
bounded,quality,200,5000,2.0,1.0,spline3,RF,rct_only,100,0.11441782117745915,0.0009551011088277491,0.1142287440745123,0.0,500
bounded,quality,200,5000,2.0,1.0,spline3,RF,grid_oracle,100,0.04645563428536514,0.0005387791621510513,0.04652985710466252,-1.3877787807814457e-17,500
bounded,quality,200,5000,2.0,1.0,spline5,DRF,selected,100,0.06427530430478856,0.0008156048717078528,0.06444815613344852,-1.3877787807814457e-17,500
bounded,quality,200,5000,2.0,1.0,spline5,DRF,rct_only,100,0.16686752028858218,0.0016833430340259037,0.16688218811972227,2.7755575615628914e-17,500
bounded,quality,200,5000,2.0,1.0,spline5,DRF,grid_oracle,100,0.06018710357394055,0.0008249145385066192,0.060410147076707756,0.0,500
bounded,quality,200,5000,2.0,1.0,spline5,RF,selected,100,0.062207779803812986,0.0007920805725968945,0.06237778257837175,0.0,500
bounded,quality,200,5000,2.0,1.0,spline5,RF,rct_only,100,0.17507107243326578,0.001936872577335142,0.17525723428626827,2.7755575615628914e-17,500
bounded,quality,200,5000,2.0,1.0,spline5,RF,grid_oracle,100,0.05815148233244521,0.0008106197937332336,0.058380587302853976,-6.938893903907228e-18,500
bounded,heterogeneity,200,5000,1.0,2.0,spline3,DRF,selected,100,0.05101478913728705,0.0007152633429542845,0.05121990458886847,1.3877787807814457e-17,500
bounded,heterogeneity,200,5000,1.0,2.0,spline3,DRF,rct_only,100,0.11280541289370657,0.0016942873723083593,0.11337164613707787,1.3877787807814457e-17,500
bounded,heterogeneity,200,5000,1.0,2.0,spline3,DRF,grid_oracle,100,0.04702110528333841,0.0006277650249511366,0.04717865925545615,-1.3877787807814457e-17,500
bounded,heterogeneity,200,5000,1.0,2.0,spline3,RF,selected,100,0.05002034589032138,0.0006373875167832725,0.05015752994820143,-6.938893903907228e-18,500
bounded,heterogeneity,200,5000,1.0,2.0,spline3,RF,rct_only,100,0.11791245348391453,0.0017565312115560578,0.11848986016063144,0.0,500
bounded,heterogeneity,200,5000,1.0,2.0,spline3,RF,grid_oracle,100,0.046377514849793265,0.0006299019175944814,0.046543641618889804,-6.938893903907228e-18,500
bounded,heterogeneity,200,5000,1.0,2.0,spline5,DRF,selected,100,0.0636532464368937,0.0004884520279595796,0.06350516600048434,0.0,500
bounded,heterogeneity,200,5000,1.0,2.0,spline5,DRF,rct_only,100,0.18339775149717924,0.001387477061653915,0.18295125104386134,0.0,500
bounded,heterogeneity,200,5000,1.0,2.0,spline5,DRF,grid_oracle,100,0.059618939947024864,0.00046445803744042273,0.05948720858499504,6.938893903907228e-18,500
bounded,heterogeneity,200,5000,1.0,2.0,spline5,RF,selected,100,0.061890075891985016,0.0005171841786989759,0.061788359311764136,-6.938893903907228e-18,500
bounded,heterogeneity,200,5000,1.0,2.0,spline5,RF,rct_only,100,0.19734673631762972,0.0014986667173046001,0.19687193567175804,2.7755575615628914e-17,500
bounded,heterogeneity,200,5000,1.0,2.0,spline5,RF,grid_oracle,100,0.05828705962634643,0.0005304103900867052,0.058234599420169654,-2.0816681711721685e-17,500
