family,axis,n_rct,confounding,heterogeneity,sieve_label,learner,metric,value,monte_carlo_se,replications
bounded,heterogeneity,200,1.0,2.0,neural,DRF,risk_selected,0.015900596886808435,0.0007696862130430278,100
bounded,heterogeneity,200,1.0,2.0,neural,DRF,risk_rct_only,0.021164110324773267,0.0011152326690560617,100
bounded,heterogeneity,200,1.0,2.0,neural,DRF,risk_grid_oracle,0.013212314905409951,0.0005961291131443695,100
bounded,heterogeneity,200,1.0,2.0,neural,DRF,risk_lambda_only,0.015922298309385245,0.000757135333550859,100
bounded,heterogeneity,200,1.0,2.0,neural,DRF,risk_omega_only,0.02069764903769706,0.0010895236918593257,100
bounded,heterogeneity,200,1.0,2.0,neural,DRF,regret,0.002688281981398481,0.00040868324897274733,100
bounded,heterogeneity,200,1.0,2.0,neural,DRF,radius,195.8431454947961,2.856489275186539e-15,100
bounded,heterogeneity,200,1.0,2.0,neural,DRF,regret_within_radius,1.0,0.0,100
bounded,heterogeneity,200,1.0,2.0,neural,DRF,regret_over_radius,6.8633547898920794e-06,1.043394314210519e-06,100
bounded,heterogeneity,200,1.0,2.0,neural,DRF,selected_lambda,0.6725,0.03983789754502716,100
bounded,heterogeneity,200,1.0,2.0,neural,DRF,selected_omega,0.3675,0.04011583606296026,100
bounded,heterogeneity,200,1.0,2.0,neural,DRF,risk_selected_minus_rct,-0.005263513437964832,0.000741361832761444,100
bounded,heterogeneity,200,1.0,2.0,neural,DRF,score_selected_minus_rct,-0.008740258791045235,0.0008709841071001697,100
bounded,heterogeneity,200,1.0,2.0,neural,DRF,risk_at_0.0_0.0,0.1517813151235049,0.005249871583941434,100
bounded,heterogeneity,200,1.0,2.0,neural,DRF,risk_at_0.5_0.0,0.12747525830807052,0.004431376719355945,100
bounded,heterogeneity,200,1.0,2.0,neural,DRF,risk_at_0.0_0.5,0.07753050275367654,0.0019303887102335693,100
bounded,heterogeneity,200,1.0,2.0,neural,DRF,risk_at_0.5_0.5,0.06331836101262087,0.001361413942783317,100
bounded,heterogeneity,200,1.0,2.0,neural,RF,risk_selected,0.01725650682202468,0.0012181014906792818,100
bounded,heterogeneity,200,1.0,2.0,neural,RF,risk_rct_only,0.020377800202071757,0.001007352849994855,100
bounded,heterogeneity,200,1.0,2.0,neural,RF,risk_grid_oracle,0.012864729083381106,0.0005821813137039184,100
bounded,heterogeneity,200,1.0,2.0,neural,RF,risk_lambda_only,0.0170097951972126,0.001053934940995116,100
bounded,heterogeneity,200,1.0,2.0,neural,RF,risk_omega_only,0.019676765050248936,0.001053516913244552,100
bounded,heterogeneity,200,1.0,2.0,neural,RF,regret,0.004391777738643572,0.0010601112355214167,100
bounded,heterogeneity,200,1.0,2.0,neural,RF,radius,195.8431454947961,2.856489275186539e-15,100
bounded,heterogeneity,200,1.0,2.0,neural,RF,regret_within_radius,1.0,0.0,100
bounded,heterogeneity,200,1.0,2.0,neural,RF,regret_over_radius,1.1212487747650757e-05,2.7065313744911893e-06,100
bounded,heterogeneity,200,1.0,2.0,neural,RF,selected_lambda,0.6525,0.041422771027491145,100
bounded,heterogeneity,200,1.0,2.0,neural,RF,selected_omega,0.36,0.03945973526356591,100
bounded,heterogeneity,200,1.0,2.0,neural,RF,risk_selected_minus_rct,-0.003121293380047075,0.0011056307692139603,100
bounded,heterogeneity,200,1.0,2.0,neural,RF,score_selected_minus_rct,-0.008533146631897416,0.0008242003902323315,100
bounded,heterogeneity,200,1.0,2.0,neural,RF,risk_at_0.0_0.0,0.15366583368683803,0.005259080933248698,100
bounded,heterogeneity,200,1.0,2.0,neural,RF,risk_at_0.5_0.0,0.1304406806490422,0.004598132050004826,100
bounded,heterogeneity,200,1.0,2.0,neural,RF,risk_at_0.0_0.5,0.07339371377505423,0.0016628346055701775,100
bounded,heterogeneity,200,1.0,2.0,neural,RF,risk_at_0.5_0.5,0.06090575853196307,0.001233026061144164,100
bounded,heterogeneity,200,1.0,2.0,neural,domain_indicator_pool,risk_selected,0.00687948390124494,0.0003584632397634063,100
bounded,heterogeneity,200,1.0,2.0,neural,domain_indicator_pool,risk_rct_only,0.021164110324773267,0.0011152326690560617,100
bounded,heterogeneity,200,1.0,2.0,neural,experimental_grounding,risk_selected,0.15264501746435272,0.005215772028727929,100
bounded,heterogeneity,200,1.0,2.0,neural,experimental_grounding,risk_rct_only,0.021164110324773267,0.0011152326690560617,100
bounded,quality,200,0.0,1.0,neural,DRF,risk_selected,0.017119248455972885,0.0011914497974327342,100
bounded,quality,200,0.0,1.0,neural,DRF,risk_rct_only,0.021328164481110884,0.001239346034463711,100
bounded,quality,200,0.0,1.0,neural,DRF,risk_grid_oracle,0.013284633223282128,0.0006071291026911035,100
bounded,quality,200,0.0,1.0,neural,DRF,risk_lambda_only,0.018998141219070386,0.0013336595111712022,100
bounded,quality,200,0.0,1.0,neural,DRF,risk_omega_only,0.019570545599030334,0.0010010902338729603,100
bounded,quality,200,0.0,1.0,neural,DRF,regret,0.003834615232690755,0.001056938608785308,100
bounded,quality,200,0.0,1.0,neural,DRF,radius,195.8431454947961,2.856489275186539e-15,100
bounded,quality,200,0.0,1.0,neural,DRF,regret_within_radius,1.0,0.0,100
bounded,quality,200,0.0,1.0,neural,DRF,regret_over_radius,9.790016451693092e-06,2.698431456753213e-06,100
bounded,quality,200,0.0,1.0,neural,DRF,selected_lambda,0.565,0.04346425444133851,100
bounded,quality,200,0.0,1.0,neural,DRF,selected_omega,0.355,0.04038639134734132,100
bounded,quality,200,0.0,1.0,neural,DRF,risk_selected_minus_rct,-0.004208916025137997,0.001262909110918561,100
bounded,quality,200,0.0,1.0,neural,DRF,score_selected_minus_rct,-0.00927087120037986,0.0013187114745365778,100
bounded,quality,200,0.0,1.0,neural,DRF,risk_at_0.0_0.0,0.1608047098237302,0.005547845694913904,100
bounded,quality,200,0.0,1.0,neural,DRF,risk_at_0.5_0.0,0.13825838328959839,0.004629474761518372,100
bounded,quality,200,0.0,1.0,neural,DRF,risk_at_0.0_0.5,0.07470182879661032,0.0021989812789771942,100
bounded,quality,200,0.0,1.0,neural,DRF,risk_at_0.5_0.5,0.06274382963144003,0.001638834363676632,100
bounded,quality,200,0.0,1.0,neural,RF,risk_selected,0.016738009663594833,0.0010920200628621664,100
bounded,quality,200,0.0,1.0,neural,RF,risk_rct_only,0.02160827283014951,0.0012738579091906527,100
bounded,quality,200,0.0,1.0,neural,RF,risk_grid_oracle,0.012904459217496651,0.000577996484712903,100
bounded,quality,200,0.0,1.0,neural,RF,risk_lambda_only,0.018812850571914775,0.0012830699275361034,100
bounded,quality,200,0.0,1.0,neural,RF,risk_omega_only,0.019036924508834766,0.0009968353613287442,100
bounded,quality,200,0.0,1.0,neural,RF,regret,0.0038335504460981855,0.0009841184737903073,100
bounded,quality,200,0.0,1.0,neural,RF,radius,195.8431454947961,2.856489275186539e-15,100
bounded,quality,200,0.0,1.0,neural,RF,regret_within_radius,1.0,0.0,100
bounded,quality,200,0.0,1.0,neural,RF,regret_over_radius,9.787297983834847e-06,2.5125170230082345e-06,100
bounded,quality,200,0.0,1.0,neural,RF,selected_lambda,0.595,0.04290287362935687,100
bounded,quality,200,0.0,1.0,neural,RF,selected_omega,0.4125,0.04072806467934921,100
bounded,quality,200,0.0,1.0,neural,RF,risk_selected_minus_rct,-0.004870263166554669,0.001354828599959649,100
bounded,quality,200,0.0,1.0,neural,RF,score_selected_minus_rct,-0.009994751939675837,0.001219884810913111,100
bounded,quality,200,0.0,1.0,neural,RF,risk_at_0.0_0.0,0.17262658097189756,0.005768778200526973,100
bounded,quality,200,0.0,1.0,neural,RF,risk_at_0.5_0.0,0.14774194191990384,0.005069844795319491,100
bounded,quality,200,0.0,1.0,neural,RF,risk_at_0.0_0.5,0.07382758273860135,0.002035888495794503,100
bounded,quality,200,0.0,1.0,neural,RF,risk_at_0.5_0.5,0.06179742331882797,0.0015603211543522403,100
bounded,quality,200,0.0,1.0,neural,domain_indicator_pool,risk_selected,0.007666567661667344,0.0004277042188168559,100
bounded,quality,200,0.0,1.0,neural,domain_indicator_pool,risk_rct_only,0.021328164481110884,0.001239346034463711,100
bounded,quality,200,0.0,1.0,neural,experimental_grounding,risk_selected,0.16180158141921702,0.005515309848555283,100
bounded,quality,200,0.0,1.0,neural,experimental_grounding,risk_rct_only,0.021328164481110884,0.001239346034463711,100
bounded,quality,200,2.0,1.0,neural,DRF,risk_selected,0.017566384668052784,0.0013456880092099983,100
bounded,quality,200,2.0,1.0,neural,DRF,risk_rct_only,0.021248048828257773,0.00137156253421902,100
bounded,quality,200,2.0,1.0,neural,DRF,risk_grid_oracle,0.012413814343820986,0.0005888549121636866,100
bounded,quality,200,2.0,1.0,neural,DRF,risk_lambda_only,0.017385136086894393,0.0012801354003737033,100
bounded,quality,200,2.0,1.0,neural,DRF,risk_omega_only,0.020742428108092934,0.0013903046823406807,100
bounded,quality,200,2.0,1.0,neural,DRF,regret,0.005152570324231801,0.0012232067021806926,100
bounded,quality,200,2.0,1.0,neural,DRF,radius,195.8431454947961,2.856489275186539e-15,100
bounded,quality,200,2.0,1.0,neural,DRF,regret_within_radius,1.0,0.0,100
bounded,quality,200,2.0,1.0,neural,DRF,regret_over_radius,1.3154839581476988e-05,3.122924468687099e-06,100
bounded,quality,200,2.0,1.0,neural,DRF,selected_lambda,0.64,0.043854672763940714,100
bounded,quality,200,2.0,1.0,neural,DRF,selected_omega,0.4925,0.04165984792690595,100
bounded,quality,200,2.0,1.0,neural,DRF,risk_selected_minus_rct,-0.0036816641602049932,0.0008635535843499702,100
bounded,quality,200,2.0,1.0,neural,DRF,score_selected_minus_rct,-0.010253688923114951,0.0011158717988660795,100
bounded,quality,200,2.0,1.0,neural,DRF,risk_at_0.0_0.0,0.15946598184464922,0.006298690974170511,100
bounded,quality,200,2.0,1.0,neural,DRF,risk_at_0.5_0.0,0.13543686400678673,0.005579441334621772,100
bounded,quality,200,2.0,1.0,neural,DRF,risk_at_0.0_0.5,0.07771865158397667,0.001957071585468536,100
bounded,quality,200,2.0,1.0,neural,DRF,risk_at_0.5_0.5,0.0655403285836453,0.0015182314653391462,100
bounded,quality,200,2.0,1.0,neural,RF,risk_selected,0.016662142776984405,0.001040433292875198,100
bounded,quality,200,2.0,1.0,neural,RF,risk_rct_only,0.02091345536031564,0.0013316653870640504,100
bounded,quality,200,2.0,1.0,neural,RF,risk_grid_oracle,0.01220242466577183,0.0005255827202739102,100
bounded,quality,200,2.0,1.0,neural,RF,risk_lambda_only,0.01722728049687522,0.0012309341229849143,100
bounded,quality,200,2.0,1.0,neural,RF,risk_omega_only,0.018808243065181383,0.0010685046473155287,100
bounded,quality,200,2.0,1.0,neural,RF,regret,0.004459718111212576,0.0009073581720257381,100
bounded,quality,200,2.0,1.0,neural,RF,radius,195.8431454947961,2.856489275186539e-15,100
bounded,quality,200,2.0,1.0,neural,RF,regret_within_radius,1.0,0.0,100
bounded,quality,200,2.0,1.0,neural,RF,regret_over_radius,1.1385943837720579e-05,2.3165430930281098e-06,100
bounded,quality,200,2.0,1.0,neural,RF,selected_lambda,0.645,0.042518563978905535,100
bounded,quality,200,2.0,1.0,neural,RF,selected_omega,0.52,0.042295258468165065,100
bounded,quality,200,2.0,1.0,neural,RF,risk_selected_minus_rct,-0.004251312583331238,0.0008022002222832843,100
bounded,quality,200,2.0,1.0,neural,RF,score_selected_minus_rct,-0.010938413015178452,0.0011309951928646456,100
bounded,quality,200,2.0,1.0,neural,RF,risk_at_0.0_0.0,0.16303360725324745,0.005956229086190132,100
bounded,quality,200,2.0,1.0,neural,RF,risk_at_0.5_0.0,0.13881574380335482,0.005260034763789606,100
bounded,quality,200,2.0,1.0,neural,RF,risk_at_0.0_0.5,0.07578403576355026,0.0017678105832544123,100
bounded,quality,200,2.0,1.0,neural,RF,risk_at_0.5_0.5,0.0637988022777246,0.0013230898835296088,100
bounded,quality,200,2.0,1.0,neural,domain_indicator_pool,risk_selected,0.006819801520447216,0.00037156597484479736,100
bounded,quality,200,2.0,1.0,neural,domain_indicator_pool,risk_rct_only,0.021248048828257773,0.00137156253421902,100
bounded,quality,200,2.0,1.0,neural,experimental_grounding,risk_selected,0.16071994347326818,0.006308928094804833,100
bounded,quality,200,2.0,1.0,neural,experimental_grounding,risk_rct_only,0.021248048828257773,0.00137156253421902,100
bounded,rct_size,100,1.0,1.0,neural,DRF,risk_selected,0.036961067909551185,0.00238358182137468,100
bounded,rct_size,100,1.0,1.0,neural,DRF,risk_rct_only,0.05373459402822518,0.0029780970439409016,100
bounded,rct_size,100,1.0,1.0,neural,DRF,risk_grid_oracle,0.025298370961333517,0.0011489998118015426,100
bounded,rct_size,100,1.0,1.0,neural,DRF,risk_lambda_only,0.039489536969957176,0.0027091165021697608,100
bounded,rct_size,100,1.0,1.0,neural,DRF,risk_omega_only,0.05027326184018465,0.0031734999293858363,100
bounded,rct_size,100,1.0,1.0,neural,DRF,regret,0.011662696948217668,0.0019297209310136895,100
bounded,rct_size,100,1.0,1.0,neural,DRF,radius,268.1128388296566,0.0,100
bounded,rct_size,100,1.0,1.0,neural,DRF,regret_within_radius,1.0,0.0,100
bounded,rct_size,100,1.0,1.0,neural,DRF,regret_over_radius,2.174960550029361e-05,3.5987104150572265e-06,100
bounded,rct_size,100,1.0,1.0,neural,DRF,selected_lambda,0.6825,0.037580721201975434,100
bounded,rct_size,100,1.0,1.0,neural,DRF,selected_omega,0.345,0.036718283228281835,100
bounded,rct_size,100,1.0,1.0,neural,DRF,risk_selected_minus_rct,-0.016773526118673988,0.0034033855740858675,100
bounded,rct_size,100,1.0,1.0,neural,DRF,score_selected_minus_rct,-0.03444088641176869,0.0037200226671730225,100
bounded,rct_size,100,1.0,1.0,neural,DRF,risk_at_0.0_0.0,0.4094875307778687,0.015327367728882097,100
bounded,rct_size,100,1.0,1.0,neural,DRF,risk_at_0.5_0.0,0.32165143668443585,0.01236073481984981,100
bounded,rct_size,100,1.0,1.0,neural,DRF,risk_at_0.0_0.5,0.13418847633492825,0.0038021829359875907,100
bounded,rct_size,100,1.0,1.0,neural,DRF,risk_at_0.5_0.5,0.10038888901849273,0.0024737238996839174,100
bounded,rct_size,100,1.0,1.0,neural,RF,risk_selected,0.03804627825503176,0.0024913746888725052,100
bounded,rct_size,100,1.0,1.0,neural,RF,risk_rct_only,0.05402633245771887,0.003486582187736135,100
bounded,rct_size,100,1.0,1.0,neural,RF,risk_grid_oracle,0.02437549961525,0.0011432654066691715,100
bounded,rct_size,100,1.0,1.0,neural,RF,risk_lambda_only,0.037139898800013046,0.001959029261464729,100
bounded,rct_size,100,1.0,1.0,neural,RF,risk_omega_only,0.048529054188133386,0.0030951877654731993,100
bounded,rct_size,100,1.0,1.0,neural,RF,regret,0.013670778639781764,0.0021850421755472,100
bounded,rct_size,100,1.0,1.0,neural,RF,radius,268.1128388296566,0.0,100
bounded,rct_size,100,1.0,1.0,neural,RF,regret_within_radius,1.0,0.0,100
bounded,rct_size,100,1.0,1.0,neural,RF,regret_over_radius,2.5494449835853222e-05,4.074855544190201e-06,100
bounded,rct_size,100,1.0,1.0,neural,RF,selected_lambda,0.6925,0.03970455918659745,100
bounded,rct_size,100,1.0,1.0,neural,RF,selected_omega,0.37,0.03717960774837777,100
bounded,rct_size,100,1.0,1.0,neural,RF,risk_selected_minus_rct,-0.015980054202687114,0.003990964405065214,100
bounded,rct_size,100,1.0,1.0,neural,RF,score_selected_minus_rct,-0.03320164980381777,0.003512034736366074,100
bounded,rct_size,100,1.0,1.0,neural,RF,risk_at_0.0_0.0,0.43232889555566767,0.015906973129814865,100
bounded,rct_size,100,1.0,1.0,neural,RF,risk_at_0.5_0.0,0.3410220909539224,0.012621972570651934,100
bounded,rct_size,100,1.0,1.0,neural,RF,risk_at_0.0_0.5,0.12792696991153074,0.0036907169217095847,100
bounded,rct_size,100,1.0,1.0,neural,RF,risk_at_0.5_0.5,0.09642226681831319,0.00235686992705373,100
bounded,rct_size,100,1.0,1.0,neural,domain_indicator_pool,risk_selected,0.008693678194703939,0.0007262275234591334,100
bounded,rct_size,100,1.0,1.0,neural,domain_indicator_pool,risk_rct_only,0.05373459402822518,0.0029780970439409016,100
bounded,rct_size,100,1.0,1.0,neural,experimental_grounding,risk_selected,0.41383397188235416,0.015726062278955823,100
bounded,rct_size,100,1.0,1.0,neural,experimental_grounding,risk_rct_only,0.05373459402822518,0.0029780970439409016,100
bounded,rct_size,200,1.0,1.0,neural,DRF,risk_selected,0.017752825446860358,0.0010011584618837904,100
bounded,rct_size,200,1.0,1.0,neural,DRF,risk_rct_only,0.020763645610872565,0.000918710469266337,100
bounded,rct_size,200,1.0,1.0,neural,DRF,risk_grid_oracle,0.013319918224479177,0.0005491295165847786,100
bounded,rct_size,200,1.0,1.0,neural,DRF,risk_lambda_only,0.01751414315549321,0.0008131359603118865,100
bounded,rct_size,200,1.0,1.0,neural,DRF,risk_omega_only,0.020292699253705866,0.0009232819429474893,100
bounded,rct_size,200,1.0,1.0,neural,DRF,regret,0.004432907222381176,0.0009739138490196276,100
bounded,rct_size,200,1.0,1.0,neural,DRF,radius,195.8431454947961,2.856489275186539e-15,100
bounded,rct_size,200,1.0,1.0,neural,DRF,regret_within_radius,1.0,0.0,100
bounded,rct_size,200,1.0,1.0,neural,DRF,regret_over_radius,1.1317493934192777e-05,2.4864639672709566e-06,100
bounded,rct_size,200,1.0,1.0,neural,DRF,selected_lambda,0.6275,0.04430937493432634,100
bounded,rct_size,200,1.0,1.0,neural,DRF,selected_omega,0.3475,0.03708014116325434,100
bounded,rct_size,200,1.0,1.0,neural,DRF,risk_selected_minus_rct,-0.003010820164012214,0.0011277130524441747,100
bounded,rct_size,200,1.0,1.0,neural,DRF,score_selected_minus_rct,-0.009487676663488716,0.0009171388238315688,100
bounded,rct_size,200,1.0,1.0,neural,DRF,risk_at_0.0_0.0,0.16575791103338205,0.006182532712779553,100
bounded,rct_size,200,1.0,1.0,neural,DRF,risk_at_0.5_0.0,0.14086774862465992,0.00483597023858481,100
bounded,rct_size,200,1.0,1.0,neural,DRF,risk_at_0.0_0.5,0.07757304900710908,0.0019902967569951626,100
bounded,rct_size,200,1.0,1.0,neural,DRF,risk_at_0.5_0.5,0.0647240268524264,0.0014500940123965583,100
bounded,rct_size,200,1.0,1.0,neural,RF,risk_selected,0.01752414150714537,0.0010278994348127026,100
bounded,rct_size,200,1.0,1.0,neural,RF,risk_rct_only,0.021705796060328107,0.0010427848375762596,100
bounded,rct_size,200,1.0,1.0,neural,RF,risk_grid_oracle,0.013080733895071544,0.0005211819318225508,100
bounded,rct_size,200,1.0,1.0,neural,RF,risk_lambda_only,0.017152746123045803,0.0007458647129089252,100
bounded,rct_size,200,1.0,1.0,neural,RF,risk_omega_only,0.020224666485584745,0.0008896359529569655,100
bounded,rct_size,200,1.0,1.0,neural,RF,regret,0.004443407612073827,0.0009870051829454455,100
bounded,rct_size,200,1.0,1.0,neural,RF,radius,195.8431454947961,2.856489275186539e-15,100
bounded,rct_size,200,1.0,1.0,neural,RF,regret_within_radius,1.0,0.0,100
bounded,rct_size,200,1.0,1.0,neural,RF,regret_over_radius,1.1344302096577329e-05,2.5198869749865005e-06,100
bounded,rct_size,200,1.0,1.0,neural,RF,selected_lambda,0.66,0.04487918687032346,100
bounded,rct_size,200,1.0,1.0,neural,RF,selected_omega,0.3875,0.03833250987257831,100
bounded,rct_size,200,1.0,1.0,neural,RF,risk_selected_minus_rct,-0.004181654553182734,0.0011288850812997502,100
bounded,rct_size,200,1.0,1.0,neural,RF,score_selected_minus_rct,-0.010600879909844254,0.0010076000564351747,100
bounded,rct_size,200,1.0,1.0,neural,RF,risk_at_0.0_0.0,0.17901279337883455,0.006950358077514681,100
bounded,rct_size,200,1.0,1.0,neural,RF,risk_at_0.5_0.0,0.15175268093860786,0.005663728759401495,100
bounded,rct_size,200,1.0,1.0,neural,RF,risk_at_0.0_0.5,0.07604212268205926,0.0019902851780652753,100
bounded,rct_size,200,1.0,1.0,neural,RF,risk_at_0.5_0.5,0.06297765616147415,0.0013561154749697217,100
bounded,rct_size,200,1.0,1.0,neural,domain_indicator_pool,risk_selected,0.006703376572256986,0.00031197193359639683,100
bounded,rct_size,200,1.0,1.0,neural,domain_indicator_pool,risk_rct_only,0.020763645610872565,0.000918710469266337,100
bounded,rct_size,200,1.0,1.0,neural,experimental_grounding,risk_selected,0.16603416299521775,0.006228578291090097,100
bounded,rct_size,200,1.0,1.0,neural,experimental_grounding,risk_rct_only,0.020763645610872565,0.000918710469266337,100
bounded,rct_size,400,1.0,1.0,neural,DRF,risk_selected,0.007706180104636133,0.0003638755717788655,100
bounded,rct_size,400,1.0,1.0,neural,DRF,risk_rct_only,0.008506182643402593,0.00034554293032984615,100
bounded,rct_size,400,1.0,1.0,neural,DRF,risk_grid_oracle,0.0065179918195129435,0.0002730106301334391,100
bounded,rct_size,400,1.0,1.0,neural,DRF,risk_lambda_only,0.007398234863429753,0.0002958270751045023,100
bounded,rct_size,400,1.0,1.0,neural,DRF,risk_omega_only,0.008409351170486166,0.00035551820773633343,100
bounded,rct_size,400,1.0,1.0,neural,DRF,regret,0.0011881882851231885,0.00029370136921886734,100
bounded,rct_size,400,1.0,1.0,neural,DRF,radius,144.74075526344396,0.0,100
bounded,rct_size,400,1.0,1.0,neural,DRF,regret_within_radius,1.0,0.0,100
bounded,rct_size,400,1.0,1.0,neural,DRF,regret_over_radius,4.1045394676867484e-06,1.0145772995460016e-06,100
bounded,rct_size,400,1.0,1.0,neural,DRF,selected_lambda,0.65,0.043664237730271394,100
bounded,rct_size,400,1.0,1.0,neural,DRF,selected_omega,0.45,0.042640143271122095,100
bounded,rct_size,400,1.0,1.0,neural,DRF,risk_selected_minus_rct,-0.0008000025387664587,0.00034046564541751726,100
bounded,rct_size,400,1.0,1.0,neural,DRF,score_selected_minus_rct,-0.003272677537371207,0.0003249944407751461,100
bounded,rct_size,400,1.0,1.0,neural,DRF,risk_at_0.0_0.0,0.060711305510402325,0.001877723452965227,100
bounded,rct_size,400,1.0,1.0,neural,DRF,risk_at_0.5_0.0,0.05534204098685521,0.0017156292095582254,100
bounded,rct_size,400,1.0,1.0,neural,DRF,risk_at_0.0_0.5,0.04133925399272683,0.000899897271373232,100
bounded,rct_size,400,1.0,1.0,neural,DRF,risk_at_0.5_0.5,0.0374945124144939,0.0007778588326691422,100
bounded,rct_size,400,1.0,1.0,neural,RF,risk_selected,0.007611429749740303,0.0004168804849496497,100
bounded,rct_size,400,1.0,1.0,neural,RF,risk_rct_only,0.008534263994308131,0.0003513727101015919,100
bounded,rct_size,400,1.0,1.0,neural,RF,risk_grid_oracle,0.00649342963691374,0.0002598203666997746,100
bounded,rct_size,400,1.0,1.0,neural,RF,risk_lambda_only,0.007391912534143086,0.0002659313207907943,100
bounded,rct_size,400,1.0,1.0,neural,RF,risk_omega_only,0.008234553163392588,0.0003373697784497599,100
bounded,rct_size,400,1.0,1.0,neural,RF,regret,0.0011180001128265633,0.0003352771799347587,100
bounded,rct_size,400,1.0,1.0,neural,RF,radius,144.74075526344396,0.0,100
bounded,rct_size,400,1.0,1.0,neural,RF,regret_within_radius,1.0,0.0,100
bounded,rct_size,400,1.0,1.0,neural,RF,regret_over_radius,3.862077791399116e-06,1.158198944466324e-06,100
bounded,rct_size,400,1.0,1.0,neural,RF,selected_lambda,0.655,0.04547449057360943,100
bounded,rct_size,400,1.0,1.0,neural,RF,selected_omega,0.4375,0.04239886957707884,100
bounded,rct_size,400,1.0,1.0,neural,RF,risk_selected_minus_rct,-0.0009228342445678296,0.00036863663179125146,100
bounded,rct_size,400,1.0,1.0,neural,RF,score_selected_minus_rct,-0.003534494350447838,0.0003335131207523888,100
bounded,rct_size,400,1.0,1.0,neural,RF,risk_at_0.0_0.0,0.06313965110640009,0.001877485255965202,100
bounded,rct_size,400,1.0,1.0,neural,RF,risk_at_0.5_0.0,0.057745885150320954,0.0017433946911921331,100
bounded,rct_size,400,1.0,1.0,neural,RF,risk_at_0.0_0.5,0.04026890028902306,0.0008341460490033793,100
bounded,rct_size,400,1.0,1.0,neural,RF,risk_at_0.5_0.5,0.036715778893917944,0.000715145420826864,100
bounded,rct_size,400,1.0,1.0,neural,domain_indicator_pool,risk_selected,0.005337288924616915,0.0001916712528874178,100
bounded,rct_size,400,1.0,1.0,neural,domain_indicator_pool,risk_rct_only,0.008506182643402593,0.00034554293032984615,100
bounded,rct_size,400,1.0,1.0,neural,experimental_grounding,risk_selected,0.06133450671086965,0.0018596975667853235,100
bounded,rct_size,400,1.0,1.0,neural,experimental_grounding,risk_rct_only,0.008506182643402593,0.00034554293032984615,100
scm1,heterogeneity,200,1.0,2.0,neural,DRF,risk_selected,0.8386593338939947,0.046513128667635226,100
scm1,heterogeneity,200,1.0,2.0,neural,DRF,risk_rct_only,1.0347124252009303,0.055028286312848895,100
scm1,heterogeneity,200,1.0,2.0,neural,DRF,risk_grid_oracle,0.5532652916896115,0.024881583331975418,100
scm1,heterogeneity,200,1.0,2.0,neural,DRF,risk_lambda_only,0.9106454944324117,0.051841673863692664,100
scm1,heterogeneity,200,1.0,2.0,neural,DRF,risk_omega_only,0.9246621054976756,0.04953623843163398,100
scm1,heterogeneity,200,1.0,2.0,neural,DRF,regret,0.2853940422043832,0.040595004744132475,100
scm1,heterogeneity,200,1.0,2.0,neural,DRF,selected_lambda,0.63,0.04166363625343551,100
scm1,heterogeneity,200,1.0,2.0,neural,DRF,selected_omega,0.4575,0.03925682723869168,100
scm1,heterogeneity,200,1.0,2.0,neural,DRF,risk_selected_minus_rct,-0.19605309130693577,0.04954804904123576,100
scm1,heterogeneity,200,1.0,2.0,neural,DRF,score_selected_minus_rct,-0.4472024448124735,0.0449498656815359,100
scm1,heterogeneity,200,1.0,2.0,neural,DRF,risk_at_0.0_0.0,5.46757328012325,0.24556872867018092,100
scm1,heterogeneity,200,1.0,2.0,neural,DRF,risk_at_0.5_0.0,4.639860788739522,0.22288701698878155,100
scm1,heterogeneity,200,1.0,2.0,neural,DRF,risk_at_0.0_0.5,2.5029251785930953,0.08032763366238159,100
scm1,heterogeneity,200,1.0,2.0,neural,DRF,risk_at_0.5_0.5,2.0166588909248864,0.05871802820767212,100
scm1,heterogeneity,200,1.0,2.0,neural,RF,risk_selected,0.8341660532243768,0.043429599548371736,100
scm1,heterogeneity,200,1.0,2.0,neural,RF,risk_rct_only,1.0337483396183562,0.05338493874869067,100
scm1,heterogeneity,200,1.0,2.0,neural,RF,risk_grid_oracle,0.5509001692383966,0.023091662298333572,100
scm1,heterogeneity,200,1.0,2.0,neural,RF,risk_lambda_only,0.8855507604052739,0.047892696524740944,100
scm1,heterogeneity,200,1.0,2.0,neural,RF,risk_omega_only,0.960607809112354,0.05284419014452792,100
scm1,heterogeneity,200,1.0,2.0,neural,RF,regret,0.28326588398598007,0.039484386158774885,100
scm1,heterogeneity,200,1.0,2.0,neural,RF,selected_lambda,0.6175,0.0422616608736332,100
scm1,heterogeneity,200,1.0,2.0,neural,RF,selected_omega,0.47,0.03663221521992892,100
scm1,heterogeneity,200,1.0,2.0,neural,RF,risk_selected_minus_rct,-0.19958228639397949,0.04518323967847208,100
scm1,heterogeneity,200,1.0,2.0,neural,RF,score_selected_minus_rct,-0.5531561157212376,0.05793937667403202,100
scm1,heterogeneity,200,1.0,2.0,neural,RF,risk_at_0.0_0.0,5.6733638102765465,0.21244811744434297,100
scm1,heterogeneity,200,1.0,2.0,neural,RF,risk_at_0.5_0.0,4.838016272157731,0.19858138442128584,100
scm1,heterogeneity,200,1.0,2.0,neural,RF,risk_at_0.0_0.5,2.457560493948871,0.07141598499572724,100
scm1,heterogeneity,200,1.0,2.0,neural,RF,risk_at_0.5_0.5,1.984447805134947,0.05006394909996115,100
scm1,heterogeneity,200,1.0,2.0,neural,domain_indicator_pool,risk_selected,0.23787510018365413,0.011723911058051446,100
scm1,heterogeneity,200,1.0,2.0,neural,domain_indicator_pool,risk_rct_only,1.0347124252009303,0.055028286312848895,100
scm1,heterogeneity,200,1.0,2.0,neural,experimental_grounding,risk_selected,5.460285264595408,0.24125321855902385,100
scm1,heterogeneity,200,1.0,2.0,neural,experimental_grounding,risk_rct_only,1.0347124252009303,0.055028286312848895,100
scm1,quality,200,0.0,1.0,neural,DRF,risk_selected,0.7629305009012177,0.04359036403347173,100
scm1,quality,200,0.0,1.0,neural,DRF,risk_rct_only,0.9574999054335019,0.04399464203868864,100
scm1,quality,200,0.0,1.0,neural,DRF,risk_grid_oracle,0.5204144522495506,0.017168978695280144,100
scm1,quality,200,0.0,1.0,neural,DRF,risk_lambda_only,0.8163989910946721,0.04810960182862324,100
scm1,quality,200,0.0,1.0,neural,DRF,risk_omega_only,0.9478641836006015,0.058580120369895086,100
scm1,quality,200,0.0,1.0,neural,DRF,regret,0.242516048651667,0.0392845177037019,100
scm1,quality,200,0.0,1.0,neural,DRF,selected_lambda,0.65,0.0421936373201343,100
scm1,quality,200,0.0,1.0,neural,DRF,selected_omega,0.5025,0.034723838346227644,100
scm1,quality,200,0.0,1.0,neural,DRF,risk_selected_minus_rct,-0.1945694045322843,0.041632490686160255,100
scm1,quality,200,0.0,1.0,neural,DRF,score_selected_minus_rct,-0.5716190338482461,0.05491171906371254,100
scm1,quality,200,0.0,1.0,neural,DRF,risk_at_0.0_0.0,5.829920137852436,0.2594089015736424,100
scm1,quality,200,0.0,1.0,neural,DRF,risk_at_0.5_0.0,4.838734367767841,0.2018157621131528,100
scm1,quality,200,0.0,1.0,neural,DRF,risk_at_0.0_0.5,2.4707505627393003,0.08616398981031284,100
scm1,quality,200,0.0,1.0,neural,DRF,risk_at_0.5_0.5,1.9264112851641426,0.054961337645170326,100
scm1,quality,200,0.0,1.0,neural,RF,risk_selected,0.7584524887765128,0.04275309651465347,100
scm1,quality,200,0.0,1.0,neural,RF,risk_rct_only,0.9442682437026167,0.043198150954128926,100
scm1,quality,200,0.0,1.0,neural,RF,risk_grid_oracle,0.5136575733700721,0.016211242345795365,100
scm1,quality,200,0.0,1.0,neural,RF,risk_lambda_only,0.8040749561895937,0.04546794570729458,100
scm1,quality,200,0.0,1.0,neural,RF,risk_omega_only,0.9266932908009095,0.06418413814923371,100
scm1,quality,200,0.0,1.0,neural,RF,regret,0.2447949154064408,0.03659705225664213,100
scm1,quality,200,0.0,1.0,neural,RF,selected_lambda,0.6525,0.04111682665702005,100
scm1,quality,200,0.0,1.0,neural,RF,selected_omega,0.5025,0.03544361719689457,100
scm1,quality,200,0.0,1.0,neural,RF,risk_selected_minus_rct,-0.1858157549261038,0.04254839635701883,100
scm1,quality,200,0.0,1.0,neural,RF,score_selected_minus_rct,-0.5803896788258467,0.05905974183547498,100
scm1,quality,200,0.0,1.0,neural,RF,risk_at_0.0_0.0,6.17292397101108,0.2560584630206091,100
scm1,quality,200,0.0,1.0,neural,RF,risk_at_0.5_0.0,5.108248847894074,0.21274407815061241,100
scm1,quality,200,0.0,1.0,neural,RF,risk_at_0.0_0.5,2.4292751716839915,0.07569054689327025,100
scm1,quality,200,0.0,1.0,neural,RF,risk_at_0.5_0.5,1.8904279746065231,0.04785940141884444,100
scm1,quality,200,0.0,1.0,neural,domain_indicator_pool,risk_selected,0.23570897862041648,0.01150435956714502,100
scm1,quality,200,0.0,1.0,neural,domain_indicator_pool,risk_rct_only,0.9574999054335019,0.04399464203868864,100
scm1,quality,200,0.0,1.0,neural,experimental_grounding,risk_selected,5.83599492916334,0.2649874531911608,100
scm1,quality,200,0.0,1.0,neural,experimental_grounding,risk_rct_only,0.9574999054335019,0.04399464203868864,100
scm1,quality,200,2.0,1.0,neural,DRF,risk_selected,0.8323668051460448,0.04530119765819694,100
scm1,quality,200,2.0,1.0,neural,DRF,risk_rct_only,1.1065964057726652,0.07249754530110353,100
scm1,quality,200,2.0,1.0,neural,DRF,risk_grid_oracle,0.6136312121265992,0.026838124403656766,100
scm1,quality,200,2.0,1.0,neural,DRF,risk_lambda_only,0.9064022633667344,0.04784248175994427,100
scm1,quality,200,2.0,1.0,neural,DRF,risk_omega_only,1.0045928490723355,0.06615094425821175,100
scm1,quality,200,2.0,1.0,neural,DRF,regret,0.21873559301944517,0.03302136472493403,100
scm1,quality,200,2.0,1.0,neural,DRF,selected_lambda,0.675,0.0401229172026223,100
scm1,quality,200,2.0,1.0,neural,DRF,selected_omega,0.4625,0.04072806467934921,100
scm1,quality,200,2.0,1.0,neural,DRF,risk_selected_minus_rct,-0.27422960062662066,0.07197178436978509,100
scm1,quality,200,2.0,1.0,neural,DRF,score_selected_minus_rct,-0.5873905996455892,0.06225952239045106,100
scm1,quality,200,2.0,1.0,neural,DRF,risk_at_0.0_0.0,5.6207543263989,0.20818675349932803,100
scm1,quality,200,2.0,1.0,neural,DRF,risk_at_0.5_0.0,4.88781657146619,0.17960527730057096,100
scm1,quality,200,2.0,1.0,neural,DRF,risk_at_0.0_0.5,2.431525175629346,0.08335908404591738,100
scm1,quality,200,2.0,1.0,neural,DRF,risk_at_0.5_0.5,2.0191131167481013,0.06086140756386912,100
scm1,quality,200,2.0,1.0,neural,RF,risk_selected,0.8641073883185599,0.05548530254691164,100
scm1,quality,200,2.0,1.0,neural,RF,risk_rct_only,1.1042571413415585,0.061117553521174574,100
scm1,quality,200,2.0,1.0,neural,RF,risk_grid_oracle,0.5992666089686873,0.023591784942421246,100
scm1,quality,200,2.0,1.0,neural,RF,risk_lambda_only,0.9645586514325153,0.06317483878910768,100
scm1,quality,200,2.0,1.0,neural,RF,risk_omega_only,0.943374180709335,0.043235441702932795,100
scm1,quality,200,2.0,1.0,neural,RF,regret,0.2648407793498727,0.04721236516356281,100
scm1,quality,200,2.0,1.0,neural,RF,selected_lambda,0.6175,0.0422616608736332,100
scm1,quality,200,2.0,1.0,neural,RF,selected_omega,0.465,0.04051748593714406,100
scm1,quality,200,2.0,1.0,neural,RF,risk_selected_minus_rct,-0.2401497530229982,0.06753802348567499,100
scm1,quality,200,2.0,1.0,neural,RF,score_selected_minus_rct,-0.6718379657249933,0.0960430688923744,100
scm1,quality,200,2.0,1.0,neural,RF,risk_at_0.0_0.0,6.10594699987615,0.22955188727115133,100
scm1,quality,200,2.0,1.0,neural,RF,risk_at_0.5_0.0,5.2879609863584225,0.19223393903093974,100
scm1,quality,200,2.0,1.0,neural,RF,risk_at_0.0_0.5,2.461681097382371,0.08575822928648688,100
scm1,quality,200,2.0,1.0,neural,RF,risk_at_0.5_0.5,2.0063886982630073,0.057211343866569384,100
scm1,quality,200,2.0,1.0,neural,domain_indicator_pool,risk_selected,0.23166823678347992,0.010918462180785352,100
scm1,quality,200,2.0,1.0,neural,domain_indicator_pool,risk_rct_only,1.1065964057726652,0.07249754530110353,100
scm1,quality,200,2.0,1.0,neural,experimental_grounding,risk_selected,5.5962294372237515,0.20727820301905772,100
scm1,quality,200,2.0,1.0,neural,experimental_grounding,risk_rct_only,1.1065964057726652,0.07249754530110353,100
scm1,rct_size,100,1.0,1.0,neural,DRF,risk_selected,1.423406789832722,0.09226577174224451,100
scm1,rct_size,100,1.0,1.0,neural,DRF,risk_rct_only,2.63379764527512,0.29065363776073294,100
scm1,rct_size,100,1.0,1.0,neural,DRF,risk_grid_oracle,0.8959469279221328,0.033595224539501464,100
scm1,rct_size,100,1.0,1.0,neural,DRF,risk_lambda_only,2.075641933642911,0.3776654426454948,100
scm1,rct_size,100,1.0,1.0,neural,DRF,risk_omega_only,1.813180873788834,0.12443313272548488,100
scm1,rct_size,100,1.0,1.0,neural,DRF,regret,0.527459861910589,0.08508938714843697,100
scm1,rct_size,100,1.0,1.0,neural,DRF,selected_lambda,0.6725,0.041997925634199566,100
scm1,rct_size,100,1.0,1.0,neural,DRF,selected_omega,0.44,0.03590813193963088,100
scm1,rct_size,100,1.0,1.0,neural,DRF,risk_selected_minus_rct,-1.2103908554423983,0.26158618296829234,100
scm1,rct_size,100,1.0,1.0,neural,DRF,score_selected_minus_rct,-1.7959798629931538,0.3830864516459537,100
scm1,rct_size,100,1.0,1.0,neural,DRF,risk_at_0.0_0.0,14.47832151977467,0.8694933584349382,100
scm1,rct_size,100,1.0,1.0,neural,DRF,risk_at_0.5_0.0,11.979332524767804,0.7645468045553003,100
scm1,rct_size,100,1.0,1.0,neural,DRF,risk_at_0.0_0.5,3.865796485937825,0.13850374730241555,100
scm1,rct_size,100,1.0,1.0,neural,DRF,risk_at_0.5_0.5,2.886031764099529,0.08590661600067205,100
scm1,rct_size,100,1.0,1.0,neural,RF,risk_selected,1.3820933335042493,0.08472644674168602,100
scm1,rct_size,100,1.0,1.0,neural,RF,risk_rct_only,2.877199584605833,0.33656408919466513,100
scm1,rct_size,100,1.0,1.0,neural,RF,risk_grid_oracle,0.8580782471878589,0.030095667379558454,100
scm1,rct_size,100,1.0,1.0,neural,RF,risk_lambda_only,2.1545590528206877,0.3678826781741424,100
scm1,rct_size,100,1.0,1.0,neural,RF,risk_omega_only,1.855415224597152,0.15417235670549662,100
scm1,rct_size,100,1.0,1.0,neural,RF,regret,0.5240150863163907,0.07922712767316015,100
scm1,rct_size,100,1.0,1.0,neural,RF,selected_lambda,0.7,0.041286141192238515,100
scm1,rct_size,100,1.0,1.0,neural,RF,selected_omega,0.465,0.0337137384698903,100
scm1,rct_size,100,1.0,1.0,neural,RF,risk_selected_minus_rct,-1.4951062511015838,0.31175792766955707,100
scm1,rct_size,100,1.0,1.0,neural,RF,score_selected_minus_rct,-2.246256956756432,0.5073051975065515,100
scm1,rct_size,100,1.0,1.0,neural,RF,risk_at_0.0_0.0,15.17427341564596,0.8015625854440804,100
scm1,rct_size,100,1.0,1.0,neural,RF,risk_at_0.5_0.0,12.504130048311316,0.7403309011121235,100
scm1,rct_size,100,1.0,1.0,neural,RF,risk_at_0.0_0.5,3.940209375177627,0.13095553121922182,100
scm1,rct_size,100,1.0,1.0,neural,RF,risk_at_0.5_0.5,2.86243696112778,0.08203129010459916,100
scm1,rct_size,100,1.0,1.0,neural,domain_indicator_pool,risk_selected,0.30331470591313375,0.018229961149111674,100
scm1,rct_size,100,1.0,1.0,neural,domain_indicator_pool,risk_rct_only,2.63379764527512,0.29065363776073294,100
scm1,rct_size,100,1.0,1.0,neural,experimental_grounding,risk_selected,14.433195041574791,0.914480995175462,100
scm1,rct_size,100,1.0,1.0,neural,experimental_grounding,risk_rct_only,2.63379764527512,0.29065363776073294,100
scm1,rct_size,200,1.0,1.0,neural,DRF,risk_selected,0.7752818697784194,0.04215134503345953,100
scm1,rct_size,200,1.0,1.0,neural,DRF,risk_rct_only,1.1027822131351412,0.0865944319714476,100
scm1,rct_size,200,1.0,1.0,neural,DRF,risk_grid_oracle,0.5503696865307258,0.020547411052460947,100
scm1,rct_size,200,1.0,1.0,neural,DRF,risk_lambda_only,0.9164474292335493,0.08788248671126478,100
scm1,rct_size,200,1.0,1.0,neural,DRF,risk_omega_only,0.9118246763121016,0.04229091741703076,100
scm1,rct_size,200,1.0,1.0,neural,DRF,regret,0.2249121832476935,0.035683740237315804,100
scm1,rct_size,200,1.0,1.0,neural,DRF,selected_lambda,0.69,0.041151358950031566,100
scm1,rct_size,200,1.0,1.0,neural,DRF,selected_omega,0.4325,0.03970455918659745,100
scm1,rct_size,200,1.0,1.0,neural,DRF,risk_selected_minus_rct,-0.32750034335672207,0.09043566442695614,100
scm1,rct_size,200,1.0,1.0,neural,DRF,score_selected_minus_rct,-0.6451968121533038,0.16738771913621542,100
scm1,rct_size,200,1.0,1.0,neural,DRF,risk_at_0.0_0.0,6.102758206885888,0.3292668406137497,100
scm1,rct_size,200,1.0,1.0,neural,DRF,risk_at_0.5_0.0,5.033559173690759,0.25483736599594714,100
scm1,rct_size,200,1.0,1.0,neural,DRF,risk_at_0.0_0.5,2.398219507645062,0.07726426755486009,100
scm1,rct_size,200,1.0,1.0,neural,DRF,risk_at_0.5_0.5,1.9006511071915013,0.0555217609233708,100
scm1,rct_size,200,1.0,1.0,neural,RF,risk_selected,0.7892289356265902,0.0445701867545535,100
scm1,rct_size,200,1.0,1.0,neural,RF,risk_rct_only,1.0993225590812736,0.09257349687179856,100
scm1,rct_size,200,1.0,1.0,neural,RF,risk_grid_oracle,0.5501565283545691,0.020481176428296048,100
scm1,rct_size,200,1.0,1.0,neural,RF,risk_lambda_only,0.9014410791998081,0.0603647219815984,100
scm1,rct_size,200,1.0,1.0,neural,RF,risk_omega_only,0.8903144349597887,0.0408820323415216,100
scm1,rct_size,200,1.0,1.0,neural,RF,regret,0.2390724072720212,0.036885486031860905,100
scm1,rct_size,200,1.0,1.0,neural,RF,selected_lambda,0.67,0.0415726211379897,100
scm1,rct_size,200,1.0,1.0,neural,RF,selected_omega,0.43,0.038118634590319514,100
scm1,rct_size,200,1.0,1.0,neural,RF,risk_selected_minus_rct,-0.31009362345468344,0.09457100534820481,100
scm1,rct_size,200,1.0,1.0,neural,RF,score_selected_minus_rct,-0.7384962076325242,0.23026598145330995,100
scm1,rct_size,200,1.0,1.0,neural,RF,risk_at_0.0_0.0,6.2901902564308,0.3401023679227537,100
scm1,rct_size,200,1.0,1.0,neural,RF,risk_at_0.5_0.0,5.236618447732109,0.27405211007861696,100
scm1,rct_size,200,1.0,1.0,neural,RF,risk_at_0.0_0.5,2.324434496795048,0.07067886962469257,100
scm1,rct_size,200,1.0,1.0,neural,RF,risk_at_0.5_0.5,1.8565936333372328,0.05130145162494385,100
scm1,rct_size,200,1.0,1.0,neural,domain_indicator_pool,risk_selected,0.22501564360898768,0.010500599751524602,100
scm1,rct_size,200,1.0,1.0,neural,domain_indicator_pool,risk_rct_only,1.1027822131351412,0.0865944319714476,100
scm1,rct_size,200,1.0,1.0,neural,experimental_grounding,risk_selected,6.0896035811267595,0.3289401603279406,100
scm1,rct_size,200,1.0,1.0,neural,experimental_grounding,risk_rct_only,1.1027822131351412,0.0865944319714476,100
scm1,rct_size,400,1.0,1.0,neural,DRF,risk_selected,0.4819127717374628,0.023398796329528296,100
scm1,rct_size,400,1.0,1.0,neural,DRF,risk_rct_only,0.5908902737568333,0.03399430230424353,100
scm1,rct_size,400,1.0,1.0,neural,DRF,risk_grid_oracle,0.37829504070630887,0.012527528338315861,100
scm1,rct_size,400,1.0,1.0,neural,DRF,risk_lambda_only,0.5170381182179943,0.03210668718489367,100
scm1,rct_size,400,1.0,1.0,neural,DRF,risk_omega_only,0.5440608507284519,0.024257006218282758,100
scm1,rct_size,400,1.0,1.0,neural,DRF,regret,0.10361773103115396,0.01911909506672288,100
scm1,rct_size,400,1.0,1.0,neural,DRF,selected_lambda,0.6,0.0421936373201343,100
scm1,rct_size,400,1.0,1.0,neural,DRF,selected_omega,0.4675,0.03754710845771421,100
scm1,rct_size,400,1.0,1.0,neural,DRF,risk_selected_minus_rct,-0.10897750201937059,0.037323250883302156,100
scm1,rct_size,400,1.0,1.0,neural,DRF,score_selected_minus_rct,-0.22169024700964235,0.025210814843219232,100
scm1,rct_size,400,1.0,1.0,neural,DRF,risk_at_0.0_0.0,2.1274535678250457,0.07894133137660261,100
scm1,rct_size,400,1.0,1.0,neural,DRF,risk_at_0.5_0.0,1.8563006139053053,0.07051411948733141,100
scm1,rct_size,400,1.0,1.0,neural,DRF,risk_at_0.0_0.5,1.2977890417135893,0.03442504665548811,100
scm1,rct_size,400,1.0,1.0,neural,DRF,risk_at_0.5_0.5,1.1162772348048793,0.027158823150647337,100
scm1,rct_size,400,1.0,1.0,neural,RF,risk_selected,0.48006913302354287,0.01982156302024111,100
scm1,rct_size,400,1.0,1.0,neural,RF,risk_rct_only,0.5966864083317523,0.03624916767635471,100
scm1,rct_size,400,1.0,1.0,neural,RF,risk_grid_oracle,0.3765651681271614,0.012510643923508863,100
scm1,rct_size,400,1.0,1.0,neural,RF,risk_lambda_only,0.53653451955134,0.03248342312543289,100
scm1,rct_size,400,1.0,1.0,neural,RF,risk_omega_only,0.5361122439190167,0.02178844096283886,100
scm1,rct_size,400,1.0,1.0,neural,RF,regret,0.10350396489638145,0.01506856434996239,100
scm1,rct_size,400,1.0,1.0,neural,RF,selected_lambda,0.6375,0.0414958620305274,100
scm1,rct_size,400,1.0,1.0,neural,RF,selected_omega,0.4975,0.03802162462854447,100
scm1,rct_size,400,1.0,1.0,neural,RF,risk_selected_minus_rct,-0.11661727530820949,0.03672834559587102,100
scm1,rct_size,400,1.0,1.0,neural,RF,score_selected_minus_rct,-0.23924360984468454,0.026427756135561604,100
scm1,rct_size,400,1.0,1.0,neural,RF,risk_at_0.0_0.0,2.259122099171273,0.09583428355942156,100
scm1,rct_size,400,1.0,1.0,neural,RF,risk_at_0.5_0.0,1.9673167531382374,0.08678568691472045,100
scm1,rct_size,400,1.0,1.0,neural,RF,risk_at_0.0_0.5,1.2655953994999727,0.0324121472261003,100
scm1,rct_size,400,1.0,1.0,neural,RF,risk_at_0.5_0.5,1.0912498214572686,0.026261092007948555,100
scm1,rct_size,400,1.0,1.0,neural,domain_indicator_pool,risk_selected,0.19872856399057226,0.006386953020080582,100
scm1,rct_size,400,1.0,1.0,neural,domain_indicator_pool,risk_rct_only,0.5908902737568333,0.03399430230424353,100
scm1,rct_size,400,1.0,1.0,neural,experimental_grounding,risk_selected,2.106130736846897,0.07397164483988687,100
scm1,rct_size,400,1.0,1.0,neural,experimental_grounding,risk_rct_only,0.5908902737568333,0.03399430230424353,100
scm2,heterogeneity,200,1.0,2.0,neural,DRF,risk_selected,0.9362120739080503,0.05175864210303597,100
scm2,heterogeneity,200,1.0,2.0,neural,DRF,risk_rct_only,1.3672032140746078,0.08333060232900762,100
scm2,heterogeneity,200,1.0,2.0,neural,DRF,risk_grid_oracle,0.6484875622337181,0.023712535873643664,100
scm2,heterogeneity,200,1.0,2.0,neural,DRF,risk_lambda_only,1.032938275134912,0.0559098959142383,100
scm2,heterogeneity,200,1.0,2.0,neural,DRF,risk_omega_only,1.2168294625068388,0.06891716875769274,100
scm2,heterogeneity,200,1.0,2.0,neural,DRF,regret,0.2877245116743321,0.05008646616438313,100
scm2,heterogeneity,200,1.0,2.0,neural,DRF,selected_lambda,0.6275,0.043007956745634214,100
scm2,heterogeneity,200,1.0,2.0,neural,DRF,selected_omega,0.4575,0.04005283757712802,100
scm2,heterogeneity,200,1.0,2.0,neural,DRF,risk_selected_minus_rct,-0.4309911401665574,0.07769367598093381,100
scm2,heterogeneity,200,1.0,2.0,neural,DRF,score_selected_minus_rct,-0.8188137169092482,0.10246342611725368,100
scm2,heterogeneity,200,1.0,2.0,neural,DRF,risk_at_0.0_0.0,8.145907870302302,0.35442076055043137,100
scm2,heterogeneity,200,1.0,2.0,neural,DRF,risk_at_0.5_0.0,6.453378837359143,0.288326518964582,100
scm2,heterogeneity,200,1.0,2.0,neural,DRF,risk_at_0.0_0.5,3.7718056307101064,0.15673004502168955,100
scm2,heterogeneity,200,1.0,2.0,neural,DRF,risk_at_0.5_0.5,2.816473963424307,0.0908775928333601,100
scm2,heterogeneity,200,1.0,2.0,neural,RF,risk_selected,0.950864304850784,0.06053698240772058,100
scm2,heterogeneity,200,1.0,2.0,neural,RF,risk_rct_only,1.4212501973146798,0.08294161385451486,100
scm2,heterogeneity,200,1.0,2.0,neural,RF,risk_grid_oracle,0.6348133949166468,0.02264372753388695,100
scm2,heterogeneity,200,1.0,2.0,neural,RF,risk_lambda_only,1.0436102011208606,0.05623334661326697,100
scm2,heterogeneity,200,1.0,2.0,neural,RF,risk_omega_only,1.1416535693908079,0.07436791293414095,100
scm2,heterogeneity,200,1.0,2.0,neural,RF,regret,0.3160509099341372,0.057699933931042655,100
scm2,heterogeneity,200,1.0,2.0,neural,RF,selected_lambda,0.63,0.041814887880811655,100
scm2,heterogeneity,200,1.0,2.0,neural,RF,selected_omega,0.515,0.03905771435331374,100
scm2,heterogeneity,200,1.0,2.0,neural,RF,risk_selected_minus_rct,-0.47038589246389556,0.06871188707295828,100
scm2,heterogeneity,200,1.0,2.0,neural,RF,score_selected_minus_rct,-0.8866719649453074,0.11232027423187844,100
scm2,heterogeneity,200,1.0,2.0,neural,RF,risk_at_0.0_0.0,10.054934349055932,0.4538871364322986,100
scm2,heterogeneity,200,1.0,2.0,neural,RF,risk_at_0.5_0.0,7.864483629936232,0.32956900281970336,100
scm2,heterogeneity,200,1.0,2.0,neural,RF,risk_at_0.0_0.5,3.4685150225731416,0.11470037454154522,100
scm2,heterogeneity,200,1.0,2.0,neural,RF,risk_at_0.5_0.5,2.668387517635401,0.0725449295514041,100
scm2,heterogeneity,200,1.0,2.0,neural,domain_indicator_pool,risk_selected,0.40188254755272834,0.016611217632950648,100
scm2,heterogeneity,200,1.0,2.0,neural,domain_indicator_pool,risk_rct_only,1.3672032140746078,0.08333060232900762,100
scm2,heterogeneity,200,1.0,2.0,neural,experimental_grounding,risk_selected,8.16920059822692,0.3520083449715433,100
scm2,heterogeneity,200,1.0,2.0,neural,experimental_grounding,risk_rct_only,1.3672032140746078,0.08333060232900762,100
scm2,quality,200,0.0,1.0,neural,DRF,risk_selected,0.8958887581886202,0.058277099444883906,100
scm2,quality,200,0.0,1.0,neural,DRF,risk_rct_only,1.2143226674781358,0.06700497302752242,100
scm2,quality,200,0.0,1.0,neural,DRF,risk_grid_oracle,0.6624350745005668,0.029192511380753676,100
scm2,quality,200,0.0,1.0,neural,DRF,risk_lambda_only,0.9312053033877067,0.0531886804459135,100
scm2,quality,200,0.0,1.0,neural,DRF,risk_omega_only,1.1408856439422643,0.06322373608564598,100
scm2,quality,200,0.0,1.0,neural,DRF,regret,0.23345368368805341,0.04535865179227529,100
scm2,quality,200,0.0,1.0,neural,DRF,selected_lambda,0.695,0.040604647193854225,100
scm2,quality,200,0.0,1.0,neural,DRF,selected_omega,0.49,0.038257500750001484,100
scm2,quality,200,0.0,1.0,neural,DRF,risk_selected_minus_rct,-0.31843390928951576,0.06192280194883021,100
scm2,quality,200,0.0,1.0,neural,DRF,score_selected_minus_rct,-0.7567783639455667,0.07554537540273687,100
scm2,quality,200,0.0,1.0,neural,DRF,risk_at_0.0_0.0,7.345805750069749,0.2958318035153491,100
scm2,quality,200,0.0,1.0,neural,DRF,risk_at_0.5_0.0,6.083243791119227,0.2487257133671334,100
scm2,quality,200,0.0,1.0,neural,DRF,risk_at_0.0_0.5,3.3325941250853806,0.11939574726756479,100
scm2,quality,200,0.0,1.0,neural,DRF,risk_at_0.5_0.5,2.578427264690872,0.08088805968383204,100
scm2,quality,200,0.0,1.0,neural,RF,risk_selected,0.8599416628058522,0.054817796032353226,100
scm2,quality,200,0.0,1.0,neural,RF,risk_rct_only,1.2362698493577933,0.06729458474638444,100
scm2,quality,200,0.0,1.0,neural,RF,risk_grid_oracle,0.6433269607308607,0.027816741949568968,100
scm2,quality,200,0.0,1.0,neural,RF,risk_lambda_only,0.97095548919553,0.055935214522617405,100
scm2,quality,200,0.0,1.0,neural,RF,risk_omega_only,1.0340960960488819,0.04714008371059061,100
scm2,quality,200,0.0,1.0,neural,RF,regret,0.21661470207499153,0.04217621866008183,100
scm2,quality,200,0.0,1.0,neural,RF,selected_lambda,0.7075,0.04021014872648522,100
scm2,quality,200,0.0,1.0,neural,RF,selected_omega,0.575,0.03802245482221092,100
scm2,quality,200,0.0,1.0,neural,RF,risk_selected_minus_rct,-0.37632818655194106,0.061192161412390866,100
scm2,quality,200,0.0,1.0,neural,RF,score_selected_minus_rct,-0.8202516574451906,0.08826000455844704,100
scm2,quality,200,0.0,1.0,neural,RF,risk_at_0.0_0.0,8.590697054915859,0.3589004467120323,100
scm2,quality,200,0.0,1.0,neural,RF,risk_at_0.5_0.0,7.223087427869083,0.3193346159485546,100
scm2,quality,200,0.0,1.0,neural,RF,risk_at_0.0_0.5,3.0947204648204734,0.09036927073901795,100
scm2,quality,200,0.0,1.0,neural,RF,risk_at_0.5_0.5,2.4653569543815705,0.0659225996276977,100
scm2,quality,200,0.0,1.0,neural,domain_indicator_pool,risk_selected,0.30078009290015983,0.01650829909558175,100
scm2,quality,200,0.0,1.0,neural,domain_indicator_pool,risk_rct_only,1.2143226674781358,0.06700497302752242,100
scm2,quality,200,0.0,1.0,neural,experimental_grounding,risk_selected,7.4251679223721325,0.3006580974331791,100
scm2,quality,200,0.0,1.0,neural,experimental_grounding,risk_rct_only,1.2143226674781358,0.06700497302752242,100
scm2,quality,200,2.0,1.0,neural,DRF,risk_selected,0.9861486753220967,0.05066432059824962,100
scm2,quality,200,2.0,1.0,neural,DRF,risk_rct_only,1.3092264397215572,0.07342771966152316,100
scm2,quality,200,2.0,1.0,neural,DRF,risk_grid_oracle,0.7334928671042185,0.03235293733950828,100
scm2,quality,200,2.0,1.0,neural,DRF,risk_lambda_only,1.0172035128000203,0.05221743787933693,100
scm2,quality,200,2.0,1.0,neural,DRF,risk_omega_only,1.205199405424448,0.0721248364188344,100
scm2,quality,200,2.0,1.0,neural,DRF,regret,0.2526558082178782,0.03937388277596987,100
scm2,quality,200,2.0,1.0,neural,DRF,selected_lambda,0.67,0.04232510060725363,100
scm2,quality,200,2.0,1.0,neural,DRF,selected_omega,0.44,0.03926727889629216,100
scm2,quality,200,2.0,1.0,neural,DRF,risk_selected_minus_rct,-0.3230777643994609,0.06340497855533965,100
scm2,quality,200,2.0,1.0,neural,DRF,score_selected_minus_rct,-0.7352141544334146,0.08255577768632402,100
scm2,quality,200,2.0,1.0,neural,DRF,risk_at_0.0_0.0,8.423523858830944,0.38631140286183985,100
scm2,quality,200,2.0,1.0,neural,DRF,risk_at_0.5_0.0,7.0797815561904835,0.3253289765646394,100
scm2,quality,200,2.0,1.0,neural,DRF,risk_at_0.0_0.5,3.6222497134030895,0.15504019226960672,100
scm2,quality,200,2.0,1.0,neural,DRF,risk_at_0.5_0.5,2.8826274724929952,0.10487919760424007,100
scm2,quality,200,2.0,1.0,neural,RF,risk_selected,0.8892049136252693,0.042677800260179435,100
scm2,quality,200,2.0,1.0,neural,RF,risk_rct_only,1.3380802597033508,0.07916606784432986,100
scm2,quality,200,2.0,1.0,neural,RF,risk_grid_oracle,0.6651668378792156,0.02305045864596991,100
scm2,quality,200,2.0,1.0,neural,RF,risk_lambda_only,1.0220334213508282,0.047233417772894845,100
scm2,quality,200,2.0,1.0,neural,RF,risk_omega_only,1.0723537198466144,0.04648942601610553,100
scm2,quality,200,2.0,1.0,neural,RF,regret,0.22403807574605367,0.03968713782309576,100
scm2,quality,200,2.0,1.0,neural,RF,selected_lambda,0.675,0.041666666666666664,100
scm2,quality,200,2.0,1.0,neural,RF,selected_omega,0.5125,0.03716177437566019,100
scm2,quality,200,2.0,1.0,neural,RF,risk_selected_minus_rct,-0.4488753460780817,0.08234332660270434,100
scm2,quality,200,2.0,1.0,neural,RF,score_selected_minus_rct,-0.7997486386183406,0.1053800200334166,100
scm2,quality,200,2.0,1.0,neural,RF,risk_at_0.0_0.0,8.876368568800025,0.2945359872790313,100
scm2,quality,200,2.0,1.0,neural,RF,risk_at_0.5_0.0,7.3344898440192585,0.2522278616656767,100
scm2,quality,200,2.0,1.0,neural,RF,risk_at_0.0_0.5,3.232397337747748,0.08641517784793144,100
scm2,quality,200,2.0,1.0,neural,RF,risk_at_0.5_0.5,2.5869338914927464,0.06312335177574095,100
scm2,quality,200,2.0,1.0,neural,domain_indicator_pool,risk_selected,0.4115024479009306,0.01756480071321412,100
scm2,quality,200,2.0,1.0,neural,domain_indicator_pool,risk_rct_only,1.3092264397215572,0.07342771966152316,100
scm2,quality,200,2.0,1.0,neural,experimental_grounding,risk_selected,8.554326589711142,0.3846370989301959,100
scm2,quality,200,2.0,1.0,neural,experimental_grounding,risk_rct_only,1.3092264397215572,0.07342771966152316,100
scm2,rct_size,100,1.0,1.0,neural,DRF,risk_selected,1.8497092586026742,0.16332044398539278,100
scm2,rct_size,100,1.0,1.0,neural,DRF,risk_rct_only,2.75411859708898,0.24722354985595332,100
scm2,rct_size,100,1.0,1.0,neural,DRF,risk_grid_oracle,1.0451146419385828,0.05209017283537572,100
scm2,rct_size,100,1.0,1.0,neural,DRF,risk_lambda_only,1.924955820232054,0.17583221450791425,100
scm2,rct_size,100,1.0,1.0,neural,DRF,risk_omega_only,2.5474651727175113,0.20370271168858922,100
scm2,rct_size,100,1.0,1.0,neural,DRF,regret,0.8045946166640914,0.1580082153494573,100
scm2,rct_size,100,1.0,1.0,neural,DRF,selected_lambda,0.7125,0.040416861917678945,100
scm2,rct_size,100,1.0,1.0,neural,DRF,selected_omega,0.51,0.035872952023337686,100
scm2,rct_size,100,1.0,1.0,neural,DRF,risk_selected_minus_rct,-0.9044093384863054,0.2335778558040979,100
scm2,rct_size,100,1.0,1.0,neural,DRF,score_selected_minus_rct,-2.21603824145546,0.3231958841405352,100
scm2,rct_size,100,1.0,1.0,neural,DRF,risk_at_0.0_0.0,18.33049440701594,1.4302538246063743,100
scm2,rct_size,100,1.0,1.0,neural,DRF,risk_at_0.5_0.0,14.009600435009931,0.9425014136913239,100
scm2,rct_size,100,1.0,1.0,neural,DRF,risk_at_0.0_0.5,5.23344507257305,0.2678459656745791,100
scm2,rct_size,100,1.0,1.0,neural,DRF,risk_at_0.5_0.5,3.780483582550673,0.1516410874711997,100
scm2,rct_size,100,1.0,1.0,neural,RF,risk_selected,1.9319814536995035,0.17103322535947912,100
scm2,rct_size,100,1.0,1.0,neural,RF,risk_rct_only,2.9363341891198713,0.21776818389852096,100
scm2,rct_size,100,1.0,1.0,neural,RF,risk_grid_oracle,1.0308151204995684,0.04944561104520422,100
scm2,rct_size,100,1.0,1.0,neural,RF,risk_lambda_only,2.158647370779552,0.25208564862437455,100
scm2,rct_size,100,1.0,1.0,neural,RF,risk_omega_only,2.498550652676763,0.16833798517651002,100
scm2,rct_size,100,1.0,1.0,neural,RF,regret,0.9011663331999356,0.16859890887814594,100
scm2,rct_size,100,1.0,1.0,neural,RF,selected_lambda,0.695,0.040604647193854225,100
scm2,rct_size,100,1.0,1.0,neural,RF,selected_omega,0.5425,0.03427735212479034,100
scm2,rct_size,100,1.0,1.0,neural,RF,risk_selected_minus_rct,-1.004352735420367,0.23150489175265201,100
scm2,rct_size,100,1.0,1.0,neural,RF,score_selected_minus_rct,-2.4990234514507113,0.3561377951676179,100
scm2,rct_size,100,1.0,1.0,neural,RF,risk_at_0.0_0.0,21.518421169048565,1.0221409937392978,100
scm2,rct_size,100,1.0,1.0,neural,RF,risk_at_0.5_0.0,16.088753282363125,0.7478134106560781,100
scm2,rct_size,100,1.0,1.0,neural,RF,risk_at_0.0_0.5,5.304335795020319,0.20203207233137185,100
scm2,rct_size,100,1.0,1.0,neural,RF,risk_at_0.5_0.5,3.707866228276328,0.11627617949731697,100
scm2,rct_size,100,1.0,1.0,neural,domain_indicator_pool,risk_selected,0.39738811215406067,0.019704715021062656,100
scm2,rct_size,100,1.0,1.0,neural,domain_indicator_pool,risk_rct_only,2.75411859708898,0.24722354985595332,100
scm2,rct_size,100,1.0,1.0,neural,experimental_grounding,risk_selected,18.285234805208017,1.403159916517256,100
scm2,rct_size,100,1.0,1.0,neural,experimental_grounding,risk_rct_only,2.75411859708898,0.24722354985595332,100
scm2,rct_size,200,1.0,1.0,neural,DRF,risk_selected,1.0854966795277607,0.1069578347412351,100
scm2,rct_size,200,1.0,1.0,neural,DRF,risk_rct_only,1.2464469271377165,0.07974894630205223,100
scm2,rct_size,200,1.0,1.0,neural,DRF,risk_grid_oracle,0.6745293340672989,0.030719789812459965,100
scm2,rct_size,200,1.0,1.0,neural,DRF,risk_lambda_only,0.9942415826635872,0.06732798758686628,100
scm2,rct_size,200,1.0,1.0,neural,DRF,risk_omega_only,1.2561537596528949,0.1418212647441351,100
scm2,rct_size,200,1.0,1.0,neural,DRF,regret,0.41096734546046176,0.09849362932370112,100
scm2,rct_size,200,1.0,1.0,neural,DRF,selected_lambda,0.6375,0.042695628191498324,100
scm2,rct_size,200,1.0,1.0,neural,DRF,selected_omega,0.4625,0.04010324428297793,100
scm2,rct_size,200,1.0,1.0,neural,DRF,risk_selected_minus_rct,-0.16095024760995602,0.08591017378191872,100
scm2,rct_size,200,1.0,1.0,neural,DRF,score_selected_minus_rct,-0.6688246622547274,0.09376050409408132,100
scm2,rct_size,200,1.0,1.0,neural,DRF,risk_at_0.0_0.0,8.364731906320733,0.42615372406982094,100
scm2,rct_size,200,1.0,1.0,neural,DRF,risk_at_0.5_0.0,7.028914449066073,0.3732367697284091,100
scm2,rct_size,200,1.0,1.0,neural,DRF,risk_at_0.0_0.5,3.377473010899402,0.15786572005094604,100
scm2,rct_size,200,1.0,1.0,neural,DRF,risk_at_0.5_0.5,2.6727329961558515,0.09139076978440953,100
scm2,rct_size,200,1.0,1.0,neural,RF,risk_selected,0.9339749419634075,0.061378357782573535,100
scm2,rct_size,200,1.0,1.0,neural,RF,risk_rct_only,1.1976864756675938,0.06042659096776034,100
scm2,rct_size,200,1.0,1.0,neural,RF,risk_grid_oracle,0.6364365536293962,0.028094569797426472,100
scm2,rct_size,200,1.0,1.0,neural,RF,risk_lambda_only,0.9324984094650377,0.046502682008654234,100
scm2,rct_size,200,1.0,1.0,neural,RF,risk_omega_only,1.0857740300847185,0.0701208589387993,100
scm2,rct_size,200,1.0,1.0,neural,RF,regret,0.29753838833401114,0.053445279342874165,100
scm2,rct_size,200,1.0,1.0,neural,RF,selected_lambda,0.6225,0.04151411467406859,100
scm2,rct_size,200,1.0,1.0,neural,RF,selected_omega,0.4775,0.03958353269487276,100
scm2,rct_size,200,1.0,1.0,neural,RF,risk_selected_minus_rct,-0.2637115337041862,0.06854855853321755,100
scm2,rct_size,200,1.0,1.0,neural,RF,score_selected_minus_rct,-0.8126602719232308,0.15390423389429048,100
scm2,rct_size,200,1.0,1.0,neural,RF,risk_at_0.0_0.0,9.519103984712872,0.5002379804722342,100
scm2,rct_size,200,1.0,1.0,neural,RF,risk_at_0.5_0.0,7.931042684594116,0.4352182861990618,100
scm2,rct_size,200,1.0,1.0,neural,RF,risk_at_0.0_0.5,3.066091535365308,0.08779945639751424,100
scm2,rct_size,200,1.0,1.0,neural,RF,risk_at_0.5_0.5,2.4498074828924628,0.05772774239023141,100
scm2,rct_size,200,1.0,1.0,neural,domain_indicator_pool,risk_selected,0.330947982028719,0.011021642946542648,100
scm2,rct_size,200,1.0,1.0,neural,domain_indicator_pool,risk_rct_only,1.2464469271377165,0.07974894630205223,100
scm2,rct_size,200,1.0,1.0,neural,experimental_grounding,risk_selected,8.427995158146345,0.4298833210402518,100
scm2,rct_size,200,1.0,1.0,neural,experimental_grounding,risk_rct_only,1.2464469271377165,0.07974894630205223,100
scm2,rct_size,400,1.0,1.0,neural,DRF,risk_selected,0.5000961358163929,0.02834423760796979,100
scm2,rct_size,400,1.0,1.0,neural,DRF,risk_rct_only,0.594642014041053,0.027513439611085138,100
scm2,rct_size,400,1.0,1.0,neural,DRF,risk_grid_oracle,0.4079419899876573,0.014798360714140285,100
scm2,rct_size,400,1.0,1.0,neural,DRF,risk_lambda_only,0.49049621524722836,0.018252658702527146,100
scm2,rct_size,400,1.0,1.0,neural,DRF,risk_omega_only,0.6039012805910143,0.037145279045453325,100
scm2,rct_size,400,1.0,1.0,neural,DRF,regret,0.09215414582873566,0.02272950414131383,100
scm2,rct_size,400,1.0,1.0,neural,DRF,selected_lambda,0.695,0.040604647193854225,100
scm2,rct_size,400,1.0,1.0,neural,DRF,selected_omega,0.4925,0.043002084750966355,100
scm2,rct_size,400,1.0,1.0,neural,DRF,risk_selected_minus_rct,-0.09454587822466,0.029028710962073784,100
scm2,rct_size,400,1.0,1.0,neural,DRF,score_selected_minus_rct,-0.26062430259833674,0.03022759721691216,100
scm2,rct_size,400,1.0,1.0,neural,DRF,risk_at_0.0_0.0,2.7582001691701685,0.0928973430056672,100
scm2,rct_size,400,1.0,1.0,neural,DRF,risk_at_0.5_0.0,2.3540456791145323,0.07308291252457752,100
scm2,rct_size,400,1.0,1.0,neural,DRF,risk_at_0.0_0.5,1.904905102509719,0.06275915403104446,100
scm2,rct_size,400,1.0,1.0,neural,DRF,risk_at_0.5_0.5,1.580356067839019,0.04176571977487132,100
scm2,rct_size,400,1.0,1.0,neural,RF,risk_selected,0.4972728288972013,0.02729724193305144,100
scm2,rct_size,400,1.0,1.0,neural,RF,risk_rct_only,0.5525863614569585,0.019329808825023304,100
scm2,rct_size,400,1.0,1.0,neural,RF,risk_grid_oracle,0.3970219137741754,0.01380117477796508,100
scm2,rct_size,400,1.0,1.0,neural,RF,risk_lambda_only,0.5016453679807631,0.019461873114316006,100
scm2,rct_size,400,1.0,1.0,neural,RF,risk_omega_only,0.5512134134463863,0.02956651348242917,100
scm2,rct_size,400,1.0,1.0,neural,RF,regret,0.10025091512302592,0.024312709430720815,100
scm2,rct_size,400,1.0,1.0,neural,RF,selected_lambda,0.68,0.040991499488345504,100
scm2,rct_size,400,1.0,1.0,neural,RF,selected_omega,0.5,0.04293523428880228,100
scm2,rct_size,400,1.0,1.0,neural,RF,risk_selected_minus_rct,-0.05531353255975726,0.027410774268460048,100
scm2,rct_size,400,1.0,1.0,neural,RF,score_selected_minus_rct,-0.23423450678257407,0.020998844423644875,100
scm2,rct_size,400,1.0,1.0,neural,RF,risk_at_0.0_0.0,2.9268164372087386,0.08684650221168463,100
scm2,rct_size,400,1.0,1.0,neural,RF,risk_at_0.5_0.0,2.5596921562764474,0.0758667164712443,100
scm2,rct_size,400,1.0,1.0,neural,RF,risk_at_0.0_0.5,1.700390550704098,0.03939679752319295,100
scm2,rct_size,400,1.0,1.0,neural,RF,risk_at_0.5_0.5,1.4674975316962613,0.032402721436482144,100
scm2,rct_size,400,1.0,1.0,neural,domain_indicator_pool,risk_selected,0.2769951606577887,0.008170763692403788,100
scm2,rct_size,400,1.0,1.0,neural,domain_indicator_pool,risk_rct_only,0.594642014041053,0.027513439611085138,100
scm2,rct_size,400,1.0,1.0,neural,experimental_grounding,risk_selected,2.7780805954343117,0.09570270495212947,100
scm2,rct_size,400,1.0,1.0,neural,experimental_grounding,risk_rct_only,0.594642014041053,0.027513439611085138,100
scm3,heterogeneity,200,1.0,2.0,neural,DRF,risk_selected,1.0848546954674294,0.0701160817174161,100
scm3,heterogeneity,200,1.0,2.0,neural,DRF,risk_rct_only,1.5352639234954422,0.10544254287214783,100
scm3,heterogeneity,200,1.0,2.0,neural,DRF,risk_grid_oracle,0.8060486539533587,0.03659249350785162,100
scm3,heterogeneity,200,1.0,2.0,neural,DRF,risk_lambda_only,1.1168237278363977,0.07040658993032788,100
scm3,heterogeneity,200,1.0,2.0,neural,DRF,risk_omega_only,1.3963133278220032,0.09710225986132448,100
scm3,heterogeneity,200,1.0,2.0,neural,DRF,regret,0.2788060415140707,0.06494845983023009,100
scm3,heterogeneity,200,1.0,2.0,neural,DRF,selected_lambda,0.6475,0.042801957615949945,100
scm3,heterogeneity,200,1.0,2.0,neural,DRF,selected_omega,0.4625,0.040572761674539604,100
scm3,heterogeneity,200,1.0,2.0,neural,DRF,risk_selected_minus_rct,-0.4504092280280125,0.08782183897525901,100
scm3,heterogeneity,200,1.0,2.0,neural,DRF,score_selected_minus_rct,-0.7328377116509855,0.09803703878379626,100
scm3,heterogeneity,200,1.0,2.0,neural,DRF,risk_at_0.0_0.0,8.918043602793723,0.4070438337576512,100
scm3,heterogeneity,200,1.0,2.0,neural,DRF,risk_at_0.5_0.0,7.385761243274992,0.3329212794219719,100
scm3,heterogeneity,200,1.0,2.0,neural,DRF,risk_at_0.0_0.5,4.071645953987732,0.18762805030174304,100
scm3,heterogeneity,200,1.0,2.0,neural,DRF,risk_at_0.5_0.5,3.1961145604700465,0.11934028491358199,100
scm3,heterogeneity,200,1.0,2.0,neural,RF,risk_selected,1.0429955643439677,0.06381301398944514,100
scm3,heterogeneity,200,1.0,2.0,neural,RF,risk_rct_only,1.4072211484740789,0.07179181442199815,100
scm3,heterogeneity,200,1.0,2.0,neural,RF,risk_grid_oracle,0.7748101993942317,0.030589911607547288,100
scm3,heterogeneity,200,1.0,2.0,neural,RF,risk_lambda_only,1.1353982657098591,0.06655955195813064,100
scm3,heterogeneity,200,1.0,2.0,neural,RF,risk_omega_only,1.2351531646950438,0.0627872213365495,100
scm3,heterogeneity,200,1.0,2.0,neural,RF,regret,0.2681853649497359,0.0586568192196353,100
scm3,heterogeneity,200,1.0,2.0,neural,RF,selected_lambda,0.6575,0.041690144900421985,100
scm3,heterogeneity,200,1.0,2.0,neural,RF,selected_omega,0.425,0.04136252634763241,100
scm3,heterogeneity,200,1.0,2.0,neural,RF,risk_selected_minus_rct,-0.36422558413011125,0.053397381991002565,100
scm3,heterogeneity,200,1.0,2.0,neural,RF,score_selected_minus_rct,-0.6807727412204341,0.07512858403294917,100
scm3,heterogeneity,200,1.0,2.0,neural,RF,risk_at_0.0_0.0,8.891704634870818,0.35160460740811933,100
scm3,heterogeneity,200,1.0,2.0,neural,RF,risk_at_0.5_0.0,7.404013179321148,0.3003831787120972,100
scm3,heterogeneity,200,1.0,2.0,neural,RF,risk_at_0.0_0.5,3.8003465759443587,0.11588397658667107,100
scm3,heterogeneity,200,1.0,2.0,neural,RF,risk_at_0.5_0.5,3.0329623487664907,0.08460537658750808,100
scm3,heterogeneity,200,1.0,2.0,neural,domain_indicator_pool,risk_selected,0.4676949951693969,0.01837906335369208,100
scm3,heterogeneity,200,1.0,2.0,neural,domain_indicator_pool,risk_rct_only,1.5352639234954422,0.10544254287214783,100
scm3,heterogeneity,200,1.0,2.0,neural,experimental_grounding,risk_selected,8.962984331097413,0.4211642203328916,100
scm3,heterogeneity,200,1.0,2.0,neural,experimental_grounding,risk_rct_only,1.5352639234954422,0.10544254287214783,100
scm3,quality,200,0.0,1.0,neural,DRF,risk_selected,1.0908580409572532,0.08925806338225427,100
scm3,quality,200,0.0,1.0,neural,DRF,risk_rct_only,1.6132047861604024,0.13307851882750155,100
scm3,quality,200,0.0,1.0,neural,DRF,risk_grid_oracle,0.8359270707466869,0.03603616879646452,100
scm3,quality,200,0.0,1.0,neural,DRF,risk_lambda_only,1.2864087770900468,0.12035003000405213,100
scm3,quality,200,0.0,1.0,neural,DRF,risk_omega_only,1.3789770180830607,0.0758520686259508,100
scm3,quality,200,0.0,1.0,neural,DRF,regret,0.25493097021056615,0.07982214503275384,100
scm3,quality,200,0.0,1.0,neural,DRF,selected_lambda,0.6825,0.04017873577006634,100
scm3,quality,200,0.0,1.0,neural,DRF,selected_omega,0.4625,0.040572761674539604,100
scm3,quality,200,0.0,1.0,neural,DRF,risk_selected_minus_rct,-0.5223467452031493,0.1476311921641167,100
scm3,quality,200,0.0,1.0,neural,DRF,score_selected_minus_rct,-0.8012508136931795,0.0862476906682969,100
scm3,quality,200,0.0,1.0,neural,DRF,risk_at_0.0_0.0,9.660332204898086,0.5941693804153723,100
scm3,quality,200,0.0,1.0,neural,DRF,risk_at_0.5_0.0,8.159544431551122,0.49635764201013666,100
scm3,quality,200,0.0,1.0,neural,DRF,risk_at_0.0_0.5,3.9045853760542086,0.13905856777313913,100
scm3,quality,200,0.0,1.0,neural,DRF,risk_at_0.5_0.5,3.079150603700191,0.0923275140154304,100
scm3,quality,200,0.0,1.0,neural,RF,risk_selected,0.9974467407469221,0.04415791403275173,100
scm3,quality,200,0.0,1.0,neural,RF,risk_rct_only,1.5463113220117617,0.12314505469412015,100
scm3,quality,200,0.0,1.0,neural,RF,risk_grid_oracle,0.8253979290574424,0.03553923999192073,100
scm3,quality,200,0.0,1.0,neural,RF,risk_lambda_only,1.2252869772428951,0.08778861242354047,100
scm3,quality,200,0.0,1.0,neural,RF,risk_omega_only,1.3060034515455654,0.06456676922717518,100
scm3,quality,200,0.0,1.0,neural,RF,regret,0.1720488116894798,0.030190682203406632,100
scm3,quality,200,0.0,1.0,neural,RF,selected_lambda,0.6675,0.03973634699777111,100
scm3,quality,200,0.0,1.0,neural,RF,selected_omega,0.485,0.04079698443995511,100
scm3,quality,200,0.0,1.0,neural,RF,risk_selected_minus_rct,-0.5488645812648398,0.11773118140156395,100
scm3,quality,200,0.0,1.0,neural,RF,score_selected_minus_rct,-0.7757361801316859,0.08224318278360215,100
scm3,quality,200,0.0,1.0,neural,RF,risk_at_0.0_0.0,9.70831227393445,0.6026244096865324,100
scm3,quality,200,0.0,1.0,neural,RF,risk_at_0.5_0.0,8.265053855983489,0.5073539192164483,100
scm3,quality,200,0.0,1.0,neural,RF,risk_at_0.0_0.5,3.677205779418151,0.106659502195813,100
scm3,quality,200,0.0,1.0,neural,RF,risk_at_0.5_0.5,2.9701633949529396,0.08152515844499104,100
scm3,quality,200,0.0,1.0,neural,domain_indicator_pool,risk_selected,0.39720999872346163,0.015899477594084326,100
scm3,quality,200,0.0,1.0,neural,domain_indicator_pool,risk_rct_only,1.6132047861604024,0.13307851882750155,100
scm3,quality,200,0.0,1.0,neural,experimental_grounding,risk_selected,9.677351798232353,0.5900510174087512,100
scm3,quality,200,0.0,1.0,neural,experimental_grounding,risk_rct_only,1.6132047861604024,0.13307851882750155,100
scm3,quality,200,2.0,1.0,neural,DRF,risk_selected,1.1205868270016843,0.05550164151903003,100
scm3,quality,200,2.0,1.0,neural,DRF,risk_rct_only,1.5999299536866667,0.11221816453922635,100
scm3,quality,200,2.0,1.0,neural,DRF,risk_grid_oracle,0.7969335972054507,0.027551867789432617,100
scm3,quality,200,2.0,1.0,neural,DRF,risk_lambda_only,1.2777089448688523,0.09279707534105582,100
scm3,quality,200,2.0,1.0,neural,DRF,risk_omega_only,1.3478939619884058,0.06406400207816579,100
scm3,quality,200,2.0,1.0,neural,DRF,regret,0.32365322979623357,0.05030724264879497,100
scm3,quality,200,2.0,1.0,neural,DRF,selected_lambda,0.7775,0.03443171400457621,100
scm3,quality,200,2.0,1.0,neural,DRF,selected_omega,0.475,0.039328325310355794,100
scm3,quality,200,2.0,1.0,neural,DRF,risk_selected_minus_rct,-0.4793431266849824,0.12087130782245234,100
scm3,quality,200,2.0,1.0,neural,DRF,score_selected_minus_rct,-0.9390683093107051,0.10702486313280513,100
scm3,quality,200,2.0,1.0,neural,DRF,risk_at_0.0_0.0,9.041054863038111,0.41259132478638294,100
scm3,quality,200,2.0,1.0,neural,DRF,risk_at_0.5_0.0,7.686323487084632,0.332933271395707,100
scm3,quality,200,2.0,1.0,neural,DRF,risk_at_0.0_0.5,3.753171203762836,0.14023192780191,100
scm3,quality,200,2.0,1.0,neural,DRF,risk_at_0.5_0.5,3.011623377708674,0.08890939151433686,100
scm3,quality,200,2.0,1.0,neural,RF,risk_selected,1.1370378853272376,0.059550498223999694,100
scm3,quality,200,2.0,1.0,neural,RF,risk_rct_only,1.7002922153619378,0.13929521332628536,100
scm3,quality,200,2.0,1.0,neural,RF,risk_grid_oracle,0.7985567162061539,0.0275241678601016,100
scm3,quality,200,2.0,1.0,neural,RF,risk_lambda_only,1.3583193767938044,0.1024107519977318,100
scm3,quality,200,2.0,1.0,neural,RF,risk_omega_only,1.350979721553397,0.07289196816936261,100
scm3,quality,200,2.0,1.0,neural,RF,regret,0.33848116912108384,0.05373685731851946,100
scm3,quality,200,2.0,1.0,neural,RF,selected_lambda,0.7225,0.03792186943991793,100
scm3,quality,200,2.0,1.0,neural,RF,selected_omega,0.495,0.0384320205300242,100
scm3,quality,200,2.0,1.0,neural,RF,risk_selected_minus_rct,-0.5632543300347005,0.13372573465960252,100
scm3,quality,200,2.0,1.0,neural,RF,score_selected_minus_rct,-0.970385035284281,0.121126731523494,100
scm3,quality,200,2.0,1.0,neural,RF,risk_at_0.0_0.0,9.512541882683392,0.4095743182386681,100
scm3,quality,200,2.0,1.0,neural,RF,risk_at_0.5_0.0,8.129762649899202,0.34838931724513833,100
scm3,quality,200,2.0,1.0,neural,RF,risk_at_0.0_0.5,3.7425199085390735,0.12770114216349368,100
scm3,quality,200,2.0,1.0,neural,RF,risk_at_0.5_0.5,3.003067045613694,0.07962183854532329,100
scm3,quality,200,2.0,1.0,neural,domain_indicator_pool,risk_selected,0.45113115323498026,0.02160680224964727,100
scm3,quality,200,2.0,1.0,neural,domain_indicator_pool,risk_rct_only,1.5999299536866667,0.11221816453922635,100
scm3,quality,200,2.0,1.0,neural,experimental_grounding,risk_selected,9.12415474530106,0.42003833399656987,100
scm3,quality,200,2.0,1.0,neural,experimental_grounding,risk_rct_only,1.5999299536866667,0.11221816453922635,100
scm3,rct_size,100,1.0,1.0,neural,DRF,risk_selected,2.18627892673464,0.15082310294942203,100
scm3,rct_size,100,1.0,1.0,neural,DRF,risk_rct_only,3.222902051949411,0.20136797734902231,100
scm3,rct_size,100,1.0,1.0,neural,DRF,risk_grid_oracle,1.2903385843671629,0.05155773036606733,100
scm3,rct_size,100,1.0,1.0,neural,DRF,risk_lambda_only,2.3923005252194223,0.1814867095001206,100
scm3,rct_size,100,1.0,1.0,neural,DRF,risk_omega_only,2.8907646572552026,0.19988823568831468,100
scm3,rct_size,100,1.0,1.0,neural,DRF,regret,0.8959403423674772,0.1331301041131293,100
scm3,rct_size,100,1.0,1.0,neural,DRF,selected_lambda,0.68,0.03761849963982502,100
scm3,rct_size,100,1.0,1.0,neural,DRF,selected_omega,0.4625,0.038985719996382825,100
scm3,rct_size,100,1.0,1.0,neural,DRF,risk_selected_minus_rct,-1.036623125214772,0.16548122577505725,100
scm3,rct_size,100,1.0,1.0,neural,DRF,score_selected_minus_rct,-2.1814172909929797,0.21866200609446432,100
scm3,rct_size,100,1.0,1.0,neural,DRF,risk_at_0.0_0.0,21.382248277948985,1.219760501930899,100
scm3,rct_size,100,1.0,1.0,neural,DRF,risk_at_0.5_0.0,17.055462709383324,0.9037069361689266,100
scm3,rct_size,100,1.0,1.0,neural,DRF,risk_at_0.0_0.5,6.2177082132571595,0.255781241768248,100
scm3,rct_size,100,1.0,1.0,neural,DRF,risk_at_0.5_0.5,4.50465222964673,0.15200507073658848,100
scm3,rct_size,100,1.0,1.0,neural,RF,risk_selected,2.0887643867821932,0.1363529994476686,100
scm3,rct_size,100,1.0,1.0,neural,RF,risk_rct_only,3.201413714958739,0.25314697707366923,100
scm3,rct_size,100,1.0,1.0,neural,RF,risk_grid_oracle,1.246636975922516,0.04528693892490879,100
scm3,rct_size,100,1.0,1.0,neural,RF,risk_lambda_only,2.3063929643368724,0.17172137929140144,100
scm3,rct_size,100,1.0,1.0,neural,RF,risk_omega_only,2.631831033770851,0.15247946182506397,100
scm3,rct_size,100,1.0,1.0,neural,RF,regret,0.8421274108596772,0.12015046914545027,100
scm3,rct_size,100,1.0,1.0,neural,RF,selected_lambda,0.6825,0.03873879766389819,100
scm3,rct_size,100,1.0,1.0,neural,RF,selected_omega,0.46,0.03738956803681741,100
scm3,rct_size,100,1.0,1.0,neural,RF,risk_selected_minus_rct,-1.112649328176545,0.23300896474508007,100
scm3,rct_size,100,1.0,1.0,neural,RF,score_selected_minus_rct,-2.317952155395156,0.24937810331836358,100
scm3,rct_size,100,1.0,1.0,neural,RF,risk_at_0.0_0.0,22.330113403365047,1.2742819581787894,100
scm3,rct_size,100,1.0,1.0,neural,RF,risk_at_0.5_0.0,18.079611739685518,0.9941533991880253,100
scm3,rct_size,100,1.0,1.0,neural,RF,risk_at_0.0_0.5,6.076504935582409,0.2590273728063287,100
scm3,rct_size,100,1.0,1.0,neural,RF,risk_at_0.5_0.5,4.428849460152769,0.14247049936268924,100
scm3,rct_size,100,1.0,1.0,neural,domain_indicator_pool,risk_selected,0.5886927076323597,0.04020059293563679,100
scm3,rct_size,100,1.0,1.0,neural,domain_indicator_pool,risk_rct_only,3.222902051949411,0.20136797734902231,100
scm3,rct_size,100,1.0,1.0,neural,experimental_grounding,risk_selected,21.57078410885821,1.2465514138975327,100
scm3,rct_size,100,1.0,1.0,neural,experimental_grounding,risk_rct_only,3.222902051949411,0.20136797734902231,100
scm3,rct_size,200,1.0,1.0,neural,DRF,risk_selected,1.1112070845921103,0.0719297596845151,100
scm3,rct_size,200,1.0,1.0,neural,DRF,risk_rct_only,1.7179157271674363,0.12770805104264898,100
scm3,rct_size,200,1.0,1.0,neural,DRF,risk_grid_oracle,0.8122686012055824,0.03274037909226028,100
scm3,rct_size,200,1.0,1.0,neural,DRF,risk_lambda_only,1.336639359846039,0.09019016798319032,100
scm3,rct_size,200,1.0,1.0,neural,DRF,risk_omega_only,1.4155254844630705,0.10388000314633958,100
scm3,rct_size,200,1.0,1.0,neural,DRF,regret,0.2989384833865276,0.06300662820978212,100
scm3,rct_size,200,1.0,1.0,neural,DRF,selected_lambda,0.65,0.0421936373201343,100
scm3,rct_size,200,1.0,1.0,neural,DRF,selected_omega,0.4825,0.03912796282388689,100
scm3,rct_size,200,1.0,1.0,neural,DRF,risk_selected_minus_rct,-0.6067086425753266,0.11160958322013304,100
scm3,rct_size,200,1.0,1.0,neural,DRF,score_selected_minus_rct,-0.7625250272043003,0.08194427009969694,100
scm3,rct_size,200,1.0,1.0,neural,DRF,risk_at_0.0_0.0,9.648727210252938,0.6059896575534476,100
scm3,rct_size,200,1.0,1.0,neural,DRF,risk_at_0.5_0.0,7.882492069752185,0.41785011131448996,100
scm3,rct_size,200,1.0,1.0,neural,DRF,risk_at_0.0_0.5,3.762369777765788,0.16030054194340806,100
scm3,rct_size,200,1.0,1.0,neural,DRF,risk_at_0.5_0.5,2.978278851363558,0.09488702546136926,100
scm3,rct_size,200,1.0,1.0,neural,RF,risk_selected,1.1073853919059786,0.06719657267008824,100
scm3,rct_size,200,1.0,1.0,neural,RF,risk_rct_only,1.6384268613740847,0.10607176253688873,100
scm3,rct_size,200,1.0,1.0,neural,RF,risk_grid_oracle,0.7950095040264122,0.030613720957052372,100
scm3,rct_size,200,1.0,1.0,neural,RF,risk_lambda_only,1.3260434456956833,0.08249819041119122,100
scm3,rct_size,200,1.0,1.0,neural,RF,risk_omega_only,1.2949804905115976,0.07081613918928319,100
scm3,rct_size,200,1.0,1.0,neural,RF,regret,0.3123758878795664,0.05884680299198726,100
scm3,rct_size,200,1.0,1.0,neural,RF,selected_lambda,0.665,0.041624220804427764,100
scm3,rct_size,200,1.0,1.0,neural,RF,selected_omega,0.4625,0.03664858369526286,100
scm3,rct_size,200,1.0,1.0,neural,RF,risk_selected_minus_rct,-0.5310414694681058,0.09346762826976993,100
scm3,rct_size,200,1.0,1.0,neural,RF,score_selected_minus_rct,-0.725240960698394,0.07573229918750442,100
scm3,rct_size,200,1.0,1.0,neural,RF,risk_at_0.0_0.0,9.452611669315845,0.5885903887699772,100
scm3,rct_size,200,1.0,1.0,neural,RF,risk_at_0.5_0.0,7.774826710791421,0.4136843500178732,100
scm3,rct_size,200,1.0,1.0,neural,RF,risk_at_0.0_0.5,3.5592142314501887,0.10931225199406372,100
scm3,rct_size,200,1.0,1.0,neural,RF,risk_at_0.5_0.5,2.859497277530198,0.07774929276543537,100
scm3,rct_size,200,1.0,1.0,neural,domain_indicator_pool,risk_selected,0.40836608675165387,0.017841264977292666,100
scm3,rct_size,200,1.0,1.0,neural,domain_indicator_pool,risk_rct_only,1.7179157271674363,0.12770805104264898,100
scm3,rct_size,200,1.0,1.0,neural,experimental_grounding,risk_selected,9.689196949701488,0.6298819132345488,100
scm3,rct_size,200,1.0,1.0,neural,experimental_grounding,risk_rct_only,1.7179157271674363,0.12770805104264898,100
scm3,rct_size,400,1.0,1.0,neural,DRF,risk_selected,0.6611553183831539,0.030490917654328025,100
scm3,rct_size,400,1.0,1.0,neural,DRF,risk_rct_only,0.8297631163267755,0.04069401170719892,100
scm3,rct_size,400,1.0,1.0,neural,DRF,risk_grid_oracle,0.5451800804299892,0.016710723256652002,100
scm3,rct_size,400,1.0,1.0,neural,DRF,risk_lambda_only,0.7195111081588691,0.03311202437220723,100
scm3,rct_size,400,1.0,1.0,neural,DRF,risk_omega_only,0.7419782028172665,0.03257577240382063,100
scm3,rct_size,400,1.0,1.0,neural,DRF,regret,0.11597523795316465,0.02320803269098659,100
scm3,rct_size,400,1.0,1.0,neural,DRF,selected_lambda,0.6375,0.04299033835548624,100
scm3,rct_size,400,1.0,1.0,neural,DRF,selected_omega,0.4925,0.03948132789718771,100
scm3,rct_size,400,1.0,1.0,neural,DRF,risk_selected_minus_rct,-0.16860779794362163,0.02573863297782608,100
scm3,rct_size,400,1.0,1.0,neural,DRF,score_selected_minus_rct,-0.3077323971672289,0.05589983728990956,100
scm3,rct_size,400,1.0,1.0,neural,DRF,risk_at_0.0_0.0,3.4906619177778846,0.13234141334553093,100
scm3,rct_size,400,1.0,1.0,neural,DRF,risk_at_0.5_0.0,3.072134455412083,0.11187133960676299,100
scm3,rct_size,400,1.0,1.0,neural,DRF,risk_at_0.0_0.5,2.071668548127402,0.055467314112080855,100
scm3,rct_size,400,1.0,1.0,neural,DRF,risk_at_0.5_0.5,1.8011568243793976,0.04373832021387251,100
scm3,rct_size,400,1.0,1.0,neural,RF,risk_selected,0.6613285528637947,0.030043120816027075,100
scm3,rct_size,400,1.0,1.0,neural,RF,risk_rct_only,0.8241217949676902,0.037520012901936274,100
scm3,rct_size,400,1.0,1.0,neural,RF,risk_grid_oracle,0.5442187061622391,0.016437485453393835,100
scm3,rct_size,400,1.0,1.0,neural,RF,risk_lambda_only,0.7356764307696503,0.03434296965365001,100
scm3,rct_size,400,1.0,1.0,neural,RF,risk_omega_only,0.7344174807782871,0.033399834528281866,100
scm3,rct_size,400,1.0,1.0,neural,RF,regret,0.11710984670155573,0.0222606897143024,100
scm3,rct_size,400,1.0,1.0,neural,RF,selected_lambda,0.61,0.04298226084647884,100
scm3,rct_size,400,1.0,1.0,neural,RF,selected_omega,0.49,0.03923511105367155,100
scm3,rct_size,400,1.0,1.0,neural,RF,risk_selected_minus_rct,-0.1627932421038955,0.024895826658094804,100
scm3,rct_size,400,1.0,1.0,neural,RF,score_selected_minus_rct,-0.2797920016347583,0.030934436734384167,100
scm3,rct_size,400,1.0,1.0,neural,RF,risk_at_0.0_0.0,3.642207209789666,0.11946483389396736,100
scm3,rct_size,400,1.0,1.0,neural,RF,risk_at_0.5_0.0,3.216868966623324,0.10276978239620158,100
scm3,rct_size,400,1.0,1.0,neural,RF,risk_at_0.0_0.5,2.0713797285932323,0.05358499253101114,100
scm3,rct_size,400,1.0,1.0,neural,RF,risk_at_0.5_0.5,1.8015848141315594,0.042062028512977925,100
scm3,rct_size,400,1.0,1.0,neural,domain_indicator_pool,risk_selected,0.3356436056993978,0.01296206537416047,100
scm3,rct_size,400,1.0,1.0,neural,domain_indicator_pool,risk_rct_only,0.8297631163267755,0.04069401170719892,100
scm3,rct_size,400,1.0,1.0,neural,experimental_grounding,risk_selected,3.4749469660056316,0.12837855070951648,100
scm3,rct_size,400,1.0,1.0,neural,experimental_grounding,risk_rct_only,0.8297631163267755,0.04069401170719892,100
star,heterogeneity,200,1.0,2.0,neural,DRF,risk_selected,20.769024364329912,16.780102654537888,100
star,heterogeneity,200,1.0,2.0,neural,DRF,risk_rct_only,28.85024739390889,19.417824870056673,100
star,heterogeneity,200,1.0,2.0,neural,DRF,risk_grid_oracle,17.743085393106234,16.773279980542796,100
star,heterogeneity,200,1.0,2.0,neural,DRF,risk_lambda_only,21.49220481752799,16.925317224517734,100
star,heterogeneity,200,1.0,2.0,neural,DRF,risk_omega_only,24.41176847284938,17.191465954685377,100
star,heterogeneity,200,1.0,2.0,neural,DRF,regret,3.0259389712236793,1.1160583956973271,100
star,heterogeneity,200,1.0,2.0,neural,DRF,selected_lambda,0.59,0.044879186870323454,100
star,heterogeneity,200,1.0,2.0,neural,DRF,selected_omega,0.3175,0.03791520976221985,100
star,heterogeneity,200,1.0,2.0,neural,DRF,risk_selected_minus_rct,-8.081223029578975,4.613083131627845,100
star,heterogeneity,200,1.0,2.0,neural,DRF,score_selected_minus_rct,-2.9319959514023055,1.2477511756417363,100
star,heterogeneity,200,1.0,2.0,neural,DRF,risk_at_0.0_0.0,33.41354047573879,19.39399845997922,100
star,heterogeneity,200,1.0,2.0,neural,DRF,risk_at_0.5_0.0,27.551472922134074,17.501986338963217,100
star,heterogeneity,200,1.0,2.0,neural,DRF,risk_at_0.0_0.5,32.57410773333841,19.956627701585482,100
star,heterogeneity,200,1.0,2.0,neural,DRF,risk_at_0.5_0.5,22.474358157592906,16.942754411284533,100
star,heterogeneity,200,1.0,2.0,neural,RF,risk_selected,19.760539490875733,16.762271378222533,100
star,heterogeneity,200,1.0,2.0,neural,RF,risk_rct_only,66.77463049588529,40.74698432967907,100
star,heterogeneity,200,1.0,2.0,neural,RF,risk_grid_oracle,17.770136137703524,16.773130735933005,100
star,heterogeneity,200,1.0,2.0,neural,RF,risk_lambda_only,21.696808371375973,16.92440581520122,100
star,heterogeneity,200,1.0,2.0,neural,RF,risk_omega_only,60.9022892452146,40.34044259683891,100
star,heterogeneity,200,1.0,2.0,neural,RF,regret,1.990403353172209,0.5394475595118626,100
star,heterogeneity,200,1.0,2.0,neural,RF,selected_lambda,0.6,0.044805979038246194,100
star,heterogeneity,200,1.0,2.0,neural,RF,selected_omega,0.3025,0.037317738896718224,100
star,heterogeneity,200,1.0,2.0,neural,RF,risk_selected_minus_rct,-47.01409100500955,37.21724581577806,100
star,heterogeneity,200,1.0,2.0,neural,RF,score_selected_minus_rct,-9.100089913437502,3.9601678794153505,100
star,heterogeneity,200,1.0,2.0,neural,RF,risk_at_0.0_0.0,70.00180440637608,40.57463865297345,100
star,heterogeneity,200,1.0,2.0,neural,RF,risk_at_0.5_0.0,39.09578174218251,19.65133893906359,100
star,heterogeneity,200,1.0,2.0,neural,RF,risk_at_0.0_0.5,58.41399945960127,38.38383050806146,100
star,heterogeneity,200,1.0,2.0,neural,RF,risk_at_0.5_0.5,41.00163191272971,24.698845436529453,100
star,heterogeneity,200,1.0,2.0,neural,domain_indicator_pool,risk_selected,11.4713276097158,6.566226056697576,100
star,heterogeneity,200,1.0,2.0,neural,domain_indicator_pool,risk_rct_only,28.85024739390889,19.417824870056673,100
star,heterogeneity,200,1.0,2.0,neural,experimental_grounding,risk_selected,37.12849837044045,19.679487903981034,100
star,heterogeneity,200,1.0,2.0,neural,experimental_grounding,risk_rct_only,28.85024739390889,19.417824870056673,100
star,quality,200,0.0,1.0,neural,DRF,risk_selected,118.51229535850626,115.83268348803192,100
star,quality,200,0.0,1.0,neural,DRF,risk_rct_only,31.027198854835998,16.978310481449377,100
star,quality,200,0.0,1.0,neural,DRF,risk_grid_oracle,1.0340834774660477,0.07163047912673084,100
star,quality,200,0.0,1.0,neural,DRF,risk_lambda_only,15.723133838095464,11.669812306442715,100
star,quality,200,0.0,1.0,neural,DRF,risk_omega_only,121.69506234663339,104.19300179700535,100
star,quality,200,0.0,1.0,neural,DRF,regret,117.47821188104027,115.81182194638848,100
star,quality,200,0.0,1.0,neural,DRF,selected_lambda,0.5975,0.04436632971208247,100
star,quality,200,0.0,1.0,neural,DRF,selected_omega,0.3775,0.038516525379020464,100
star,quality,200,0.0,1.0,neural,DRF,risk_selected_minus_rct,87.48509650367032,105.0672228578978,100
star,quality,200,0.0,1.0,neural,DRF,score_selected_minus_rct,-111.6590708886249,108.47759346694286,100
star,quality,200,0.0,1.0,neural,DRF,risk_at_0.0_0.0,92.77304574340471,64.92971590830369,100
star,quality,200,0.0,1.0,neural,DRF,risk_at_0.5_0.0,31.90269763216686,17.271836060615367,100
star,quality,200,0.0,1.0,neural,DRF,risk_at_0.0_0.5,102.15611169384654,75.79520465080154,100
star,quality,200,0.0,1.0,neural,DRF,risk_at_0.5_0.5,28.81793210775352,20.16769525995362,100
star,quality,200,0.0,1.0,neural,RF,risk_selected,133.04581548031476,130.57162383292487,100
star,quality,200,0.0,1.0,neural,RF,risk_rct_only,18.609566810032458,12.268731709214022,100
star,quality,200,0.0,1.0,neural,RF,risk_grid_oracle,1.0427381818191601,0.07172203801188765,100
star,quality,200,0.0,1.0,neural,RF,risk_lambda_only,16.38632819996399,12.195981622747976,100
star,quality,200,0.0,1.0,neural,RF,risk_omega_only,88.77132832709333,84.93618810154783,100
star,quality,200,0.0,1.0,neural,RF,regret,132.00307729849555,130.55295500093138,100
star,quality,200,0.0,1.0,neural,RF,selected_lambda,0.63,0.04135947365001229,100
star,quality,200,0.0,1.0,neural,RF,selected_omega,0.3725,0.03818730419943521,100
star,quality,200,0.0,1.0,neural,RF,risk_selected_minus_rct,114.43624867028228,118.41958383764116,100
star,quality,200,0.0,1.0,neural,RF,score_selected_minus_rct,-98.23151689993063,93.46709650190171,100
star,quality,200,0.0,1.0,neural,RF,risk_at_0.0_0.0,45.3464995282518,30.98266722854307,100
star,quality,200,0.0,1.0,neural,RF,risk_at_0.5_0.0,18.391953504774968,8.132885233054143,100
star,quality,200,0.0,1.0,neural,RF,risk_at_0.0_0.5,33.608208522319096,28.359034667073438,100
star,quality,200,0.0,1.0,neural,RF,risk_at_0.5_0.5,11.024721607517643,7.549594188269697,100
star,quality,200,0.0,1.0,neural,domain_indicator_pool,risk_selected,24.029918981482925,17.653000888092063,100
star,quality,200,0.0,1.0,neural,domain_indicator_pool,risk_rct_only,31.027198854835998,16.978310481449377,100
star,quality,200,0.0,1.0,neural,experimental_grounding,risk_selected,91.6396661392531,64.92591250292159,100
star,quality,200,0.0,1.0,neural,experimental_grounding,risk_rct_only,31.027198854835998,16.978310481449377,100
star,quality,200,2.0,1.0,neural,DRF,risk_selected,2.6372438086696453,0.519545236709626,100
star,quality,200,2.0,1.0,neural,DRF,risk_rct_only,67.77680810774373,46.528763203700315,100
star,quality,200,2.0,1.0,neural,DRF,risk_grid_oracle,0.8764952843760142,0.03424143318455029,100
star,quality,200,2.0,1.0,neural,DRF,risk_lambda_only,3.111024777417316,0.2283925957612468,100
star,quality,200,2.0,1.0,neural,DRF,risk_omega_only,67.57726079755017,46.53525898764175,100
star,quality,200,2.0,1.0,neural,DRF,regret,1.7607485242936312,0.5196639610578585,100
star,quality,200,2.0,1.0,neural,DRF,selected_lambda,0.555,0.04558541765773681,100
star,quality,200,2.0,1.0,neural,DRF,selected_omega,0.44,0.04053306419368382,100
star,quality,200,2.0,1.0,neural,DRF,risk_selected_minus_rct,-65.1395642990741,46.552473898170085,100
star,quality,200,2.0,1.0,neural,DRF,score_selected_minus_rct,-4.9718241735854285,1.390429623094471,100
star,quality,200,2.0,1.0,neural,DRF,risk_at_0.0_0.0,66.0558119881001,44.93794845089323,100
star,quality,200,2.0,1.0,neural,DRF,risk_at_0.5_0.0,21.639579698538103,11.246325054754816,100
star,quality,200,2.0,1.0,neural,DRF,risk_at_0.0_0.5,114.29016139538523,93.40519068843305,100
star,quality,200,2.0,1.0,neural,DRF,risk_at_0.5_0.5,29.717896028223517,23.042556875653393,100
star,quality,200,2.0,1.0,neural,RF,risk_selected,4.1109827110230315,1.4115043328997507,100
star,quality,200,2.0,1.0,neural,RF,risk_rct_only,58.528326254530064,29.834471950994082,100
star,quality,200,2.0,1.0,neural,RF,risk_grid_oracle,0.9139073704733144,0.04847048221809236,100
star,quality,200,2.0,1.0,neural,RF,risk_lambda_only,4.1880121668206876,1.143809396757821,100
star,quality,200,2.0,1.0,neural,RF,risk_omega_only,55.87383753692087,29.574355469252566,100
star,quality,200,2.0,1.0,neural,RF,regret,3.1970753405497176,1.3851517802551576,100
star,quality,200,2.0,1.0,neural,RF,selected_lambda,0.5725,0.044423211468462266,100
star,quality,200,2.0,1.0,neural,RF,selected_omega,0.435,0.040141794134837025,100
star,quality,200,2.0,1.0,neural,RF,risk_selected_minus_rct,-54.41734354350703,29.03457521229428,100
star,quality,200,2.0,1.0,neural,RF,score_selected_minus_rct,-6.575789898214878,2.360393633469515,100
star,quality,200,2.0,1.0,neural,RF,risk_at_0.0_0.0,58.24516888947817,28.573553638022144,100
star,quality,200,2.0,1.0,neural,RF,risk_at_0.5_0.0,21.410922534272437,7.641234500974574,100
star,quality,200,2.0,1.0,neural,RF,risk_at_0.0_0.5,68.55412365988411,39.96957958033348,100
star,quality,200,2.0,1.0,neural,RF,risk_at_0.5_0.5,27.135473302458127,15.681663287450416,100
star,quality,200,2.0,1.0,neural,domain_indicator_pool,risk_selected,10.272239804306253,7.33242639318375,100
star,quality,200,2.0,1.0,neural,domain_indicator_pool,risk_rct_only,67.77680810774373,46.528763203700315,100
star,quality,200,2.0,1.0,neural,experimental_grounding,risk_selected,67.01639296730853,45.56065833121075,100
star,quality,200,2.0,1.0,neural,experimental_grounding,risk_rct_only,67.77680810774373,46.528763203700315,100
star,rct_size,100,1.0,1.0,neural,DRF,risk_selected,4.1043203428458375,0.5591720042144932,100
star,rct_size,100,1.0,1.0,neural,DRF,risk_rct_only,8.832703725446992,1.554528094572111,100
star,rct_size,100,1.0,1.0,neural,DRF,risk_grid_oracle,1.4475400197315116,0.07371874139252368,100
star,rct_size,100,1.0,1.0,neural,DRF,risk_lambda_only,6.155467058215183,0.7850007571187493,100
star,rct_size,100,1.0,1.0,neural,DRF,risk_omega_only,6.2792550774645015,0.9521639263630665,100
star,rct_size,100,1.0,1.0,neural,DRF,regret,2.6567803231143254,0.5493333436446586,100
star,rct_size,100,1.0,1.0,neural,DRF,selected_lambda,0.6675,0.04175067289120842,100
star,rct_size,100,1.0,1.0,neural,DRF,selected_omega,0.35,0.034633725608068065,100
star,rct_size,100,1.0,1.0,neural,DRF,risk_selected_minus_rct,-4.728383382601155,1.501201353057725,100
star,rct_size,100,1.0,1.0,neural,DRF,score_selected_minus_rct,-8.030052241106475,2.4712047323784736,100
star,rct_size,100,1.0,1.0,neural,DRF,risk_at_0.0_0.0,15.065303246096482,2.4433966831188805,100
star,rct_size,100,1.0,1.0,neural,DRF,risk_at_0.5_0.0,11.492729150980985,1.1419076316211911,100
star,rct_size,100,1.0,1.0,neural,DRF,risk_at_0.0_0.5,5.838213763304846,0.9953351884974687,100
star,rct_size,100,1.0,1.0,neural,DRF,risk_at_0.5_0.5,3.745672557081495,0.2596834560347864,100
star,rct_size,100,1.0,1.0,neural,RF,risk_selected,4.646900421030079,0.8513323299385476,100
star,rct_size,100,1.0,1.0,neural,RF,risk_rct_only,8.146635205912363,1.052880136011703,100
star,rct_size,100,1.0,1.0,neural,RF,risk_grid_oracle,1.437422107988813,0.0703214926503952,100
star,rct_size,100,1.0,1.0,neural,RF,risk_lambda_only,6.779399778843288,0.9693198867775509,100
star,rct_size,100,1.0,1.0,neural,RF,risk_omega_only,6.268751747045052,1.0177136534857056,100
star,rct_size,100,1.0,1.0,neural,RF,regret,3.2094783130412656,0.846579932317303,100
star,rct_size,100,1.0,1.0,neural,RF,selected_lambda,0.6975,0.0425356356838628,100
star,rct_size,100,1.0,1.0,neural,RF,selected_omega,0.38,0.034902461491731755,100
star,rct_size,100,1.0,1.0,neural,RF,risk_selected_minus_rct,-3.4997347848822837,0.7402178732477795,100
star,rct_size,100,1.0,1.0,neural,RF,score_selected_minus_rct,-7.7775755626894645,2.3579449518547055,100
star,rct_size,100,1.0,1.0,neural,RF,risk_at_0.0_0.0,14.263852964445453,1.3601878586330414,100
star,rct_size,100,1.0,1.0,neural,RF,risk_at_0.5_0.0,11.92771050666584,1.148725920142128,100
star,rct_size,100,1.0,1.0,neural,RF,risk_at_0.0_0.5,5.644570025985828,0.8273018142530111,100
star,rct_size,100,1.0,1.0,neural,RF,risk_at_0.5_0.5,3.9286877911512925,0.38772907422400466,100
star,rct_size,100,1.0,1.0,neural,domain_indicator_pool,risk_selected,2.5702469612045973,0.6074840935468356,100
star,rct_size,100,1.0,1.0,neural,domain_indicator_pool,risk_rct_only,8.832703725446992,1.554528094572111,100
star,rct_size,100,1.0,1.0,neural,experimental_grounding,risk_selected,17.620029592139147,4.771419010303046,100
star,rct_size,100,1.0,1.0,neural,experimental_grounding,risk_rct_only,8.832703725446992,1.554528094572111,100
star,rct_size,200,1.0,1.0,neural,DRF,risk_selected,1.8673959021213806,0.1521107880092078,100
star,rct_size,200,1.0,1.0,neural,DRF,risk_rct_only,42.71749315388431,21.923480420194654,100
star,rct_size,200,1.0,1.0,neural,DRF,risk_grid_oracle,1.006038676656751,0.042572130546937495,100
star,rct_size,200,1.0,1.0,neural,DRF,risk_lambda_only,3.7769396033329117,0.8366653024246263,100
star,rct_size,200,1.0,1.0,neural,DRF,risk_omega_only,41.282074904989884,21.93445675922797,100
star,rct_size,200,1.0,1.0,neural,DRF,regret,0.8613572254646301,0.1421322979045972,100
star,rct_size,200,1.0,1.0,neural,DRF,selected_lambda,0.6625,0.04119046055100671,100
star,rct_size,200,1.0,1.0,neural,DRF,selected_omega,0.4,0.03553345272593507,100
star,rct_size,200,1.0,1.0,neural,DRF,risk_selected_minus_rct,-40.85009725176294,21.93570531088102,100
star,rct_size,200,1.0,1.0,neural,DRF,score_selected_minus_rct,-4.075113111937628,1.1630166158194366,100
star,rct_size,200,1.0,1.0,neural,DRF,risk_at_0.0_0.0,46.21453514174604,20.651611438564206,100
star,rct_size,200,1.0,1.0,neural,DRF,risk_at_0.5_0.0,15.943110609296443,5.024031245808767,100
star,rct_size,200,1.0,1.0,neural,DRF,risk_at_0.0_0.5,142.81613485389397,89.83867454905472,100
star,rct_size,200,1.0,1.0,neural,DRF,risk_at_0.5_0.5,36.32517032765927,21.885196714804355,100
star,rct_size,200,1.0,1.0,neural,RF,risk_selected,3.0982051618568978,0.9077447611872638,100
star,rct_size,200,1.0,1.0,neural,RF,risk_rct_only,59.76867635200396,42.514587954119065,100
star,rct_size,200,1.0,1.0,neural,RF,risk_grid_oracle,1.0208759762157487,0.042250900805963484,100
star,rct_size,200,1.0,1.0,neural,RF,risk_lambda_only,4.1263215047156265,0.9288591297172714,100
star,rct_size,200,1.0,1.0,neural,RF,risk_omega_only,58.93885383639437,42.52544248357139,100
star,rct_size,200,1.0,1.0,neural,RF,regret,2.077329185641148,0.9054663838453203,100
star,rct_size,200,1.0,1.0,neural,RF,selected_lambda,0.625,0.04256605087236408,100
star,rct_size,200,1.0,1.0,neural,RF,selected_omega,0.3675,0.035966981210184115,100
star,rct_size,200,1.0,1.0,neural,RF,risk_selected_minus_rct,-56.67047119014706,42.523672807514686,100
star,rct_size,200,1.0,1.0,neural,RF,score_selected_minus_rct,-4.2793691361011374,1.1956465044271751,100
star,rct_size,200,1.0,1.0,neural,RF,risk_at_0.0_0.0,63.93122291822666,42.475699730486184,100
star,rct_size,200,1.0,1.0,neural,RF,risk_at_0.5_0.0,23.12028796164189,12.687131895918059,100
star,rct_size,200,1.0,1.0,neural,RF,risk_at_0.0_0.5,92.67626272962062,53.155919115296285,100
star,rct_size,200,1.0,1.0,neural,RF,risk_at_0.5_0.5,38.138031564989056,25.789558531539505,100
star,rct_size,200,1.0,1.0,neural,domain_indicator_pool,risk_selected,12.158583111198679,6.205239752573205,100
star,rct_size,200,1.0,1.0,neural,domain_indicator_pool,risk_rct_only,42.71749315388431,21.923480420194654,100
star,rct_size,200,1.0,1.0,neural,experimental_grounding,risk_selected,47.60705827950986,21.080269875156397,100
star,rct_size,200,1.0,1.0,neural,experimental_grounding,risk_rct_only,42.71749315388431,21.923480420194654,100
star,rct_size,400,1.0,1.0,neural,DRF,risk_selected,2.3687168239400926,0.49806398002921226,100
star,rct_size,400,1.0,1.0,neural,DRF,risk_rct_only,118.27417656287676,65.19857287276005,100
star,rct_size,400,1.0,1.0,neural,DRF,risk_grid_oracle,0.672419251630012,0.05089735707631917,100
star,rct_size,400,1.0,1.0,neural,DRF,risk_lambda_only,2.2918459270870057,0.4378092823316605,100
star,rct_size,400,1.0,1.0,neural,DRF,risk_omega_only,118.46790823630117,65.1956763144573,100
star,rct_size,400,1.0,1.0,neural,DRF,regret,1.6962975723100797,0.46232330772662894,100
star,rct_size,400,1.0,1.0,neural,DRF,selected_lambda,0.6675,0.042052006041581554,100
star,rct_size,400,1.0,1.0,neural,DRF,selected_omega,0.38,0.04043325963669619,100
star,rct_size,400,1.0,1.0,neural,DRF,risk_selected_minus_rct,-115.90545973893668,65.21353197693722,100
star,rct_size,400,1.0,1.0,neural,DRF,score_selected_minus_rct,-9.360991616102881,3.9411061197465287,100
star,rct_size,400,1.0,1.0,neural,DRF,risk_at_0.0_0.0,122.2586641214635,65.15757858040692,100
star,rct_size,400,1.0,1.0,neural,DRF,risk_at_0.5_0.0,33.686213527205766,16.190218561369996,100
star,rct_size,400,1.0,1.0,neural,DRF,risk_at_0.0_0.5,243.47360115535415,128.8032631434201,100
star,rct_size,400,1.0,1.0,neural,DRF,risk_at_0.5_0.5,62.057997010827975,32.37519636607378,100
star,rct_size,400,1.0,1.0,neural,RF,risk_selected,3.332464856453723,1.427305199625669,100
star,rct_size,400,1.0,1.0,neural,RF,risk_rct_only,235.56696748747112,117.38723581990556,100
star,rct_size,400,1.0,1.0,neural,RF,risk_grid_oracle,0.93060203964523,0.16915014569797626,100
star,rct_size,400,1.0,1.0,neural,RF,risk_lambda_only,3.4487984654427573,1.421352334194832,100
star,rct_size,400,1.0,1.0,neural,RF,risk_omega_only,229.92255650021755,116.72908688265788,100
star,rct_size,400,1.0,1.0,neural,RF,regret,2.4018628168084923,1.3202052954270989,100
star,rct_size,400,1.0,1.0,neural,RF,selected_lambda,0.675,0.04059220704429943,100
star,rct_size,400,1.0,1.0,neural,RF,selected_omega,0.37,0.04011977018373809,100
star,rct_size,400,1.0,1.0,neural,RF,risk_selected_minus_rct,-232.2345026310175,117.36667361657207,100
star,rct_size,400,1.0,1.0,neural,RF,score_selected_minus_rct,-11.267257030391592,3.1266807538613524,100
star,rct_size,400,1.0,1.0,neural,RF,risk_at_0.0_0.0,239.37679974287596,117.32308026486653,100
star,rct_size,400,1.0,1.0,neural,RF,risk_at_0.5_0.0,100.48249603069354,57.96949112231656,100
star,rct_size,400,1.0,1.0,neural,RF,risk_at_0.0_0.5,248.46492860459182,105.15955489126297,100
star,rct_size,400,1.0,1.0,neural,RF,risk_at_0.5_0.5,121.62304703878708,56.36634460137177,100
star,rct_size,400,1.0,1.0,neural,domain_indicator_pool,risk_selected,27.181998432547218,11.040066549558778,100
star,rct_size,400,1.0,1.0,neural,domain_indicator_pool,risk_rct_only,118.27417656287676,65.19857287276005,100
star,rct_size,400,1.0,1.0,neural,experimental_grounding,risk_selected,121.99348636362436,64.23744395475157,100
star,rct_size,400,1.0,1.0,neural,experimental_grounding,risk_rct_only,118.27417656287676,65.19857287276005,100
