family,shift,shift_scale,n_rct,n_obs,oracle_r_min,oracle_r_max,sieve_label,route,learner,rule,replications,prediction_variance,squared_bias,mean_risk_on_anchor,decomposition_gap,anchor_points
scm1,strong,1.0,200,5000,0.1045550492938457,13.492741608451798,neural,oracle,DRF,selected,100,0.6283155081284355,0.0802199364108015,0.7022522894579525,-1.1102230246251565e-16,500
scm1,strong,1.0,200,5000,0.1045550492938457,13.492741608451798,neural,oracle,DRF,rct_only,100,0.8164312464200892,0.1381287846711989,0.9463957186270874,1.1102230246251565e-16,500
scm1,strong,1.0,200,5000,0.1045550492938457,13.492741608451798,neural,oracle,DRF,grid_oracle,100,0.41806737341268174,0.10744948571087361,0.5213361853894285,0.0,500
scm1,strong,1.0,200,5000,0.1045550492938457,13.492741608451798,neural,oracle,RF,selected,100,0.6351062051840097,0.0817660382516716,0.7105211813838411,-1.1102230246251565e-16,500
scm1,strong,1.0,200,5000,0.1045550492938457,13.492741608451798,neural,oracle,RF,rct_only,100,0.8090755337856574,0.15277605547257717,0.9537608339203778,-2.220446049250313e-16,500
scm1,strong,1.0,200,5000,0.1045550492938457,13.492741608451798,neural,oracle,RF,grid_oracle,100,0.41753009915041334,0.10685418766986811,0.5202089858287774,1.1102230246251565e-16,500
scm1,strong,1.0,200,5000,0.1045550492938457,13.492741608451798,neural,unit,DRF,selected,100,0.8523447596267664,0.11339837634883589,0.9572196883793347,1.1102230246251565e-16,500
scm1,strong,1.0,200,5000,0.1045550492938457,13.492741608451798,neural,unit,DRF,rct_only,100,0.8164312464200892,0.1381287846711989,0.9463957186270874,1.1102230246251565e-16,500
scm1,strong,1.0,200,5000,0.1045550492938457,13.492741608451798,neural,unit,DRF,grid_oracle,100,0.41658723179587,0.11688874581048486,0.5293101052883962,0.0,500
scm1,strong,1.0,200,5000,0.1045550492938457,13.492741608451798,neural,unit,RF,selected,100,0.8360917431230239,0.11493426576562518,0.9426650914574186,-2.220446049250313e-16,500
scm1,strong,1.0,200,5000,0.1045550492938457,13.492741608451798,neural,unit,RF,rct_only,100,0.8090755337856574,0.15277605547257717,0.9537608339203778,-2.220446049250313e-16,500
scm1,strong,1.0,200,5000,0.1045550492938457,13.492741608451798,neural,unit,RF,grid_oracle,100,0.4210588514111671,0.11872587020715343,0.5355741331042089,0.0,500
scm1,strong,1.0,200,5000,0.1045550492938457,13.492741608451798,neural,classifier,DRF,selected,100,0.6588883000141427,0.08100708202789564,0.7333064990418972,3.3306690738754696e-16,500
scm1,strong,1.0,200,5000,0.1045550492938457,13.492741608451798,neural,classifier,DRF,rct_only,100,0.8164312464200892,0.1381287846711989,0.9463957186270874,1.1102230246251565e-16,500
scm1,strong,1.0,200,5000,0.1045550492938457,13.492741608451798,neural,classifier,DRF,grid_oracle,100,0.4212102178935185,0.10898643344901222,0.5259845491635956,1.1102230246251565e-16,500
scm1,strong,1.0,200,5000,0.1045550492938457,13.492741608451798,neural,classifier,RF,selected,100,0.6530088212767946,0.0849519292180029,0.7314306622820296,0.0,500
scm1,strong,1.0,200,5000,0.1045550492938457,13.492741608451798,neural,classifier,RF,rct_only,100,0.8090755337856574,0.15277605547257717,0.9537608339203778,-2.220446049250313e-16,500
scm1,strong,1.0,200,5000,0.1045550492938457,13.492741608451798,neural,classifier,RF,grid_oracle,100,0.423029320351217,0.1089536263157369,0.5277526534634416,-2.220446049250313e-16,500
scm1,strong,1.0,200,5000,0.1045550492938457,13.492741608451798,neural,balanced_x,DRF,selected,100,0.6592093381579539,0.0809438376121403,0.7335610823885146,-1.1102230246251565e-16,500
scm1,strong,1.0,200,5000,0.1045550492938457,13.492741608451798,neural,balanced_x,DRF,rct_only,100,0.8164312464200892,0.1381287846711989,0.9463957186270874,1.1102230246251565e-16,500
scm1,strong,1.0,200,5000,0.1045550492938457,13.492741608451798,neural,balanced_x,DRF,grid_oracle,100,0.4214638873069422,0.10902126450880556,0.5262705129426782,-1.1102230246251565e-16,500
scm1,strong,1.0,200,5000,0.1045550492938457,13.492741608451798,neural,balanced_x,RF,selected,100,0.6540260978830268,0.08514302546850601,0.7326288623727025,0.0,500
scm1,strong,1.0,200,5000,0.1045550492938457,13.492741608451798,neural,balanced_x,RF,rct_only,100,0.8090755337856574,0.15277605547257717,0.9537608339203778,-2.220446049250313e-16,500
scm1,strong,1.0,200,5000,0.1045550492938457,13.492741608451798,neural,balanced_x,RF,grid_oracle,100,0.42362394391684016,0.10895943485295825,0.5283471393306299,-1.1102230246251565e-16,500
scm1,strong,1.0,200,5000,0.1045550492938457,13.492741608451798,neural,balanced_x_ghat,DRF,selected,100,0.6676933264301731,0.08299013893763586,0.7440065321035071,-1.1102230246251565e-16,500
scm1,strong,1.0,200,5000,0.1045550492938457,13.492741608451798,neural,balanced_x_ghat,DRF,rct_only,100,0.8164312464200892,0.1381287846711989,0.9463957186270874,1.1102230246251565e-16,500
scm1,strong,1.0,200,5000,0.1045550492938457,13.492741608451798,neural,balanced_x_ghat,DRF,grid_oracle,100,0.4206309606775284,0.10942507476434044,0.5258497258350936,0.0,500
scm1,strong,1.0,200,5000,0.1045550492938457,13.492741608451798,neural,balanced_x_ghat,RF,selected,100,0.6681035245855885,0.08563143835343118,0.7470539276931639,1.1102230246251565e-16,500
scm1,strong,1.0,200,5000,0.1045550492938457,13.492741608451798,neural,balanced_x_ghat,RF,rct_only,100,0.8090755337856574,0.15277605547257717,0.9537608339203778,-2.220446049250313e-16,500
scm1,strong,1.0,200,5000,0.1045550492938457,13.492741608451798,neural,balanced_x_ghat,RF,grid_oracle,100,0.4239955349045414,0.10921569501355935,0.5289712745690553,0.0,500
scm2,strong,1.0,200,5000,0.19889669810893532,7.134439991861016,neural,oracle,DRF,selected,100,0.8085980472101344,0.09685382199244717,0.8973658887304802,0.0,500
scm2,strong,1.0,200,5000,0.19889669810893532,7.134439991861016,neural,oracle,DRF,rct_only,100,1.168573670792151,0.1268517118736045,1.283739645957834,0.0,500
scm2,strong,1.0,200,5000,0.19889669810893532,7.134439991861016,neural,oracle,DRF,grid_oracle,100,0.52594426124146,0.11042330252889403,0.6311081211579396,2.220446049250313e-16,500
scm2,strong,1.0,200,5000,0.19889669810893532,7.134439991861016,neural,oracle,RF,selected,100,0.7954859304799525,0.10363809324987262,0.8911691644250256,0.0,500
scm2,strong,1.0,200,5000,0.19889669810893532,7.134439991861016,neural,oracle,RF,rct_only,100,1.2162259377236102,0.15010221667017587,1.3541658950165505,6.661338147750939e-16,500
scm2,strong,1.0,200,5000,0.19889669810893532,7.134439991861016,neural,oracle,RF,grid_oracle,100,0.5085452547021009,0.11523128088175431,0.6186910830368341,-1.1102230246251565e-16,500
scm2,strong,1.0,200,5000,0.19889669810893532,7.134439991861016,neural,unit,DRF,selected,100,0.8520289190263097,0.09554613135294923,0.9390547611889959,1.1102230246251565e-16,500
scm2,strong,1.0,200,5000,0.19889669810893532,7.134439991861016,neural,unit,DRF,rct_only,100,1.168573670792151,0.1268517118736045,1.283739645957834,0.0,500
scm2,strong,1.0,200,5000,0.19889669810893532,7.134439991861016,neural,unit,DRF,grid_oracle,100,0.5233208511397457,0.10682142725365891,0.6249090698820071,-1.1102230246251565e-16,500
scm2,strong,1.0,200,5000,0.19889669810893532,7.134439991861016,neural,unit,RF,selected,100,0.8754381277714564,0.10108644184761596,0.9677701883413578,0.0,500
scm2,strong,1.0,200,5000,0.19889669810893532,7.134439991861016,neural,unit,RF,rct_only,100,1.2162259377236102,0.15010221667017587,1.3541658950165505,6.661338147750939e-16,500
scm2,strong,1.0,200,5000,0.19889669810893532,7.134439991861016,neural,unit,RF,grid_oracle,100,0.504740080922189,0.11130309309233025,0.6109957732052973,-1.1102230246251565e-16,500
scm2,strong,1.0,200,5000,0.19889669810893532,7.134439991861016,neural,classifier,DRF,selected,100,0.8647457111263442,0.09473548137641129,0.9508337353914922,1.1102230246251565e-16,500
scm2,strong,1.0,200,5000,0.19889669810893532,7.134439991861016,neural,classifier,DRF,rct_only,100,1.168573670792151,0.1268517118736045,1.283739645957834,0.0,500
scm2,strong,1.0,200,5000,0.19889669810893532,7.134439991861016,neural,classifier,DRF,grid_oracle,100,0.5396229505565956,0.11017118122071509,0.6443979022717445,-2.220446049250313e-16,500
scm2,strong,1.0,200,5000,0.19889669810893532,7.134439991861016,neural,classifier,RF,selected,100,0.8375317961990508,0.10116456230914833,0.9303210405462085,-1.1102230246251565e-16,500
scm2,strong,1.0,200,5000,0.19889669810893532,7.134439991861016,neural,classifier,RF,rct_only,100,1.2162259377236102,0.15010221667017587,1.3541658950165505,6.661338147750939e-16,500
scm2,strong,1.0,200,5000,0.19889669810893532,7.134439991861016,neural,classifier,RF,grid_oracle,100,0.5228545105739588,0.11389560116669399,0.6315215666349132,0.0,500
scm2,strong,1.0,200,5000,0.19889669810893532,7.134439991861016,neural,balanced_x,DRF,selected,100,0.8664831448772544,0.09476982725014663,0.9525881406786286,1.1102230246251565e-16,500
scm2,strong,1.0,200,5000,0.19889669810893532,7.134439991861016,neural,balanced_x,DRF,rct_only,100,1.168573670792151,0.1268517118736045,1.283739645957834,0.0,500
scm2,strong,1.0,200,5000,0.19889669810893532,7.134439991861016,neural,balanced_x,DRF,grid_oracle,100,0.5402249685325694,0.1102381620589204,0.6450608809061642,0.0,500
scm2,strong,1.0,200,5000,0.19889669810893532,7.134439991861016,neural,balanced_x,RF,selected,100,0.8387698985902297,0.10123005904223922,0.9316122586465667,1.1102230246251565e-16,500
scm2,strong,1.0,200,5000,0.19889669810893532,7.134439991861016,neural,balanced_x,RF,rct_only,100,1.2162259377236102,0.15010221667017587,1.3541658950165505,6.661338147750939e-16,500
scm2,strong,1.0,200,5000,0.19889669810893532,7.134439991861016,neural,balanced_x,RF,grid_oracle,100,0.5235039481465208,0.11406084778626527,0.6323297564513206,-2.220446049250313e-16,500
scm2,strong,1.0,200,5000,0.19889669810893532,7.134439991861016,neural,balanced_x_ghat,DRF,selected,100,0.9116504026060668,0.09683664575163892,0.9993705443316451,1.1102230246251565e-16,500
scm2,strong,1.0,200,5000,0.19889669810893532,7.134439991861016,neural,balanced_x_ghat,DRF,rct_only,100,1.168573670792151,0.1268517118736045,1.283739645957834,0.0,500
scm2,strong,1.0,200,5000,0.19889669810893532,7.134439991861016,neural,balanced_x_ghat,DRF,grid_oracle,100,0.5449767568279531,0.11153170323375168,0.6510586924934252,-1.1102230246251565e-16,500
scm2,strong,1.0,200,5000,0.19889669810893532,7.134439991861016,neural,balanced_x_ghat,RF,selected,100,0.8832302412595957,0.10451644763502849,0.9789143864820281,-1.1102230246251565e-16,500
scm2,strong,1.0,200,5000,0.19889669810893532,7.134439991861016,neural,balanced_x_ghat,RF,rct_only,100,1.2162259377236102,0.15010221667017587,1.3541658950165505,6.661338147750939e-16,500
scm2,strong,1.0,200,5000,0.19889669810893532,7.134439991861016,neural,balanced_x_ghat,RF,grid_oracle,100,0.5309131452902536,0.11495374605286855,0.6405577598902196,0.0,500
scm3,strong,1.0,200,5000,0.5104506861257522,1.9503913694086168,neural,oracle,DRF,selected,100,1.0528192186933516,0.17899359956871125,1.221284626075129,-2.220446049250313e-16,500
scm3,strong,1.0,200,5000,0.5104506861257522,1.9503913694086168,neural,oracle,DRF,rct_only,100,1.3109341377703436,0.26659370910602725,1.5644185054986672,-2.220446049250313e-16,500
scm3,strong,1.0,200,5000,0.5104506861257522,1.9503913694086168,neural,oracle,DRF,grid_oracle,100,0.6288265436895256,0.2201497410088934,0.8426880192615238,1.1102230246251565e-16,500
scm3,strong,1.0,200,5000,0.5104506861257522,1.9503913694086168,neural,oracle,RF,selected,100,1.0628932672134905,0.17816880090536888,1.2304331354467248,4.440892098500626e-16,500
scm3,strong,1.0,200,5000,0.5104506861257522,1.9503913694086168,neural,oracle,RF,rct_only,100,1.3660161670195752,0.2712172547887876,1.6235732601381667,-4.440892098500626e-16,500
scm3,strong,1.0,200,5000,0.5104506861257522,1.9503913694086168,neural,oracle,RF,grid_oracle,100,0.643786573105237,0.21731735066738336,0.8546660580415681,2.220446049250313e-16,500
scm3,strong,1.0,200,5000,0.5104506861257522,1.9503913694086168,neural,unit,DRF,selected,100,1.0279766884593433,0.19409774871264923,1.2117946702873992,2.220446049250313e-16,500
scm3,strong,1.0,200,5000,0.5104506861257522,1.9503913694086168,neural,unit,DRF,rct_only,100,1.3109341377703436,0.26659370910602725,1.5644185054986672,-2.220446049250313e-16,500
scm3,strong,1.0,200,5000,0.5104506861257522,1.9503913694086168,neural,unit,DRF,grid_oracle,100,0.6238616345985489,0.22087930619645005,0.8385023244490135,1.1102230246251565e-16,500
scm3,strong,1.0,200,5000,0.5104506861257522,1.9503913694086168,neural,unit,RF,selected,100,1.0240904979498582,0.1880135797197205,1.2018631726900801,2.220446049250313e-16,500
scm3,strong,1.0,200,5000,0.5104506861257522,1.9503913694086168,neural,unit,RF,rct_only,100,1.3660161670195752,0.2712172547887876,1.6235732601381667,-4.440892098500626e-16,500
scm3,strong,1.0,200,5000,0.5104506861257522,1.9503913694086168,neural,unit,RF,grid_oracle,100,0.6370233908717264,0.21958473200594011,0.8502378889689493,0.0,500
scm3,strong,1.0,200,5000,0.5104506861257522,1.9503913694086168,neural,classifier,DRF,selected,100,1.1124464205965285,0.18989890957346103,1.2912208659640243,0.0,500
scm3,strong,1.0,200,5000,0.5104506861257522,1.9503913694086168,neural,classifier,DRF,rct_only,100,1.3109341377703436,0.26659370910602725,1.5644185054986672,-2.220446049250313e-16,500
scm3,strong,1.0,200,5000,0.5104506861257522,1.9503913694086168,neural,classifier,DRF,grid_oracle,100,0.6267534734751686,0.22281341147985387,0.8432993502202709,1.1102230246251565e-16,500
scm3,strong,1.0,200,5000,0.5104506861257522,1.9503913694086168,neural,classifier,RF,selected,100,1.0875586857640855,0.19532072465243863,1.272003823558883,-2.220446049250313e-16,500
scm3,strong,1.0,200,5000,0.5104506861257522,1.9503913694086168,neural,classifier,RF,rct_only,100,1.3660161670195752,0.2712172547887876,1.6235732601381667,-4.440892098500626e-16,500
scm3,strong,1.0,200,5000,0.5104506861257522,1.9503913694086168,neural,classifier,RF,grid_oracle,100,0.6431705381808134,0.22256114630021318,0.8592999790992185,1.1102230246251565e-16,500
scm3,strong,1.0,200,5000,0.5104506861257522,1.9503913694086168,neural,balanced_x,DRF,selected,100,1.1147185945365372,0.19035754225179607,1.2939289508429679,0.0,500
scm3,strong,1.0,200,5000,0.5104506861257522,1.9503913694086168,neural,balanced_x,DRF,rct_only,100,1.3109341377703436,0.26659370910602725,1.5644185054986672,-2.220446049250313e-16,500
scm3,strong,1.0,200,5000,0.5104506861257522,1.9503913694086168,neural,balanced_x,DRF,grid_oracle,100,0.6274529297223185,0.2231107266923463,0.8442891271174416,0.0,500
scm3,strong,1.0,200,5000,0.5104506861257522,1.9503913694086168,neural,balanced_x,RF,selected,100,1.0897233164611029,0.195771552855668,1.2745976361521598,0.0,500
scm3,strong,1.0,200,5000,0.5104506861257522,1.9503913694086168,neural,balanced_x,RF,rct_only,100,1.3660161670195752,0.2712172547887876,1.6235732601381667,-4.440892098500626e-16,500
scm3,strong,1.0,200,5000,0.5104506861257522,1.9503913694086168,neural,balanced_x,RF,grid_oracle,100,0.643729647065784,0.22289663715383928,0.8601889877489656,1.1102230246251565e-16,500
scm3,strong,1.0,200,5000,0.5104506861257522,1.9503913694086168,neural,balanced_x_ghat,DRF,selected,100,1.0844954731331244,0.2006601465330212,1.2743106649348142,-2.220446049250313e-16,500
scm3,strong,1.0,200,5000,0.5104506861257522,1.9503913694086168,neural,balanced_x_ghat,DRF,rct_only,100,1.3109341377703436,0.26659370910602725,1.5644185054986672,-2.220446049250313e-16,500
scm3,strong,1.0,200,5000,0.5104506861257522,1.9503913694086168,neural,balanced_x_ghat,DRF,grid_oracle,100,0.6300356971750123,0.22524268187033095,0.8489780220735933,2.220446049250313e-16,500
scm3,strong,1.0,200,5000,0.5104506861257522,1.9503913694086168,neural,balanced_x_ghat,RF,selected,100,1.116691883661176,0.19608169507618567,1.3016066599007499,-2.220446049250313e-16,500
scm3,strong,1.0,200,5000,0.5104506861257522,1.9503913694086168,neural,balanced_x_ghat,RF,rct_only,100,1.3660161670195752,0.2712172547887876,1.6235732601381667,-4.440892098500626e-16,500
scm3,strong,1.0,200,5000,0.5104506861257522,1.9503913694086168,neural,balanced_x_ghat,RF,grid_oracle,100,0.6474668506645538,0.22275026948297666,0.8637424516408848,-1.1102230246251565e-16,500
