family,training_draw,comparison,off,on,purpose,variance_off,variance_on,variance_reduction,reduction_low,reduction_high,reduction_rate,rate_low,rate_high,rate_excludes_zero,replications,scope,cells
scm1,0.0,omega_alone,rct_only,omega_only,omega with lambda held at zero,0.207391748200661,0.19497011078072704,0.012421637419933962,0.0023335385576756067,0.021693171438391376,0.05989455958447998,0.01171760913454633,0.10491691133101651,1.0,400.0,cell,
scm1,0.0,omega_given_lambda,lambda_only,joint,omega on top of the selected lambda,0.1733618010962818,0.15661068990509294,0.016751111191188855,0.007781683822047464,0.025523647354648692,0.09662515666808058,0.04480879711924775,0.14860355496675484,1.0,400.0,cell,
scm1,0.0,whole_method,rct_only,joint,both channels against the trial-only estimator,0.207391748200661,0.15661068990509294,0.05078105829556806,0.028263482821597158,0.07167008397778638,0.2448557318993958,0.1452375924830704,0.33014710896556837,1.0,400.0,cell,
scm1,0.0,omega_alone_oracle,rct_only,oracle_omega_only,oracle omega with lambda at zero,0.207391748200661,0.19517900288824558,0.012212745312415424,0.003023571846146861,0.02050739628145809,0.05888732516300044,0.014043447668973306,0.09863785921325961,1.0,400.0,cell,
scm1,0.0,omega_given_lambda_oracle,oracle_lambda_only,oracle_joint,oracle omega on top of the oracle lambda,0.1738765884865066,0.15768263838057375,0.01619395010593286,0.007947040283662088,0.024057954694275782,0.09313473565873165,0.044587933391036436,0.13911424061038363,1.0,400.0,cell,
scm1,1.0,omega_alone,rct_only,omega_only,omega with lambda held at zero,0.20059714844846574,0.18984707322189356,0.010750075226572176,0.0005763460023342534,0.021187683324711028,0.05359036910404491,0.0030178197174985212,0.10277479705635939,1.0,400.0,cell,
scm1,1.0,omega_given_lambda,lambda_only,joint,omega on top of the selected lambda,0.14990823684993787,0.13735521015308608,0.012553026696851793,0.003614280305395668,0.02105221215199739,0.08373807177398607,0.025461537134171368,0.1348302956828028,1.0,400.0,cell,
scm1,1.0,whole_method,rct_only,joint,both channels against the trial-only estimator,0.20059714844846574,0.13735521015308608,0.06324193829537966,0.04586875149983748,0.08212913402706597,0.31526838135302204,0.247308643528042,0.38048644158024625,1.0,400.0,cell,
scm1,1.0,omega_alone_oracle,rct_only,oracle_omega_only,oracle omega with lambda at zero,0.20059714844846574,0.1897761311885308,0.01082101725993495,0.0009138956402251112,0.020662895207850543,0.05394402335043624,0.004728340330372322,0.0999573235523711,1.0,400.0,cell,
scm1,1.0,omega_given_lambda_oracle,oracle_lambda_only,oracle_joint,oracle omega on top of the oracle lambda,0.15053495769853037,0.1376636366150356,0.012871321083494758,0.004279721874276381,0.0209956125470069,0.08550386754199368,0.03059429418527322,0.13525222611954835,1.0,400.0,cell,
scm1,2.0,omega_alone,rct_only,omega_only,omega with lambda held at zero,0.2485855904621494,0.2485855904621494,0.0,0.0,0.0,0.0,0.0,0.0,0.0,400.0,cell,
scm1,2.0,omega_given_lambda,lambda_only,joint,omega on top of the selected lambda,0.1611570736362303,0.1611570736362303,0.0,0.0,0.0,0.0,0.0,0.0,0.0,400.0,cell,
scm1,2.0,whole_method,rct_only,joint,both channels against the trial-only estimator,0.2485855904621494,0.1611570736362303,0.0874285168259191,0.0656793497786671,0.1097850017701852,0.35170388059653557,0.29043836690672237,0.40690004056975515,1.0,400.0,cell,
scm1,2.0,omega_alone_oracle,rct_only,oracle_omega_only,oracle omega with lambda at zero,0.2485855904621494,0.23764924960668252,0.01093634085546688,0.0017080530126459014,0.02067379307864381,0.04399426706566123,0.0069086787288893566,0.08125242217023092,1.0,400.0,cell,
scm1,2.0,omega_given_lambda_oracle,oracle_lambda_only,oracle_joint,oracle omega on top of the oracle lambda,0.15511972920480196,0.14467410059760447,0.010445628607197499,0.0033410040963931876,0.01752057329636946,0.06733913642542733,0.022166758962320555,0.11040976681137793,1.0,400.0,cell,
scm1,3.0,omega_alone,rct_only,omega_only,omega with lambda held at zero,0.21151467521462985,0.2026308775136794,0.008883797700950463,0.0008140173795584571,0.016735524142346307,0.042000857349192566,0.004397497476768681,0.07639134327848,1.0,400.0,cell,
scm1,3.0,omega_given_lambda,lambda_only,joint,omega on top of the selected lambda,0.15652982440078597,0.14700702750068048,0.00952279690010549,0.0033426495923678675,0.015788264889793253,0.0608369487192606,0.02206216263140321,0.09869246921245635,1.0,400.0,cell,
scm1,3.0,whole_method,rct_only,joint,both channels against the trial-only estimator,0.21151467521462985,0.14700702750068048,0.06450764771394937,0.042155278102400794,0.08705791497172934,0.3049795369918974,0.2187988193139514,0.37951622087018483,1.0,400.0,cell,
scm1,3.0,omega_alone_oracle,rct_only,oracle_omega_only,oracle omega with lambda at zero,0.21151467521462985,0.20242744045123642,0.009087234763393431,-0.0013836640396263414,0.01886314739180621,0.042962667976452984,-0.006700045184079078,0.08774543121295998,0.0,400.0,cell,
scm1,3.0,omega_given_lambda_oracle,oracle_lambda_only,oracle_joint,oracle omega on top of the oracle lambda,0.15515859162320714,0.1453024613667486,0.00985613025645854,0.0017171083707739037,0.0181237450334105,0.06352294225764521,0.011884407826357654,0.1130587260256386,1.0,400.0,cell,
scm1,4.0,omega_alone,rct_only,omega_only,omega with lambda held at zero,0.28019038777467375,0.2640362548283595,0.016154132946314237,0.005174857366757343,0.026749926434839973,0.05765412966024097,0.019121566662125375,0.09548857230409155,1.0,400.0,cell,
scm1,4.0,omega_given_lambda,lambda_only,joint,omega on top of the selected lambda,0.15013154736661863,0.13943648305713624,0.010695064309482388,0.0025287644242320472,0.01912999690379539,0.07123795429461088,0.017703610801074143,0.12372536995474323,1.0,400.0,cell,
scm1,4.0,whole_method,rct_only,joint,both channels against the trial-only estimator,0.28019038777467375,0.13943648305713624,0.14075390471753751,0.11150611990988374,0.17036480011390728,0.5023509401426375,0.441616326958057,0.5575731618667927,1.0,400.0,cell,
scm1,4.0,omega_alone_oracle,rct_only,oracle_omega_only,oracle omega with lambda at zero,0.28019038777467375,0.2646575927419644,0.015532795032709379,0.00564294130037961,0.025038705267393466,0.05543657352443043,0.02046971610451299,0.09004771072141535,1.0,400.0,cell,
scm1,4.0,omega_given_lambda_oracle,oracle_lambda_only,oracle_joint,oracle omega on top of the oracle lambda,0.13966979415577527,0.13050182873374763,0.009167965422027635,0.0020057946417024325,0.01643365689505771,0.06564028734661487,0.01490563955174648,0.1138904693635301,1.0,400.0,cell,
scm2,0.0,omega_alone,rct_only,omega_only,omega with lambda held at zero,0.40326672214999076,0.39817908232989463,0.005087639820096135,-0.008467305659282786,0.018875242518564535,0.012616066589803632,-0.02262859069972728,0.044243361837978175,0.0,400.0,cell,
scm2,0.0,omega_given_lambda,lambda_only,joint,omega on top of the selected lambda,0.19411291141661594,0.18524641896834987,0.008866492448266067,-0.0001755452062402157,0.01820416116159713,0.04567698451153668,-0.0008176796173060716,0.09041620644593723,0.0,400.0,cell,
scm2,0.0,whole_method,rct_only,joint,both channels against the trial-only estimator,0.40326672214999076,0.18524641896834987,0.2180203031816409,0.1659020008848523,0.27479397066751715,0.5406354931031243,0.4762095239018783,0.5969537207994946,1.0,400.0,cell,
scm2,0.0,omega_alone_oracle,rct_only,oracle_omega_only,oracle omega with lambda at zero,0.40326672214999076,0.39965795311922575,0.0036087690307650133,-0.011643346104069438,0.02060603824187797,0.0089488391492486,-0.03167277276045264,0.04659999624470636,0.0,400.0,cell,
scm2,0.0,omega_given_lambda_oracle,oracle_lambda_only,oracle_joint,oracle omega on top of the oracle lambda,0.18618554463890596,0.17720550079642344,0.008980043842482521,-0.0013236484360053514,0.01970280786260517,0.04823169199251587,-0.00723985323366878,0.10216013737248274,0.0,400.0,cell,
scm2,1.0,omega_alone,rct_only,omega_only,omega with lambda held at zero,0.2613533545007078,0.2441911304712999,0.017162224029407896,0.00491267637500523,0.0298254899198083,0.0656667447877024,0.019313415573971537,0.10962884673383928,1.0,400.0,cell,
scm2,1.0,omega_given_lambda,lambda_only,joint,omega on top of the selected lambda,0.19595327686687197,0.17551086330291896,0.020442413563953016,0.009500795755832882,0.03133289581976285,0.10432289722739019,0.049141544822013196,0.15087471892281296,1.0,400.0,cell,
scm2,1.0,whole_method,rct_only,joint,both channels against the trial-only estimator,0.2613533545007078,0.17551086330291896,0.08584249119778883,0.058318306134876596,0.11646200124644106,0.32845375702861457,0.25321840008843277,0.3939232949158148,1.0,400.0,cell,
scm2,1.0,omega_alone_oracle,rct_only,oracle_omega_only,oracle omega with lambda at zero,0.2613533545007078,0.24422133789456893,0.01713201660613886,0.00527314333255627,0.02849718318438034,0.06555116401267569,0.02094078280109527,0.10625824794697988,1.0,400.0,cell,
scm2,1.0,omega_given_lambda_oracle,oracle_lambda_only,oracle_joint,oracle omega on top of the oracle lambda,0.19595327686687197,0.1756518837281147,0.020301393138757284,0.009530998071921665,0.03154834283456752,0.10360323370631752,0.05195339703024424,0.15132922330495988,1.0,400.0,cell,
scm2,2.0,omega_alone,rct_only,omega_only,omega with lambda held at zero,0.3706704351638755,0.3544796024242597,0.0161908327396158,0.006744814390148454,0.024942927780693694,0.04367986006884461,0.018352141733898483,0.06670023303750723,1.0,400.0,cell,
scm2,2.0,omega_given_lambda,lambda_only,joint,omega on top of the selected lambda,0.26080291588962046,0.24611807431669472,0.014684841572925739,0.006984059694264068,0.022311522709741582,0.05630627833601676,0.028040956704340196,0.0831540613491016,1.0,400.0,cell,
scm2,2.0,whole_method,rct_only,joint,both channels against the trial-only estimator,0.3706704351638755,0.24611807431669472,0.12455236084718077,0.09846853088156765,0.1495755169485801,0.3360191399999719,0.2958964978515145,0.3727318491917591,1.0,400.0,cell,
scm2,2.0,omega_alone_oracle,rct_only,oracle_omega_only,oracle omega with lambda at zero,0.3706704351638755,0.3504611215989847,0.020209313564890807,0.004468362181180406,0.03652856534724934,0.05452097509734266,0.013133064735526409,0.09601090373466115,1.0,400.0,cell,
scm2,2.0,omega_given_lambda_oracle,oracle_lambda_only,oracle_joint,oracle omega on top of the oracle lambda,0.19807274084529877,0.18398025764251008,0.014092483202788691,0.0032584275445036144,0.026470150000214198,0.07114801937231419,0.016234402045474335,0.12529495925582287,1.0,400.0,cell,
scm2,3.0,omega_alone,rct_only,omega_only,omega with lambda held at zero,0.32384585732749654,0.32384585732749654,0.0,0.0,0.0,0.0,0.0,0.0,0.0,400.0,cell,
scm2,3.0,omega_given_lambda,lambda_only,joint,omega on top of the selected lambda,0.20435218171482183,0.20435218171482183,0.0,0.0,0.0,0.0,0.0,0.0,0.0,400.0,cell,
scm2,3.0,whole_method,rct_only,joint,both channels against the trial-only estimator,0.32384585732749654,0.20435218171482183,0.11949367561267471,0.08794523100086678,0.1550202263220896,0.36898318415675757,0.29755585462231676,0.4363279358175767,1.0,400.0,cell,
scm2,3.0,omega_alone_oracle,rct_only,oracle_omega_only,oracle omega with lambda at zero,0.32384585732749654,0.3012159300678412,0.022629927259655347,0.009184922620750682,0.03731734196156783,0.06987869922563283,0.02873225225909224,0.11224102926036948,1.0,400.0,cell,
scm2,3.0,omega_given_lambda_oracle,oracle_lambda_only,oracle_joint,oracle omega on top of the oracle lambda,0.20435218171482183,0.1781966235645553,0.026155558150266545,0.015385681152206026,0.036726790198986795,0.12799255643263563,0.07970323802816584,0.17504335395109358,1.0,400.0,cell,
scm2,4.0,omega_alone,rct_only,omega_only,omega with lambda held at zero,0.257791441894549,0.24564900667573375,0.01214243521881525,0.0018002558126117521,0.022824329979965526,0.04710177781534808,0.007511882652798033,0.08835773793100442,1.0,400.0,cell,
scm2,4.0,omega_given_lambda,lambda_only,joint,omega on top of the selected lambda,0.1892986471808945,0.18113022883743032,0.008168418343464184,-0.000629970248266909,0.017351334264430873,0.04315095995196638,-0.0035245518459458224,0.09174090318657888,0.0,400.0,cell,
scm2,4.0,whole_method,rct_only,joint,both channels against the trial-only estimator,0.257791441894549,0.18113022883743032,0.07666121305711868,0.051056683810309075,0.10216984980562782,0.29737687369962174,0.21647804240879173,0.37366889035991213,1.0,400.0,cell,
scm2,4.0,omega_alone_oracle,rct_only,oracle_omega_only,oracle omega with lambda at zero,0.257791441894549,0.24564900667573375,0.01214243521881525,0.00147075163940536,0.0226410384894817,0.04710177781534808,0.006449537219880442,0.0875278481468538,1.0,400.0,cell,
scm2,4.0,omega_given_lambda_oracle,oracle_lambda_only,oracle_joint,oracle omega on top of the oracle lambda,0.18883728283812037,0.1809733895468994,0.007863893291220975,-0.001183796430000858,0.017894777290111446,0.04164375367528583,-0.006516197216286856,0.09442271769794862,0.0,400.0,cell,
scm3,0.0,omega_alone,rct_only,omega_only,omega with lambda held at zero,0.3676252918524548,0.3631281954412685,0.0044970964111862854,-0.01092417799385346,0.01987449995976548,0.01223282649712576,-0.030326322911929226,0.05153582550380227,0.0,400.0,cell,
scm3,0.0,omega_given_lambda,lambda_only,joint,omega on top of the selected lambda,0.2256562838338171,0.22211992055791052,0.00353636327590659,-0.0077342536602818075,0.01559725386092125,0.01567145933552161,-0.03696550629239359,0.06767121235975361,0.0,400.0,cell,
scm3,0.0,whole_method,rct_only,joint,both channels against the trial-only estimator,0.3676252918524548,0.22211992055791052,0.14550537129454427,0.1061540323189922,0.19158074249228757,0.3957980436039813,0.31518128688662206,0.47099366672290155,1.0,400.0,cell,
scm3,0.0,omega_alone_oracle,rct_only,oracle_omega_only,oracle omega with lambda at zero,0.3676252918524548,0.36122223923721614,0.006403052615238658,-0.003846947240655936,0.01650002231102506,0.017417334326955136,-0.010225706620604375,0.04449376303283571,0.0,400.0,cell,
scm3,0.0,omega_given_lambda_oracle,oracle_lambda_only,oracle_joint,oracle omega on top of the oracle lambda,0.2274765474157567,0.22178208138705793,0.005694466028698775,-0.002018648701009703,0.013618868157147052,0.02503320053601421,-0.009011507868081508,0.058531488539593564,0.0,400.0,cell,
scm3,1.0,omega_alone,rct_only,omega_only,omega with lambda held at zero,0.2719670102896226,0.2719670102896226,0.0,0.0,0.0,0.0,0.0,0.0,0.0,400.0,cell,
scm3,1.0,omega_given_lambda,lambda_only,joint,omega on top of the selected lambda,0.20763832360291992,0.20763832360291992,0.0,0.0,0.0,0.0,0.0,0.0,0.0,400.0,cell,
scm3,1.0,whole_method,rct_only,joint,both channels against the trial-only estimator,0.2719670102896226,0.20763832360291992,0.06432868668670269,0.039116372361048576,0.08999005499720886,0.2365312124371184,0.15960039312772337,0.30824620070070835,1.0,400.0,cell,
scm3,1.0,omega_alone_oracle,rct_only,oracle_omega_only,oracle omega with lambda at zero,0.2719670102896226,0.2733293571058463,-0.001362346816223714,-0.009497602392070386,0.0066200612193290445,-0.005009235549462199,-0.03549853629512744,0.02490465724266472,0.0,400.0,cell,
scm3,1.0,omega_given_lambda_oracle,oracle_lambda_only,oracle_joint,oracle omega on top of the oracle lambda,0.2076321702117126,0.20898605783763058,-0.0013538876259179822,-0.00794413403732983,0.005361269623821304,-0.006520606245831173,-0.03745829937555895,0.026753830537737028,0.0,400.0,cell,
scm3,2.0,omega_alone,rct_only,omega_only,omega with lambda held at zero,0.36111354244222904,0.3497238177126707,0.011389724729558348,0.004863518770421291,0.01767513749812655,0.031540563814165146,0.014193653926854052,0.04870093228707597,1.0,400.0,cell,
scm3,2.0,omega_given_lambda,lambda_only,joint,omega on top of the selected lambda,0.21210123030673816,0.2037140158343629,0.008387214472375254,0.003746913247006651,0.01324160167660202,0.03954345036210194,0.018353142979970972,0.06136735299282089,1.0,400.0,cell,
scm3,2.0,whole_method,rct_only,joint,both channels against the trial-only estimator,0.36111354244222904,0.2037140158343629,0.15739952660786613,0.1216277450186391,0.1941946088885543,0.43587267745032554,0.3712385686176063,0.49541341809976097,1.0,400.0,cell,
scm3,2.0,omega_alone_oracle,rct_only,oracle_omega_only,oracle omega with lambda at zero,0.36111354244222904,0.3470753891891464,0.014038153253082664,0.004535207381479267,0.022731178650516267,0.03887462419199772,0.012992432535995396,0.061203747151197176,1.0,400.0,cell,
scm3,2.0,omega_given_lambda_oracle,oracle_lambda_only,oracle_joint,oracle omega on top of the oracle lambda,0.20802135000882058,0.1990613904893422,0.008959959519478367,0.002710577761852742,0.015206560587670136,0.043072307333350324,0.013313639522044304,0.0714614450232734,1.0,400.0,cell,
scm3,3.0,omega_alone,rct_only,omega_only,omega with lambda held at zero,0.3637463182443372,0.3634028854971306,0.00034343274720655126,0.00014300934588437758,0.0005356443361285157,0.0009441545659187867,0.0003953282964603899,0.0014965757951173992,1.0,400.0,cell,
scm3,3.0,omega_given_lambda,lambda_only,joint,omega on top of the selected lambda,0.24931494818008182,0.24895696508984796,0.00035798309023385433,0.0002021941413206288,0.0005204933641663916,0.0014358669339604724,0.000784266467382913,0.002126153642690131,1.0,400.0,cell,
scm3,3.0,whole_method,rct_only,joint,both channels against the trial-only estimator,0.3637463182443372,0.24895696508984796,0.11478935315448921,0.08230836977268889,0.1486096059372632,0.3155752990395423,0.24104628729542213,0.3852463742834145,1.0,400.0,cell,
scm3,3.0,omega_alone_oracle,rct_only,oracle_omega_only,oracle omega with lambda at zero,0.3637463182443372,0.3532222754443579,0.01052404279997926,0.001206265291212666,0.01958678852249797,0.028932369269810798,0.0031028960703299024,0.05375159154706167,1.0,400.0,cell,
scm3,3.0,omega_given_lambda_oracle,oracle_lambda_only,oracle_joint,oracle omega on top of the oracle lambda,0.2492789595210223,0.23805331263557378,0.011225646885448526,0.0034327981177764387,0.018502761813956166,0.045032468472341436,0.01402732757492883,0.07371791018303137,1.0,400.0,cell,
scm3,4.0,omega_alone,rct_only,omega_only,omega with lambda held at zero,0.30562698026199536,0.31109236896923687,-0.005465388707241503,-0.014548769793957476,0.0040303105597726254,-0.017882546568880553,-0.04786298893810273,0.012776007517052497,0.0,400.0,cell,
scm3,4.0,omega_given_lambda,lambda_only,joint,omega on top of the selected lambda,0.20794526539081926,0.20846383439431115,-0.0005185690034918977,-0.008499131228085283,0.007653319093049334,-0.0024937764392820583,-0.0422426741264174,0.03609886940170882,0.0,400.0,cell,
scm3,4.0,whole_method,rct_only,joint,both channels against the trial-only estimator,0.30562698026199536,0.20846383439431115,0.09716314586768421,0.07171089615380301,0.12365407749841878,0.31791416380972704,0.25288443238649333,0.3771464064815583,1.0,400.0,cell,
scm3,4.0,omega_alone_oracle,rct_only,oracle_omega_only,oracle omega with lambda at zero,0.30562698026199536,0.30922054479576644,-0.0035935645337710764,-0.01164466155475564,0.0045396171413839845,-0.011758008179417079,-0.038479543979518034,0.014743645583877427,0.0,400.0,cell,
scm3,4.0,omega_given_lambda_oracle,oracle_lambda_only,oracle_joint,oracle omega on top of the oracle lambda,0.2073775407613853,0.20674549890228497,0.0006320418591003185,-0.005893834715471351,0.007347185946449622,0.0030477835583341273,-0.02917569842261351,0.03459979698639044,0.0,400.0,cell,
,,omega_alone,rct_only,omega_only,omega with lambda held at zero,,,,,,0.027269290884532418,0.019144802419328383,0.03563222977091046,1.0,,pooled,15.0
,,omega_given_lambda,lambda_only,joint,omega on top of the selected lambda,,,,,,0.04107015011167667,0.03063230581457393,0.05021083364748903,1.0,,pooled,15.0
,,whole_method,rct_only,joint,both channels against the trial-only estimator,,,,,,0.35282122102081814,0.3327456517094024,0.36975978101805707,1.0,,pooled,15.0
,,omega_alone_oracle,rct_only,oracle_omega_only,oracle omega with lambda at zero,,,,,,0.03797889309600757,0.028809392161821972,0.046982769324747306,1.0,,pooled,15.0
,,omega_given_lambda_oracle,oracle_lambda_only,oracle_joint,oracle omega on top of the oracle lambda,,,,,,0.05849502520424604,0.04699413392343175,0.0690795188000906,1.0,,pooled,15.0
,,omega_alone,rct_only,omega_only,omega with lambda held at zero,,,,,,0.04262798313959169,0.024948438347188753,0.05926115123198078,1.0,,pooled:scm1,5.0
,,omega_given_lambda,lambda_only,joint,omega on top of the selected lambda,,,,,,0.06248762629118762,0.04264081759942807,0.08267584618137797,1.0,,pooled:scm1,5.0
,,whole_method,rct_only,joint,both channels against the trial-only estimator,,,,,,0.3438316941966977,0.3114568197107178,0.3734437168234604,1.0,,pooled:scm1,5.0
,,omega_alone_oracle,rct_only,oracle_omega_only,oracle omega with lambda at zero,,,,,,0.05104497141599627,0.031811790809531906,0.06846832222699586,1.0,,pooled:scm1,5.0
,,omega_given_lambda_oracle,oracle_lambda_only,oracle_joint,oracle omega on top of the oracle lambda,,,,,,0.07502819384608256,0.05321771211373406,0.09685850531675168,1.0,,pooled:scm1,5.0
,,omega_alone,rct_only,omega_only,omega with lambda held at zero,,,,,,0.033812889852339746,0.019112320505191228,0.04804469040041442,1.0,,pooled:scm2,5.0
,,omega_given_lambda,lambda_only,joint,omega on top of the selected lambda,,,,,,0.049891424005382004,0.03189554845206067,0.06685175366282417,1.0,,pooled:scm2,5.0
,,whole_method,rct_only,joint,both channels against the trial-only estimator,,,,,,0.37429368959761805,0.34543807270798366,0.402142129255757,1.0,,pooled:scm2,5.0
,,omega_alone_oracle,rct_only,oracle_omega_only,oracle omega with lambda at zero,,,,,,0.04920029106004958,0.030730471827207305,0.0672276306897409,1.0,,pooled:scm2,5.0
,,omega_given_lambda_oracle,oracle_lambda_only,oracle_joint,oracle omega on top of the oracle lambda,,,,,,0.0785238510358138,0.05579099928398676,0.10187240845174218,1.0,,pooled:scm2,5.0
,,omega_alone,rct_only,omega_only,omega with lambda held at zero,,,,,,0.005366999661665827,-0.005506452501123714,0.015762987687397083,0.0,,pooled:scm3,5.0
,,omega_given_lambda,lambda_only,joint,omega on top of the selected lambda,,,,,,0.010831400038460393,-0.0023046614865795275,0.023405351539364436,0.0,,pooled:scm3,5.0
,,whole_method,rct_only,joint,both channels against the trial-only estimator,,,,,,0.340338279268139,0.30742443213455606,0.37150863306654175,1.0,,pooled:scm3,5.0
,,omega_alone_oracle,rct_only,oracle_omega_only,oracle omega with lambda at zero,,,,,,0.013691416811976874,0.002253133192432741,0.02600216024015445,1.0,,pooled:scm3,5.0
,,omega_given_lambda_oracle,oracle_lambda_only,oracle_joint,oracle omega on top of the oracle lambda,,,,,,0.02193303073084179,0.008203130212742845,0.03592752566929787,1.0,,pooled:scm3,5.0
