family,training_draw,lambda_hat,omega_hat,oracle_lambda,oracle_omega
scm1,0,0.9792682393096189,1.0,1.0,0.9004945206883211
scm1,1,0.8028676873362874,1.0,0.9605100953034275,0.9505527664689298
scm1,2,0.7318447327249276,0.0,0.9948393178251655,1.0
scm1,3,1.0,0.6896224342601303,0.9386501605236934,0.8840455121838277
scm1,4,0.7282290816860554,1.0,0.9575808430797728,0.8866675128695443
scm2,0,0.8186434862654529,0.7856290710961511,0.9850824120630327,0.9280197281742629
scm2,1,1.0,1.0,1.0,0.9662175003122007
scm2,2,0.41025449842804673,0.5359892656767434,0.9966046334938853,0.8961703142067873
scm2,3,1.0,0.0,1.0,0.9856262830490268
scm2,4,0.9288250396053793,1.0,1.0,1.0
scm3,0,0.9172868748107722,1.0,1.0,0.6765428937878498
scm3,1,0.9766621576192647,0.0,0.9872160451961917,0.7711642576303365
scm3,2,0.7687978616233277,0.5928992685193414,0.9386385363355833,0.8213333664834078
scm3,3,1.0,0.018137446585351897,0.9957523638232112,0.8783016075760584
scm3,4,0.958486473925451,1.0,0.984048742593031,0.8320172619307671
