family,training_draw,estimator,empirical_variance,theorem1_variance,gap,monte_carlo_se,z_gap,mean_estimated_variance,coverage,bias,replications
scm1,0,joint,0.15661068990509297,0.1421521017604641,0.014458588144628859,0.013416584651657727,1.0776653313809177,0.1401758779010404,0.93,0.02305301572618979,400
scm1,0,lambda_only,0.1733618010962818,0.15249310196091734,0.02086869913536446,0.013159829318820107,1.5857879786875169,0.1511974877991555,0.9325,0.029142942253270552,400
scm1,0,omega_only,0.19497011078072704,0.20696053212586243,-0.011990421345135394,0.014295072489388713,-0.8387800309537381,0.2016550593091366,0.9375,0.04028799887900524,400
scm1,0,oracle_joint,0.15768263838057375,0.14197849662201295,0.015704141758560802,0.013364606584148156,1.175054548720318,0.14011110530546012,0.9275,0.023294120714656703,400
scm1,0,oracle_lambda_only,0.17387658848650658,0.15245158688791266,0.021425001598593924,0.01322211897916252,1.6203909246588075,0.15117837995331015,0.9325,0.028778066183687376,400
scm1,0,oracle_omega_only,0.19517900288824555,0.20683213540308676,-0.011653132514841208,0.014218481002948528,-0.8195764732129025,0.2017051224191993,0.9375,0.04089397993705531,400
scm1,0,rct_only,0.207391748200661,0.217347445776103,-0.009955697575441985,0.014290074696307335,-0.6966861816344889,0.21386670129355687,0.9375,0.046377925406086,400
scm1,1,joint,0.13735521015308608,0.14491179078240668,-0.007556580629320603,0.009284295523847118,-0.813909963325833,0.13999412963043745,0.945,-0.008304539487333793,400
scm1,1,lambda_only,0.14990823684993787,0.1555209813391149,-0.005612744489177035,0.01002428803380368,-0.5599145266227251,0.14997765022059173,0.955,-0.009241188336244203,400
scm1,1,omega_only,0.1898470732218935,0.20982321368456713,-0.019976140462673625,0.013032120526196476,-1.532838836359643,0.20536944229312862,0.95,0.005507244457287608,400
scm1,1,oracle_joint,0.13766363661503558,0.14309412362019794,-0.005430487005162354,0.00924869634166085,-0.5871624285793305,0.13788438635995953,0.9425,-0.011062786563208343,400
scm1,1,oracle_lambda_only,0.15053495769853037,0.153722011419953,-0.003187053721422639,0.0100333177536169,-0.3176470435488542,0.1478665718750243,0.955,-0.011953120717750067,400
scm1,1,oracle_omega_only,0.1897761311885308,0.20979422349913143,-0.020018092310600644,0.013002306215725937,-1.5395801312838875,0.20532066187950002,0.9475,0.005460929762918921,400
scm1,1,rct_only,0.2005971484484657,0.22050742950530589,-0.019910281056840173,0.013443131517197011,-1.481074631410852,0.21571825471442913,0.95,0.004570595608377189,400
scm1,2,joint,0.1611570736362303,0.1602423698317485,0.0009147038044818034,0.010268701848403651,0.08907686852588881,0.16149336339151077,0.9375,0.04140206892206729,400
scm1,2,lambda_only,0.1611570736362303,0.1602423698317485,0.0009147038044818034,0.010268701848403651,0.08907686852588881,0.16149336339151077,0.9375,0.04140206892206729,400
scm1,2,omega_only,0.2485855904621494,0.24656518161113092,0.0020204088510184792,0.016262905946145018,0.1242341840818061,0.24944636220393457,0.94,0.04958132217750503,400
scm1,2,oracle_joint,0.14467410059760444,0.14369090223257072,0.0009831983650337162,0.009573176287931808,0.10270346387260844,0.14487000869511996,0.9475,0.03152709361073895,400
scm1,2,oracle_lambda_only,0.15511972920480196,0.15375636983931174,0.0013633593654902298,0.010002111956561734,0.13630714907123376,0.15470773348499883,0.9425,0.03846278519130341,400
scm1,2,oracle_omega_only,0.23764924960668252,0.23654332400995753,0.0011059255967249826,0.01525014450611601,0.07251902408409674,0.23937175938191563,0.9425,0.04264563059694057,400
scm1,2,rct_only,0.2485855904621494,0.24656518161113092,0.0020204088510184792,0.016262905946145018,0.1242341840818061,0.24944636220393457,0.94,0.04958132217750503,400
scm1,3,joint,0.14700702750068048,0.14300917191970447,0.003997855580976012,0.00957462399173162,0.4175470059637276,0.14401586142001535,0.93,-0.0054764575136268135,400
scm1,3,lambda_only,0.15652982440078597,0.15254593917476195,0.003983885226024025,0.010282550689708831,0.38744134079603904,0.15351941723907825,0.93,-0.0015360949823658944,400
scm1,3,omega_only,0.20263087751367936,0.21419761601499407,-0.011566738501314705,0.013688972661874316,-0.8449676091128207,0.21515679037836477,0.9525,-0.0027479305819074675,400
scm1,3,oracle_joint,0.14530246136674865,0.14224204747477462,0.0030604138919740342,0.009504539238685002,0.3219949768335595,0.14309475047523587,0.935,-0.006419956805476219,400
scm1,3,oracle_lambda_only,0.15515859162320714,0.1522398599695177,0.0029187316536894437,0.010253016739087788,0.2846705245844672,0.15302176754574348,0.9325,-0.0013687002930981285,400
scm1,3,oracle_omega_only,0.20242744045123642,0.2137050228122804,-0.01127758236104398,0.013719286385663141,-0.8220239773425259,0.21471931344055142,0.9575,-0.0038588245630246432,400
scm1,3,rct_only,0.2115146752146299,0.22388957725213618,-0.012374902037506269,0.014380336458835678,-0.8605432892985466,0.2247292936022809,0.955,0.0011924319493534451,400
scm1,4,joint,0.1394364830571362,0.14865813759305585,-0.009221654535919638,0.011005665372953097,-0.8379006832773833,0.1450763456268428,0.9425,-0.01881021932199337,400
scm1,4,lambda_only,0.15013154736661863,0.15848047891231423,-0.008348931545695604,0.011671753594351165,-0.715310812398942,0.15596658698302496,0.9425,-0.021542966472445052,400
scm1,4,omega_only,0.26403625482835946,0.25884734528500886,0.005188909543350606,0.01961216309340578,0.26457609589710573,0.2567433048325542,0.9325,-0.013488286866495044,400
scm1,4,oracle_joint,0.13050182873374763,0.141795629576502,-0.011293800842754359,0.010447026223878548,-1.0810541297331442,0.138083834255648,0.9425,-0.020796041836472764,400
scm1,4,oracle_lambda_only,0.13966979415577527,0.15177029262680192,-0.01210049847102665,0.011027831806640295,-1.0972690446494169,0.1489501453714414,0.9425,-0.023219079955665096,400
scm1,4,oracle_omega_only,0.2646575927419644,0.25868300366800995,0.005974589073954428,0.01961594433407397,0.3045782029252724,0.2567288361301346,0.9325,-0.013797995897754392,400
scm1,4,rct_only,0.28019038777467375,0.26874213108392836,0.011448256690745395,0.02041540461982817,0.5607656034221551,0.2678649786200562,0.9375,-0.016221034016946734,400
scm2,0,joint,0.18524641896834987,0.18867610638099408,-0.003429687412644211,0.013198649180059608,-0.2598513958402463,0.18758694442952525,0.935,0.03213556533872863,400
scm2,0,lambda_only,0.19411291141661594,0.20505845962584282,-0.010945548209226885,0.014108005878276274,-0.7758394987686396,0.20363751592288068,0.93,0.03493403917284149,400
scm2,0,omega_only,0.39817908232989474,0.3815523645688042,0.016626717761090537,0.031688790442680026,0.5246876743738648,0.37473623113202736,0.935,0.052895917219754354,400
scm2,0,oracle_joint,0.17720550079642344,0.18277067089650137,-0.005565170100077926,0.012265472850343373,-0.4537265026779729,0.18235832715325428,0.9375,0.02740755809234707,400
scm2,0,oracle_lambda_only,0.18618554463890596,0.1993779898319076,-0.01319244519300164,0.013000110768690325,-1.014794829654416,0.19847378439602117,0.9375,0.03071323888037174,400
scm2,0,oracle_omega_only,0.39965795311922575,0.38114707076183213,0.01851088235739362,0.03136738830799771,0.5901314503979256,0.3743184537730378,0.9325,0.05238871026584256,400
scm2,0,rct_only,0.40326672214999076,0.3983626403731891,0.004904081776801683,0.03429065263643768,0.1430151192745321,0.3916242221238619,0.94,0.05569439105386722,400
scm2,1,joint,0.17551086330291896,0.1875498910944143,-0.01203902779149535,0.01287533376776469,-0.935045879869681,0.1838686117028404,0.96,0.021187033757738907,400
scm2,1,lambda_only,0.19595327686687197,0.20291271762464388,-0.006959440757771912,0.014637975234994473,-0.475437391172396,0.2001232648345195,0.945,0.019909796475436406,400
scm2,1,omega_only,0.24419113047129984,0.24573440283237477,-0.0015432723610749322,0.020799807497777652,-0.07419647327215997,0.2340825870945873,0.95,0.026554034938303262,400
scm2,1,oracle_joint,0.1756518837281147,0.18752566334160833,-0.011873779613493646,0.012901240397625212,-0.9203595350164395,0.18385580699368792,0.9575,0.021143885489648278,400
scm2,1,oracle_lambda_only,0.19595327686687197,0.20291271762464388,-0.006959440757771912,0.014637975234994473,-0.475437391172396,0.2001232648345195,0.945,0.019909796475436406,400
scm2,1,oracle_omega_only,0.2442213378945689,0.2457154097881131,-0.0014940718935441966,0.020828580958992114,-0.07173181391885346,0.23404139201946403,0.9525,0.026510886670212636,400
scm2,1,rct_only,0.2613533545007078,0.26125218262517236,0.00010117187553543294,0.022528625488393177,0.004490814390232419,0.24949685345106723,0.945,0.025276797656000768,400
scm2,2,joint,0.24611807431669472,0.2313366944435924,0.014781379873102324,0.01796269722552406,0.8228931149659835,0.24067330317303384,0.94,-0.00982918413033003,400
scm2,2,lambda_only,0.26080291588962046,0.24436910802838735,0.016433807861233107,0.019132727211989872,0.858937028639313,0.25518916440623135,0.945,-0.00975876052755063,400
scm2,2,omega_only,0.3544796024242597,0.3105103542525521,0.04396924817170761,0.026841001246654565,1.6381374065614596,0.3300778091594863,0.9425,-0.009980551588834756,400
scm2,2,oracle_joint,0.18398025764251005,0.186786548733912,-0.002806291091401958,0.01343010293071419,-0.20895529288789477,0.18986605361292072,0.925,-0.009660168613362552,400
scm2,2,oracle_lambda_only,0.19807274084529883,0.2024818533780901,-0.004409112532791276,0.01522916230017325,-0.28951773222228494,0.20616880730941026,0.9325,-0.009542420840651655,400
scm2,2,oracle_omega_only,0.3504611215989847,0.30800984578269736,0.042451275816287326,0.026464856790043054,1.6040621777427826,0.3261911479026921,0.94,-0.010027875758766258,400
scm2,2,rct_only,0.3706704351638755,0.3234897304757974,0.04718070468807811,0.028104036329299035,1.6787874928446225,0.3452794963608183,0.94,-0.00991012798605535,400
scm2,3,joint,0.20435218171482186,0.2009279728867784,0.0034242088280434513,0.014026999467123531,0.24411555985790895,0.2035680042769303,0.9425,0.01309542128319524,400
scm2,3,lambda_only,0.20435218171482186,0.2009279728867784,0.0034242088280434513,0.014026999467123531,0.24411555985790895,0.2035680042769303,0.9425,0.01309542128319524,400
scm2,3,omega_only,0.32384585732749654,0.31097049849965047,0.012875358827846073,0.023646096357784994,0.5445025103945804,0.3189113720301434,0.9375,0.02526539374228964,400
scm2,3,oracle_joint,0.1781966235645553,0.18461631906909684,-0.0064196955045415505,0.01259437319430534,-0.5097272730844814,0.1871669894871897,0.9325,0.015710260302158375,400
scm2,3,oracle_lambda_only,0.20435218171482186,0.2009279728867784,0.0034242088280434513,0.014026999467123531,0.24411555985790895,0.2035680042769303,0.9425,0.01309542128319524,400
scm2,3,oracle_omega_only,0.3012159300678412,0.29510378053537883,0.006112149532462363,0.022395027147519193,0.2729244082715674,0.3021849596928056,0.935,0.027880232761252774,400
scm2,3,rct_only,0.32384585732749654,0.31097049849965047,0.012875358827846073,0.023646096357784994,0.5445025103945804,0.3189113720301434,0.9375,0.02526539374228964,400
scm2,4,joint,0.18113022883743032,0.18691856189098052,-0.005788333053550199,0.013807675299274779,-0.41921126678393283,0.18807867929657732,0.9425,0.019141060495323284,400
scm2,4,lambda_only,0.1892986471808945,0.20280351536266814,-0.013504868181773627,0.014064054202269622,-0.9602400550756015,0.20151368054225544,0.95,0.02525421278682729,400
scm2,4,omega_only,0.2456490066757338,0.25780394691920544,-0.012154940243471635,0.01779616669226115,-0.6830089003806273,0.2541257179968443,0.945,0.012865110667510789,400
scm2,4,oracle_joint,0.1809733895468994,0.18639408029448779,-0.005420690747588386,0.013824794673424871,-0.3920991866887161,0.1877371124587846,0.945,0.01962198043329454,400
scm2,4,oracle_lambda_only,0.18883728283812037,0.2022676841359993,-0.013430401297878924,0.014039097826207391,-0.9566427603921823,0.2011185805450003,0.95,0.02573513272479856,400
scm2,4,oracle_omega_only,0.2456490066757338,0.25780394691920544,-0.012154940243471635,0.01779616669226115,-0.6830089003806273,0.2541257179968443,0.945,0.012865110667510789,400
scm2,4,rct_only,0.25779144189454906,0.27383701175814096,-0.016045569863591902,0.018615851772105844,-0.8619304697964304,0.26825932081085757,0.9525,0.0189782629590148,400
scm3,0,joint,0.22211992055791052,0.21436082102462245,0.007759099533288072,0.015341180215395791,0.5057694013333701,0.21654776547813268,0.945,0.02243678334287251,400
scm3,0,lambda_only,0.2256562838338171,0.2186373696380884,0.007018914195728698,0.015649589560023554,0.4485046824268364,0.22083587422572368,0.93,0.0263789929818149,400
scm3,0,omega_only,0.3631281954412685,0.37397476416657466,-0.01084656872530615,0.025983360012221512,-0.4174428834532703,0.3753769245127457,0.9575,-0.007185560719060902,400
scm3,0,oracle_joint,0.221782081387058,0.2114195922656303,0.010362489121427676,0.015202072125328482,0.6816497801087604,0.21372882222931167,0.94,0.026383009996159678,400
scm3,0,oracle_lambda_only,0.2274765474157567,0.21724439099289594,0.010232156422860766,0.015673132021936164,0.6528469490679851,0.2195867928155228,0.9325,0.029050083913208118,400
scm3,0,oracle_omega_only,0.36122223923721614,0.3725585210690925,-0.01133628183187635,0.02575243069991455,-0.4402024012402823,0.374057040613734,0.96,-0.005910424997166953,400
scm3,0,rct_only,0.3676252918524547,0.37875428819374124,-0.011128996341286557,0.02609705258106029,-0.4264464849706181,0.3806175035236461,0.955,-0.003243351080118522,400
scm3,1,joint,0.20763832360291992,0.21652163424035573,-0.008883310637435804,0.016930004898729513,-0.5247080961035303,0.21170330543522503,0.925,0.028370583377082495,400
scm3,1,lambda_only,0.20763832360291992,0.21652163424035573,-0.008883310637435804,0.016930004898729513,-0.5247080961035303,0.21170330543522503,0.925,0.028370583377082495,400
scm3,1,omega_only,0.2719670102896226,0.28677719552580344,-0.014810185236180828,0.020719123492337444,-0.7148075178787404,0.2824587817709294,0.9425,0.03928774849485465,400
scm3,1,oracle_joint,0.20898605783763058,0.211062174090581,-0.0020761162529504273,0.017426618568550194,-0.11913477332298951,0.20572115993832085,0.9275,0.027835153668143577,400
scm3,1,oracle_lambda_only,0.2076321702117126,0.21651360395715039,-0.008881433745437789,0.016934875669635373,-0.5244463507554653,0.21165023914880457,0.925,0.028252611637916748,400
scm3,1,oracle_omega_only,0.2733293571058463,0.2813423446820336,-0.008012987576187292,0.021193550415652372,-0.3780861355947867,0.2771662717767363,0.935,0.03887029052508148,400
scm3,1,rct_only,0.2719670102896226,0.28677719552580344,-0.014810185236180828,0.020719123492337444,-0.7148075178787404,0.2824587817709294,0.9425,0.03928774849485465,400
scm3,2,joint,0.2037140158343629,0.22012424211331794,-0.016410226278955026,0.015150123431475905,-1.0831744277978046,0.21802889114563104,0.9475,0.0032003886218640075,400
scm3,2,lambda_only,0.21210123030673816,0.22553421649528876,-0.0134329861885506,0.01582443975735552,-0.848875940919594,0.22416505545188553,0.945,0.0022110090985176267,400
scm3,2,omega_only,0.34972381771267075,0.3836835064408124,-0.033959688728141646,0.0260297362072301,-1.3046497458821307,0.38074988677014504,0.9425,0.01281649705274844,400
scm3,2,oracle_joint,0.19906139048934215,0.21412388356779258,-0.015062493078450423,0.01448114155419717,-1.0401454209999594,0.2126676411150396,0.95,0.0014572160849922167,400
scm3,2,oracle_lambda_only,0.20802135000882058,0.21999854592697382,-0.011977195918153244,0.015316124637737598,-0.7819991154056344,0.21941447592010044,0.945,8.664530208473132e-05,400
scm3,2,oracle_omega_only,0.3470753891891464,0.38323147237482486,-0.03615608318567848,0.025848832359129294,-1.3987511189420851,0.3798757322013347,0.9425,0.01319768831230956,400
scm3,2,rct_only,0.36111354244222904,0.38907517673226477,-0.02796163429003573,0.026752988631114766,-1.0451779677996522,0.3872671851133458,0.9375,0.011827117529402069,400
scm3,3,joint,0.24895696508984796,0.21848326419109396,0.030473700898754008,0.01976761746013271,1.5415970569145878,0.21511890217278556,0.9175,-0.004169315381034831,400
scm3,3,lambda_only,0.24931494818008182,0.2187427106297198,0.030572237550362008,0.019786872054864832,1.5450768300109097,0.21537740765421984,0.9175,-0.004235523195112226,400
scm3,3,omega_only,0.3634028854971305,0.34147898536954885,0.021923900127581664,0.02536243445844005,0.8644241215687354,0.33565253339172485,0.9275,0.004150700378082433,400
scm3,3,oracle_joint,0.23805331263557378,0.21252080652758873,0.025532506107985048,0.019242750620193396,1.326863638776837,0.2090623598958829,0.925,-0.000994084888036232,400
scm3,3,oracle_lambda_only,0.2492789595210223,0.2187404723785706,0.030538487142451692,0.019782583541363974,1.543705708538922,0.21536324925242756,0.9175,-0.004200182795182331,400
scm3,3,oracle_omega_only,0.3532222754443579,0.3352649419477534,0.0179573334966045,0.025231739742100946,0.7116962080360006,0.3295423837000886,0.9375,0.007290590471151137,400
scm3,3,rct_only,0.3637463182443372,0.3417438072630741,0.0220025109812631,0.025374640872733147,0.8671063007991716,0.3359124740096195,0.93,0.0040844925640050435,400
scm3,4,joint,0.20846383439431115,0.21634323124704527,-0.007879396852734116,0.01480364202083615,-0.5322606992011731,0.222040780320304,0.9525,0.014695656421132255,400
scm3,4,lambda_only,0.20794526539081926,0.22094465535088548,-0.012999389960066221,0.014829919799120506,-0.8765650884259775,0.22636703875469902,0.955,0.01915535989574785,400
scm3,4,omega_only,0.31109236896923687,0.2877055291933086,0.02338683977592826,0.021771239899197672,1.0742079865093088,0.30197345134961373,0.9375,0.030665279599439745,400
scm3,4,oracle_joint,0.206745498902285,0.2161236255718281,-0.009378126669543102,0.014660389285321826,-0.6396915175323895,0.2216820170942727,0.95,0.015018909195103358,400
scm3,4,oracle_lambda_only,0.2073775407613853,0.22089655479689585,-0.013519014035510563,0.014767906649917617,-0.9154319807124444,0.22625685702128323,0.955,0.018729459469076153,400
scm3,4,oracle_omega_only,0.30922054479576644,0.2875154152963995,0.021705129499366926,0.021643370005352502,1.0028535063624173,0.3015335970740075,0.9375,0.03141443280008254,400
scm3,4,rct_only,0.30562698026199536,0.2921793152505182,0.01344766501147715,0.02150595206535536,0.6252996831114691,0.30498776509660774,0.93,0.03512498307405534,400
