family,training_draw,estimator,mean_estimate,bias,bias_se,empirical_variance,empirical_variance_se,empirical_sd,mean_estimated_variance,variance_ratio_hat_to_empirical,mse,mse_se,rmse,coverage,coverage_se,mean_ci_length,effective_replications,attempted_replications,failure_rate,mse_identity_gap
scm1,0,joint,0.8409388190677862,0.0230530157261898,0.019787034258896212,0.15661068990509294,0.013416584651657727,0.3957406851779242,0.14017587790104039,0.8950594495560159,0.1567506047144022,0.013642196701795898,0.395917421584858,0.93,0.01275735082217307,1.4527728417449108,400,400,0.0,2.7755575615628914e-17
scm1,0,lambda_only,0.8470287455948671,0.02914294225327054,0.02081836935835044,0.1733618010962818,0.013159829318820105,0.4163673871670088,0.15119748779915546,0.8721499594664646,0.17377770767671852,0.01341006146309269,0.41686653460876244,0.9325,0.0125442965127583,1.5089393102707596,400,400,0.0,-2.7755575615628914e-17
scm1,0,omega_only,0.8581738022206017,0.04028799887900524,0.022077709957144958,0.19497011078072704,0.014295072489388714,0.4415541991428992,0.20165505930913658,1.0342870427761501,0.19610580835744995,0.014644249475714938,0.44283835465940613,0.9375,0.012103072956898178,1.7387004642718893,400,400,0.0,0.0
scm1,0,oracle_joint,0.8411799240562533,0.023294120714656703,0.019854636636096726,0.15768263838057375,0.013364606584148156,0.39709273272193457,0.1401111053054601,0.8885639328744359,0.15783104784449128,0.01358690905593157,0.39727955880524646,0.9275,0.012965699942540704,1.4524145365533332,400,400,0.0,-2.7755575615628914e-17
scm1,0,oracle_lambda_only,0.8466638695252838,0.02877806618368738,0.020849255891188696,0.1738765884865066,0.01322211897916252,0.4169851178237739,0.15117837995331013,0.8694579372026388,0.17427007410856304,0.013464009395669076,0.4174566733309734,0.9325,0.0125442965127583,1.5088307599653865,400,400,0.0,0.0
scm1,0,oracle_omega_only,0.8587797832786518,0.04089397993705531,0.02208953388418628,0.19517900288824558,0.014218481002948527,0.44179067768372565,0.2017051224191993,1.033436586079346,0.19636337297611725,0.014577444731875671,0.4431290703351759,0.9375,0.012103072956898178,1.7388796981077184,400,400,0.0,0.0
scm1,0,rct_only,0.8642637287476824,0.046377925406086005,0.022770142083475293,0.207391748200661,0.014290074696307335,0.45540284166950584,0.21386670129355687,1.0312208810093595,0.20902418079513183,0.014765972976714429,0.4571916237149712,0.9375,0.012103072956898178,1.7906422262040351,400,400,0.0,0.0
scm1,1,joint,0.8095812638542625,-0.008304539487333795,0.01853073191708075,0.13735521015308608,0.00928429552384712,0.370614638341615,0.1399941296304374,1.019212372609748,0.13708078750380007,0.009336905664564986,0.3702442268338563,0.945,0.011399013115178002,1.4514266014102895,400,400,0.0,0.0
scm1,1,lambda_only,0.8086446150053521,-0.009241188336244207,0.0193589925389945,0.14990823684993787,0.01002428803380368,0.38717985077989,0.1499776502205917,1.000463039070517,0.14961886581967898,0.010129962188049848,0.3868059795552274,0.955,0.010365206220813944,1.5017730833272842,400,400,0.0,2.7755575615628914e-17
scm1,1,omega_only,0.8233930477988841,0.005507244457287608,0.021785721999849666,0.18984707322189356,0.013032120526196476,0.4357144399969934,0.2053694422931286,1.0817624881321846,0.18940278528035115,0.01305978453617998,0.43520430292030793,0.95,0.010897247358851688,1.7565052742954268,400,400,0.0,0.0
scm1,1,oracle_joint,0.8068230167783881,-0.011062786563208351,0.018551525315660407,0.1376636366150356,0.00924869634166085,0.37103050631320816,0.13788438635995948,1.001603544337138,0.13744186277004108,0.009308398277187779,0.37073152384177027,0.9425,0.01163977555625537,1.440190241259366,400,400,0.0,-2.7755575615628914e-17
scm1,1,oracle_lambda_only,0.8059326826238464,-0.011953120717750072,0.019399417368733678,0.15053495769853037,0.0100333177536169,0.3879883473746736,0.14786657187502428,0.9822739789859978,0.15030149739917714,0.010137556183546753,0.38768737069857867,0.955,0.010365206220813944,1.4908530074071233,400,400,0.0,-2.7755575615628914e-17
scm1,1,oracle_omega_only,0.8233467331045153,0.005460929762918923,0.021781651176422022,0.1897761311885308,0.013002306215725937,0.43563302352844047,0.20532066187950002,1.0819098302490249,0.18933151261443498,0.013033687861734186,0.4351224110689255,0.9475,0.01115165346484547,1.7562837118805994,400,400,0.0,-2.7755575615628914e-17
scm1,1,rct_only,0.8224563989499737,0.004570595608377187,0.022394036507989448,0.20059714844846574,0.013443131517197011,0.447880730159789,0.21571825471442913,1.0753804646921392,0.2001165459215599,0.0135375809343498,0.4473438788242887,0.95,0.010897247358851688,1.800096215892626,400,400,0.0,0.0
scm1,2,joint,0.8592878722636638,0.041402068922067284,0.02007218682880806,0.1611570736362303,0.010268701848403651,0.40144373657616117,0.16149336339151077,1.0020867204131514,0.1624683122631673,0.010683432533173394,0.4030735816983883,0.9375,0.012103072956898178,1.558280258708964,400,400,0.0,-2.7755575615628914e-17
scm1,2,lambda_only,0.8592878722636638,0.041402068922067284,0.02007218682880806,0.1611570736362303,0.010268701848403651,0.40144373657616117,0.16149336339151077,1.0020867204131514,0.1624683122631673,0.010683432533173394,0.4030735816983883,0.9375,0.012103072956898178,1.558280258708964,400,400,0.0,-2.7755575615628914e-17
scm1,2,omega_only,0.8674671255191015,0.04958132217750503,0.024929179211425585,0.2485855904621494,0.01626290594614502,0.4985835842285117,0.2494463622039345,1.0034626775437179,0.2504224339948636,0.017040957790111576,0.5004222556949917,0.94,0.011874342087037922,1.9335029600643687,400,400,0.0,0.0
scm1,2,oracle_joint,0.8494128969523354,0.03152709361073895,0.019018024384620268,0.14467410059760447,0.009573176287931808,0.3803604876924054,0.1448700086951199,1.0013541338546859,0.14530637297765073,0.009670071791845071,0.38119073044560087,0.9475,0.01115165346484547,1.4770056829103273,400,400,0.0,-5.551115123125783e-17
scm1,2,oracle_lambda_only,0.8563485885328999,0.03846278519130341,0.019692621029512674,0.15511972920480196,0.010002111956561734,0.39385242059025355,0.15470773348499878,0.9973440147045433,0.1562113157264623,0.010196626476273764,0.39523577232642076,0.9425,0.01163977555625537,1.5260147953820722,400,400,0.0,-2.7755575615628914e-17
scm1,2,oracle_omega_only,0.860531433938537,0.04264563059694057,0.024374641002827227,0.23764924960668252,0.015250144506116012,0.48749282005654454,0.23937175938191557,1.007248117879959,0.23887377629167653,0.016077245779743517,0.4887471496506926,0.9425,0.01163977555625537,1.8949202366582825,400,400,0.0,-2.7755575615628914e-17
scm1,2,rct_only,0.8674671255191015,0.04958132217750503,0.024929179211425585,0.2485855904621494,0.01626290594614502,0.4985835842285117,0.2494463622039345,1.0034626775437179,0.2504224339948636,0.017040957790111576,0.5004222556949917,0.94,0.011874342087037922,1.9335029600643687,400,400,0.0,0.0
scm1,3,joint,0.8124093458279696,-0.005476457513626815,0.019170747735852693,0.14700702750068048,0.009574623991731621,0.3834149547170539,0.1440158614200153,0.9796529041398967,0.14666950151882732,0.009711098551922436,0.38297454421779437,0.93,0.01275735082217307,1.470420340792673,400,400,0.0,-2.7755575615628914e-17
scm1,3,lambda_only,0.8163497083592306,-0.0015360949823659009,0.019781925108592564,0.15652982440078597,0.010282550689708831,0.39563850217185126,0.15351941723907822,0.9807678365881267,0.15614085942757885,0.010458041229062708,0.395146630287516,0.93,0.01275735082217307,1.5184206183150797,400,400,0.0,0.0
scm1,3,omega_only,0.815137872759689,-0.002747930581907472,0.02250726979853839,0.2026308775136794,0.013688972661874315,0.45014539597076786,0.21515679037836472,1.0618164073431489,0.2021318514423781,0.013797672422213992,0.4495907599610763,0.9525,0.010635289135702893,1.7962571790635604,400,400,0.0,-8.326672684688674e-17
scm1,3,oracle_joint,0.8114658465361202,-0.006419956805476221,0.019059279981596143,0.1453024613667486,0.009504539238685002,0.3811855996319229,0.14309475047523584,0.9848061012129697,0.14498042105871595,0.00966094851921718,0.38076294601591154,0.935,0.012326293035621046,1.466031995632199,400,400,0.0,2.7755575615628914e-17
scm1,3,oracle_lambda_only,0.8165171030484984,-0.0013687002930981263,0.01969508768850796,0.15515859162320714,0.010253016739087788,0.39390175377015924,0.15302176754574343,0.9862281291992334,0.1547725684846414,0.010439968278163342,0.3934114493563214,0.9325,0.0125442965127583,1.5163216126397987,400,400,0.0,-2.7755575615628914e-17
scm1,3,oracle_omega_only,0.8140269787785718,-0.003858824563024641,0.022495968552789434,0.20242744045123642,0.013719286385663141,0.44991937105578866,0.21471931344055142,1.0607223653172457,0.20193626237711654,0.013803136401367997,0.44937318831581013,0.9575,0.010086345968684594,1.7944763652950428,400,400,0.0,0.0
scm1,3,rct_only,0.81907823529095,0.001192431949353454,0.022995362315836092,0.21151467521462985,0.014380336458835678,0.45990724631672186,0.22472929360228086,1.0624761301987287,0.21098731042054714,0.014607794502640709,0.4593335502884011,0.955,0.010365206220813944,1.8357102999063608,400,400,0.0,2.7755575615628914e-17
scm1,4,joint,0.799075584019603,-0.01881021932199337,0.01867059740990739,0.13943648305713624,0.011005665372953097,0.3734119481981478,0.14507634562684277,1.0404475388797314,0.13944171620043488,0.011345344712715127,0.373418955330919,0.9425,0.01163977555625537,1.4773578442500954,400,400,0.0,-2.7755575615628914e-17
scm1,4,lambda_only,0.7963428368691514,-0.021542966472445055,0.019373406216165154,0.15013154736661863,0.011671753594351164,0.3874681243233031,0.1559665869830249,1.0388661791525882,0.150220317902635,0.011914110689637384,0.38758265944522724,0.9425,0.01163977555625537,1.5327945684243303,400,400,0.0,0.0
scm1,4,omega_only,0.8043975164751014,-0.013488286866495053,0.025692229118371546,0.2640362548283595,0.01961216309340578,0.5138445823674309,0.2567433048325542,0.9723789825736386,0.2635580980738814,0.019938879508433628,0.513379097815524,0.9325,0.0125442965127583,1.9584800517571808,400,400,0.0,-5.551115123125783e-17
scm1,4,oracle_joint,0.7970897615051237,-0.02079604183647277,0.01806251842447141,0.13050182873374763,0.010447026223878548,0.36125036848942815,0.13808383425564796,1.058098845015952,0.13060804951797758,0.010772080361045669,0.36139735682206864,0.9425,0.01163977555625537,1.4415211547953144,400,400,0.0,-2.7755575615628914e-17
scm1,4,oracle_lambda_only,0.7946667233859313,-0.023219079955665092,0.018686211103095193,0.13966979415577527,0.011027831806640295,0.3737242220619039,0.14895014537144138,1.0664449408818892,0.13985974534437337,0.011294690112694898,0.37397826854561134,0.9425,0.01163977555625537,1.4981783299517812,400,400,0.0,-2.7755575615628914e-17
scm1,4,oracle_omega_only,0.8040878074438419,-0.013797995897754394,0.025722441211030324,0.2646575927419644,0.01961594433407397,0.5144488242206064,0.25672883613013453,0.9700414542062271,0.2641863334509039,0.019936266358858833,0.5139905966561099,0.9325,0.0125442965127583,1.958396442731539,400,400,0.0,0.0
scm1,4,rct_only,0.8016647693246497,-0.01622103401694673,0.02646650655898289,0.28019038777467375,0.020415404619828166,0.5293301311796578,0.2678649786200562,0.9560105924671137,0.2797530337498161,0.020641807670927395,0.5289168495612672,0.9375,0.012103072956898178,2.0009613772124983,400,400,0.0,5.551115123125783e-17
scm2,0,joint,0.5499194300402402,0.032135565338728626,0.021520131212910264,0.18524641896834987,0.013198649180059608,0.4304026242582053,0.18758694442952517,1.012634659683085,0.18581599748056868,0.01327581302338011,0.431063797459922,0.935,0.012326293035621046,1.6720731399620303,400,400,0.0,-2.7755575615628914e-17
scm2,0,lambda_only,0.5527179038743532,0.03493403917284149,0.022029123417456713,0.19411291141661594,0.014108005878276273,0.4405824683491343,0.20363751592288068,1.0490673414599532,0.19484801623100403,0.014155254478806962,0.4414159220406577,0.93,0.01275735082217307,1.741945948668569,400,400,0.0,0.0
scm2,0,omega_only,0.570679781921266,0.052895917219754354,0.03155071640747222,0.39817908232989463,0.031688790442680026,0.6310143281494444,0.37473623113202736,0.941124855025798,0.39998161268258897,0.03215193043900774,0.6324409954158482,0.935,0.012326293035621046,2.319191203279488,400,400,0.0,-5.551115123125783e-17
scm2,0,oracle_joint,0.5451914227938587,0.02740755809234707,0.02104789186572039,0.17720550079642344,0.012265472850343373,0.42095783731440783,0.18235832715325428,1.0290782528401896,0.17751366128501775,0.012325241807602215,0.42132370130935876,0.9375,0.012103072956898178,1.649609461291735,400,400,0.0,-2.7755575615628914e-17
scm2,0,oracle_lambda_only,0.5484971035818833,0.03071323888037173,0.021574611505129467,0.18618554463890596,0.013000110768690325,0.4314922301025894,0.19847378439602117,1.0659999667586837,0.18666338381983144,0.012976958743021105,0.4320455807201729,0.9375,0.012103072956898178,1.721487466215833,400,400,0.0,-2.7755575615628914e-17
scm2,0,oracle_omega_only,0.5701725749673541,0.05238871026584256,0.031609253119902474,0.39965795311922575,0.03136738830799771,0.6321850623980495,0.3743184537730378,0.9365970346682212,0.4014033851997461,0.031817735625391655,0.633564034016883,0.9325,0.0125442965127583,2.3191944946562537,400,400,0.0,0.0
scm2,0,rct_only,0.5734782557553788,0.055694391053867226,0.03175164256184201,0.40326672214999076,0.03429065263643768,0.6350328512368402,0.3916242221238619,0.9711295294487539,0.4053604205394768,0.03477305098802887,0.636679213214533,0.94,0.011874342087037922,2.366661852540496,400,400,0.0,-1.1102230246251565e-16
scm2,1,joint,0.5389708984592505,0.021187033757738904,0.020947008336688496,0.17551086330291896,0.01287533376776469,0.41894016673376994,0.18386861170284036,1.0476195503949892,0.17552097654411322,0.013246338554126824,0.4189522365904176,0.96,0.009797958971132717,1.6561123645723677,400,400,0.0,0.0
scm2,1,lambda_only,0.5376936611769481,0.01990979647543641,0.022133305043919218,0.19595327686687197,0.014637975234994471,0.44266610087838437,0.20012326483451948,1.0212805217362124,0.19585979367039807,0.014902106202567992,0.4425604971869926,0.945,0.011399013115178002,1.7289429991255165,400,400,0.0,-2.7755575615628914e-17
scm2,1,omega_only,0.5443378996398149,0.026554034938303262,0.02470784948509784,0.2441911304712999,0.02079980749777765,0.4941569897019569,0.2340825870945873,0.9586039699427139,0.24428576941662622,0.021180220318077567,0.49425273840073586,0.95,0.010897247358851688,1.8579295775989868,400,400,0.0,-8.326672684688674e-17
scm2,1,oracle_joint,0.5389277501911599,0.021143885489648274,0.020955421955195428,0.1756518837281147,0.01290124039762521,0.4191084391039086,0.18385580699368786,1.0467055808992731,0.17565981791239374,0.013268322387383355,0.41911790454762693,0.9575,0.010086345968684594,1.656047787817882,400,400,0.0,-2.7755575615628914e-17
scm2,1,oracle_lambda_only,0.5376936611769481,0.01990979647543641,0.022133305043919218,0.19595327686687197,0.014637975234994471,0.44266610087838437,0.20012326483451948,1.0212805217362124,0.19585979367039807,0.014902106202567992,0.4425604971869926,0.945,0.011399013115178002,1.7289429991255165,400,400,0.0,-2.7755575615628914e-17
scm2,1,oracle_omega_only,0.5442947513717242,0.026510886670212647,0.024709377667930497,0.24422133789456893,0.020828580958992114,0.4941875533586099,0.234041392019464,0.9583167221878882,0.24431361166187332,0.02120439162333216,0.49428090359822047,0.9525,0.010635289135702893,1.857581812200743,400,400,0.0,-5.551115123125783e-17
scm2,1,rct_only,0.5430606623575123,0.025276797656000775,0.025561365109316236,0.2613533545007078,0.022528625488393177,0.5112273021863247,0.24949685345106715,0.9546342113255388,0.26133888761419843,0.022748054003338895,0.5112131528180769,0.945,0.011399013115178002,1.9145407560064438,400,400,0.0,0.0
scm2,2,joint,0.5079546805711815,-0.009829184130330022,0.02480514434128003,0.24611807431669472,0.01796269722552406,0.49610288682560066,0.24067330317303381,0.9778774023046565,0.24559939199157088,0.01769780387476628,0.4955798543035934,0.94,0.011874342087037922,1.8873268696574448,400,400,0.0,-2.7755575615628914e-17
scm2,2,lambda_only,0.508025104173961,-0.009758760527550625,0.02553443341302194,0.26080291588962046,0.019132727211989872,0.5106886682604388,0.2551891644062313,0.9784751199416609,0.2602461420069305,0.018846131987105955,0.5101432563573987,0.945,0.011399013115178002,1.9406334309597775,400,400,0.0,0.0
scm2,2,omega_only,0.5078033131126768,-0.009980551588834747,0.02976909481426416,0.3544796024242597,0.026841001246654565,0.5953818962852832,0.3300778091594863,0.9311616434404368,0.3536930148282164,0.026345641230326643,0.5947209554305417,0.9425,0.01163977555625537,2.1914633794979794,400,400,0.0,-5.551115123125783e-17
scm2,2,oracle_joint,0.508123696088149,-0.009660168613362554,0.02144645994345629,0.18398025764251008,0.01343010293071419,0.42892919886912584,0.18986605361292067,1.0319914541148605,0.1836136258560424,0.013323332696511933,0.4285016054299475,0.925,0.01316956719106592,1.6815938659750815,400,400,0.0,-2.7755575615628914e-17
scm2,2,oracle_lambda_only,0.50824144386086,-0.00954242084065165,0.022252681908328423,0.19807274084529877,0.01522916230017325,0.4450536381665684,0.20616880730941026,1.0408742082810616,0.1976686167886857,0.01510228730781317,0.4445993891006663,0.9325,0.0125442965127583,1.7545765600151275,400,400,0.0,2.7755575615628914e-17
scm2,2,oracle_omega_only,0.5077559889427454,-0.010027875758766257,0.029599878445653482,0.3504611215989847,0.026464856790043054,0.5919975689130696,0.326191147902692,0.9307484562465573,0.34968552708722045,0.02596499927068175,0.5913421404628799,0.94,0.011874342087037922,2.1834880922277353,400,400,0.0,-5.551115123125783e-17
scm2,2,rct_only,0.5078737367154562,-0.00991012798605535,0.030441354896089772,0.3706704351638755,0.028104036329299035,0.6088270979217955,0.3452794963608183,0.9314999622458917,0.36984196971266586,0.027581735114836435,0.6081463390604813,0.94,0.011874342087037922,2.234739055157547,400,400,0.0,5.551115123125783e-17
scm2,3,joint,0.5308792859847069,0.013095421283195241,0.02260266476075453,0.20435218171482183,0.01402699946712353,0.4520532952150906,0.2035680042769303,0.9961626177351712,0.20401279131911912,0.014176185954445194,0.45167775163175694,0.9425,0.01163977555625537,1.739120610356233,400,400,0.0,-2.7755575615628914e-17
scm2,3,lambda_only,0.5308792859847069,0.013095421283195241,0.02260266476075453,0.20435218171482183,0.01402699946712353,0.4520532952150906,0.2035680042769303,0.9961626177351712,0.20401279131911912,0.014176185954445194,0.45167775163175694,0.9425,0.01163977555625537,1.739120610356233,400,400,0.0,-2.7755575615628914e-17
scm2,3,omega_only,0.5430492584438013,0.02526539374228963,0.028453728109313577,0.32384585732749654,0.02364609635778499,0.5690745621862715,0.31891137203014336,0.9847628580520544,0.3236745828051307,0.023869328476362243,0.5689240571509793,0.9375,0.012103072956898178,2.16929048157201,400,400,0.0,-5.551115123125783e-17
scm2,3,oracle_joint,0.53349412500367,0.015710260302158382,0.02110667095757614,0.1781966235645553,0.01259437319430534,0.42213341915152286,0.18716698948718963,1.050339707583655,0.17799794428440546,0.012571087271285248,0.4218980259309179,0.9325,0.0125442965127583,1.667506382946863,400,400,0.0,-2.7755575615628914e-17
scm2,3,oracle_lambda_only,0.5308792859847069,0.013095421283195241,0.02260266476075453,0.20435218171482183,0.01402699946712353,0.4520532952150906,0.2035680042769303,0.9961626177351712,0.20401279131911912,0.014176185954445194,0.45167775163175694,0.9425,0.01163977555625537,1.739120610356233,400,400,0.0,-2.7755575615628914e-17
scm2,3,oracle_omega_only,0.5456640974627643,0.027880232761252774,0.027441571113360163,0.3012159300678412,0.022395027147519193,0.5488314222672033,0.3021849596928056,1.0032170596845464,0.3012401976214932,0.0225875719370757,0.5488535302077351,0.935,0.012326293035621046,2.1142288126044115,400,400,0.0,-5.551115123125783e-17
scm2,3,rct_only,0.5430492584438013,0.02526539374228963,0.028453728109313577,0.32384585732749654,0.02364609635778499,0.5690745621862715,0.31891137203014336,0.9847628580520544,0.3236745828051307,0.023869328476362243,0.5689240571509793,0.9375,0.012103072956898178,2.16929048157201,400,400,0.0,-5.551115123125783e-17
scm2,4,joint,0.5369249251968349,0.019141060495323284,0.02127969859028966,0.18113022883743032,0.013807675299274779,0.4255939718057932,0.1880786792965773,1.0383616280051378,0.18104378346222239,0.014126916291678258,0.4254924011803529,0.9425,0.01163977555625537,1.6756245474313107,400,400,0.0,0.0
scm2,4,lambda_only,0.5430380774883389,0.02525421278682729,0.021754232184847073,0.1892986471808945,0.014064054202269622,0.43508464369694144,0.20151368054225544,1.0645278428730036,0.18946317582642463,0.014304675769250288,0.43527367922540944,0.95,0.010897247358851688,1.7356847675528286,400,400,0.0,0.0
scm2,4,omega_only,0.5306489753690224,0.012865110667510784,0.024781495449010628,0.24564900667573375,0.017796166692261146,0.49562990898021253,0.25412571799684425,1.0345074113501305,0.24520039523153173,0.01800074399642769,0.49517713520671747,0.945,0.011399013115178002,1.9411901396689573,400,400,0.0,0.0
scm2,4,oracle_joint,0.5374058451348062,0.019621980433294543,0.021270483630309124,0.1809733895468994,0.013824794673424873,0.4254096726061825,0.18773711245878452,1.0373741295823622,0.1809059781891568,0.014150843320714295,0.425330434120528,0.945,0.011399013115178002,1.6741558844492295,400,400,0.0,2.7755575615628914e-17
scm2,4,oracle_lambda_only,0.5435189974263102,0.02573513272479856,0.021727705978664684,0.18883728283812037,0.014039097826207391,0.43455411957329365,0.20111858054500026,1.0650364034172635,0.18902748668738806,0.014302870132489662,0.4347729139302356,0.95,0.010897247358851688,1.7342550475454777,400,400,0.0,-2.7755575615628914e-17
scm2,4,oracle_omega_only,0.5306489753690224,0.012865110667510784,0.024781495449010628,0.24564900667573375,0.017796166692261146,0.49562990898021253,0.25412571799684425,1.0345074113501305,0.24520039523153173,0.01800074399642769,0.49517713520671747,0.945,0.011399013115178002,1.9411901396689573,400,400,0.0,0.0
scm2,4,rct_only,0.5367621276605264,0.01897826295901479,0.02538658316387561,0.257791441894549,0.018615851772105844,0.5077316632775122,0.2682593208108575,1.0406059985520795,0.25750713775475415,0.018625741376275692,0.5074516112446132,0.9525,0.010635289135702893,1.9932180639780148,400,400,0.0,0.0
scm3,0,joint,0.8908741066366346,0.022436783342872513,0.023564800049963853,0.22211992055791052,0.015341180215395791,0.47129600099927704,0.21654776547813262,0.9749137534995419,0.22206803000329076,0.015479370390717593,0.47124094686613427,0.945,0.011399013115178002,1.8065534277826019,400,400,0.0,0.0
scm3,0,lambda_only,0.894816316275577,0.0263789929818149,0.023751646460499168,0.2256562838338171,0.015649589560023554,0.4750329292099834,0.22083587422572365,0.9786382655683392,0.22578799439496716,0.01593021543231893,0.47517154207187867,0.93,0.01275735082217307,1.8250244845127623,400,400,0.0,-5.551115123125783e-17
scm3,0,omega_only,0.8612517625747012,-0.007185560719060902,0.030130059551935363,0.3631281954412685,0.025983360012221512,0.6026011910387072,0.3753769245127457,1.0337311429551557,0.3622720072355126,0.026417082685137767,0.6018903614741746,0.9575,0.010086345968684594,2.364759301846791,400,400,0.0,-5.551115123125783e-17
scm3,0,oracle_joint,0.8948203332899217,0.02638300999615968,0.02354687247741502,0.22178208138705793,0.01520207212532848,0.47093744954830036,0.21372882222931167,0.9636884138367717,0.22192368940004775,0.015373842366387272,0.47108777250109957,0.94,0.011874342087037922,1.795109010489631,400,400,0.0,0.0
scm3,0,oracle_lambda_only,0.8974874072069703,0.029050083913208118,0.023847250754319493,0.2274765474157567,0.015673132021936164,0.4769450150863899,0.21958679281552274,0.9653161845040054,0.22775176342258172,0.015931118017637587,0.4772334475103162,0.9325,0.0125442965127583,1.820068696346653,400,400,0.0,-5.551115123125783e-17
scm3,0,oracle_omega_only,0.8625268982965951,-0.005910424997166965,0.030050883482737083,0.36122223923721614,0.025752430699914546,0.6010176696547417,0.374057040613734,1.0355315924169586,0.36035411676277024,0.02622795355116555,0.6002950247692964,0.96,0.009797958971132717,2.361012677801713,400,400,0.0,-5.551115123125783e-17
scm3,0,rct_only,0.8651939722136436,-0.003243351080118515,0.030316055641048306,0.3676252918524548,0.02609705258106029,0.6063211128209661,0.3806175035236461,1.0353409081451492,0.3667167479490525,0.026586251477650102,0.6055714226654462,0.955,0.010365206220813944,2.3823468264077636,400,400,0.0,-1.1102230246251565e-16
scm3,1,joint,0.8968079066708445,0.028370583377082495,0.02278367417707907,0.20763832360291992,0.016930004898729513,0.4556734835415815,0.211703305435225,1.0195772233264548,0.20792411779506856,0.016525883337670896,0.45598697108039016,0.925,0.01316956719106592,1.7858017672508795,400,400,0.0,-8.326672684688674e-17
scm3,1,lambda_only,0.8968079066708445,0.028370583377082495,0.02278367417707907,0.20763832360291992,0.016930004898729513,0.4556734835415815,0.211703305435225,1.0195772233264548,0.20792411779506856,0.016525883337670896,0.45598697108039016,0.925,0.01316956719106592,1.7858017672508795,400,400,0.0,-8.326672684688674e-17
scm3,1,omega_only,0.9077250717886167,0.03928774849485464,0.026075228200805,0.2719670102896226,0.020719123492337444,0.5215045640161,0.2824587817709294,1.0385773681526076,0.2728306199456935,0.02054699256493322,0.5223319059235167,0.9425,0.01163977555625537,2.0610674926654413,400,400,0.0,0.0
scm3,1,oracle_joint,0.8962724769619058,0.02783515366814358,0.02285749646383165,0.20898605783763058,0.017426618568550194,0.457149929276633,0.20572115993832077,0.9843774367864939,0.20923838847276563,0.017132192810881207,0.4574258283839749,0.9275,0.012965699942540704,1.760616834773512,400,400,0.0,-5.551115123125783e-17
scm3,1,oracle_lambda_only,0.8966899349316787,0.028252611637916748,0.02278333657586793,0.2076321702117126,0.016934875669635377,0.45566673151735865,0.21165023914880457,1.0193518611927763,0.20791129985054624,0.016526658095063478,0.4559729156984505,0.925,0.01316956719106592,1.7855661884565726,400,400,0.0,-2.7755575615628914e-17
scm3,1,oracle_omega_only,0.9073076138188436,0.03887029052508148,0.026140455098651517,0.2733293571058463,0.021193550415652372,0.5228091019730302,0.2771662717767363,1.0140376969071936,0.27415693319858603,0.02129519252635199,0.5235999744065941,0.935,0.012326293035621046,2.0421050119314454,400,400,0.0,5.551115123125783e-17
scm3,1,rct_only,0.9077250717886167,0.03928774849485464,0.026075228200805,0.2719670102896226,0.020719123492337444,0.5215045640161,0.2824587817709294,1.0385773681526076,0.2728306199456935,0.02054699256493322,0.5223319059235167,0.9425,0.01163977555625537,2.0610674926654413,400,400,0.0,0.0
scm3,2,joint,0.871637711915626,0.003200388621864012,0.022567344539974287,0.2037140158343629,0.015150123431475905,0.45134689079948576,0.218028891145631,1.0702694669909572,0.20321497328210797,0.015406628747783643,0.4507937147766237,0.9475,0.01115165346484547,1.8092031406409967,400,400,0.0,0.0
scm3,2,lambda_only,0.8706483323922797,0.002211009098517631,0.02302722466487973,0.21210123030673816,0.01582443975735552,0.4605444932975946,0.2241650554518855,1.0568776764175332,0.21157586579220505,0.01605393180389624,0.45997376641739585,0.945,0.011399013115178002,1.8344698268383923,400,400,0.0,0.0
scm3,2,omega_only,0.8812538203465106,0.012816497052748446,0.029568725780487682,0.3497238177126707,0.0260297362072301,0.5913745156097536,0.38074988677014504,1.0887159166350089,0.3490137707650922,0.026184694427214727,0.5907738744774452,0.9425,0.01163977555625537,2.3783947364203413,400,400,0.0,5.551115123125783e-17
scm3,2,oracle_joint,0.8698945393787544,0.0014572160849922256,0.022308148202469773,0.1990613904893422,0.014481141554197172,0.44616296404939554,0.21266764111503955,1.0683520324672193,0.1985658604918372,0.014852362085666487,0.44560729402898824,0.95,0.010897247358851688,1.7866935790238012,400,400,0.0,-2.7755575615628914e-17
scm3,2,oracle_lambda_only,0.8685239685958467,8.664530208473132e-05,0.02280467879673054,0.20802135000882058,0.015316124637737598,0.4560935759346108,0.21941447592010044,1.0547690220777663,0.2075013041412069,0.015654016588877533,0.4555231104359107,0.945,0.011399013115178002,1.8149127209522562,400,400,0.0,0.0
scm3,2,oracle_omega_only,0.8816350116060715,0.01319768831230956,0.02945655229270503,0.3470753891891464,0.025848832359129294,0.5891310458541006,0.3798757322013347,1.0945049520475019,0.3463818796929623,0.026018295163718112,0.5885421647536924,0.9425,0.01163977555625537,2.376008264234642,400,400,0.0,-1.1102230246251565e-16
scm3,2,rct_only,0.8802644408231641,0.011827117529402074,0.030046361778184937,0.36111354244222904,0.026752988631114766,0.6009272355636988,0.3872671851133458,1.072424984380919,0.36035063929517785,0.026881594399312037,0.6002921282968634,0.9375,0.012103072956898178,2.3977151704133415,400,400,0.0,5.551115123125783e-17
scm3,3,joint,0.8642680079127273,-0.004169315381034827,0.024947793744630402,0.24895696508984796,0.01976761746013271,0.49895587489260806,0.2151189021727855,0.8640806739235016,0.24835195586786987,0.019803296118963823,0.498349230829014,0.9175,0.013756248580190752,1.8003099790978419,400,400,0.0,-2.7755575615628914e-17
scm3,3,lambda_only,0.8642018000986498,-0.004235523195112216,0.02496572391199992,0.24931494818008182,0.019786872054864832,0.49931447823999836,0.21537740765421978,0.8638768322012175,0.24870960046636795,0.019819347246954604,0.4987079310241295,0.9175,0.013756248580190752,1.8013910994093916,400,400,0.0,0.0
scm3,3,omega_only,0.8725880236718444,0.004150700378082433,0.030141453411254508,0.3634028854971306,0.02536243445844005,0.6028290682250903,0.33565253339172485,0.9236375020318189,0.3625116065970164,0.02544235034645858,0.6020893676166491,0.9275,0.012965699942540704,2.241794155764747,400,400,0.0,0.0
scm3,3,oracle_joint,0.8674432384057259,-0.000994084888036228,0.024395353688539432,0.23805331263557378,0.019242750620193396,0.4879070737707886,0.20906235989588282,0.8782165540200987,0.23745916755874943,0.019424932115741637,0.4872978222388742,0.925,0.01316956719106592,1.7749975404087766,400,400,0.0,-5.551115123125783e-17
scm3,3,oracle_lambda_only,0.8642371404985798,-0.004200182795182327,0.02496392194352794,0.2492789595210223,0.019782583541363974,0.4992784388705588,0.21536324925242753,0.8639447535653944,0.24867340365773266,0.019815558930132374,0.4986716391150921,0.9175,0.013756248580190752,1.8013217550596832,400,400,0.0,-5.551115123125783e-17
scm3,3,oracle_omega_only,0.8757279137649132,0.007290590471151144,0.029716252936918118,0.3532222754443579,0.025231739742100946,0.5943250587383624,0.32954238370008854,0.9329603669120817,0.3523923724651651,0.02534822876413486,0.5936264586970202,0.9375,0.012103072956898178,2.222256222824766,400,400,0.0,0.0
scm3,3,rct_only,0.8725218158577672,0.004084492564005041,0.030155692590468602,0.3637463182443372,0.025374640872733147,0.603113851809372,0.3359124740096195,0.9234800660827005,0.3628536355282317,0.025453525434673118,0.6023733356716844,0.93,0.01275735082217307,2.242638307640164,400,400,0.0,-5.551115123125783e-17
scm3,4,joint,0.8831329797148944,0.014695656421132255,0.02282891994785951,0.20846383439431115,0.01480364202083615,0.4565783989571902,0.222040780320304,1.065128543593379,0.20815863712597335,0.014048103662900987,0.4562440543458877,0.9525,0.010635289135702893,1.8253348948475812,400,400,0.0,-2.7755575615628914e-17
scm3,4,lambda_only,0.88759268318951,0.019155359895747858,0.022800507965329373,0.20794526539081926,0.014829919799120505,0.45601015930658745,0.22636703875469893,1.0885895301788053,0.2077923300400778,0.014176363645230446,0.4558424399286203,0.955,0.010365206220813944,1.8438838046258474,400,400,0.0,-2.7755575615628914e-17
scm3,4,omega_only,0.8991026028932019,0.030665279599439745,0.027887827495577566,0.31109236896923687,0.021771239899197672,0.5577565499115513,0.30197345134961373,0.9706874274999497,0.31125499741972557,0.021430312761051198,0.5579023188872094,0.9375,0.012103072956898178,2.1220006342586015,400,400,0.0,-5.551115123125783e-17
scm3,4,oracle_joint,0.8834562324888655,0.015018909195103361,0.022734637609949107,0.20674549890228497,0.014660389285321825,0.45469275219898214,0.22168201709427268,1.0722459171846215,0.20645420278844,0.013920051790945836,0.45437231736588,0.95,0.010897247358851688,1.8239810859633492,400,400,0.0,0.0
scm3,4,oracle_lambda_only,0.8871667827628383,0.01872945946907616,0.02276936213211655,0.2073775407613853,0.014767906649917617,0.45538724264233105,0.22625685702128323,1.0910383843427918,0.2072098895614856,0.014119341877931138,0.45520312999965806,0.955,0.010365206220813944,1.8434443104520313,400,400,0.0,-2.7755575615628914e-17
scm3,4,oracle_omega_only,0.8998517560938447,0.03141443280008255,0.02780380121475149,0.30922054479576644,0.021643370005352502,0.5560760242950297,0.30153359707400745,0.9751408894035937,0.3094343600219279,0.0213016898204555,0.5562682446643237,0.9375,0.012103072956898178,2.1207614902239067,400,400,0.0,0.0
scm3,4,rct_only,0.9035623063678174,0.035124983074055344,0.027641770034767827,0.30562698026199536,0.021505952065355362,0.5528354006953565,0.30498776509660774,0.9979085119879153,0.306096677247293,0.021183912055590684,0.5532600448679563,0.93,0.01275735082217307,2.134493062945865,400,400,0.0,-5.551115123125783e-17
