family,confounding,quintile,bias_in_quintile,mean_bias,tau_sd,draws,bias_spread,spread_over_tau_sd
scm1,0.0,1,-0.03638326825302073,-0.004801674257393372,0.5868546490037232,40000,0.06056348704787592,0.10320014870921076
scm1,0.0,2,-0.028731690073864745,-0.004801674257393372,0.5868546490037232,40000,0.06056348704787592,0.10320014870921076
scm1,0.0,3,0.011727550778755274,-0.004801674257393372,0.5868546490037232,40000,0.06056348704787592,0.10320014870921076
scm1,0.0,4,0.024180218794855185,-0.004801674257393372,0.5868546490037232,40000,0.06056348704787592,0.10320014870921076
scm1,0.0,5,0.005198817466308151,-0.004801674257393372,0.5868546490037232,40000,0.06056348704787592,0.10320014870921076
scm1,1.0,1,0.29301860625012277,0.3306144517185031,0.5868546490037232,40000,0.05823538737943551,0.09923306815120084
scm1,1.0,2,0.3378938492504605,0.3306144517185031,0.5868546490037232,40000,0.05823538737943551,0.09923306815120084
scm1,1.0,3,0.34543709555424074,0.3306144517185031,0.5868546490037232,40000,0.05823538737943551,0.09923306815120084
scm1,1.0,4,0.3512539936295583,0.3306144517185031,0.5868546490037232,40000,0.05823538737943551,0.09923306815120084
scm1,1.0,5,0.3254687139081332,0.3306144517185031,0.5868546490037232,40000,0.05823538737943551,0.09923306815120084
scm1,2.0,1,0.5232842587646052,0.548028903054997,0.5868546490037232,40000,0.046207398776376696,0.07873738216919798
scm1,2.0,2,0.5540522032963101,0.548028903054997,0.5868546490037232,40000,0.046207398776376696,0.07873738216919798
scm1,2.0,3,0.5694916575409819,0.548028903054997,0.5868546490037232,40000,0.046207398776376696,0.07873738216919798
scm1,2.0,4,0.5645310983625909,0.548028903054997,0.5868546490037232,40000,0.046207398776376696,0.07873738216919798
scm1,2.0,5,0.5287852973104962,0.548028903054997,0.5868546490037232,40000,0.046207398776376696,0.07873738216919798
scm2,0.0,1,0.061799441935086394,0.022205442167080067,0.7267359450657717,40000,0.06593282628855845,0.09072459775275234
scm2,0.0,2,0.013446141616642072,0.022205442167080067,0.7267359450657717,40000,0.06593282628855845,0.09072459775275234
scm2,0.0,3,-0.002590032623500621,0.022205442167080067,0.7267359450657717,40000,0.06593282628855845,0.09072459775275234
scm2,0.0,4,-0.004133384353472055,0.022205442167080067,0.7267359450657717,40000,0.06593282628855845,0.09072459775275234
scm2,0.0,5,0.042505044260644546,0.022205442167080067,0.7267359450657717,40000,0.06593282628855845,0.09072459775275234
scm2,1.0,1,-0.2557350236504178,-0.2862541411885734,0.7267359450657717,40000,0.08069511967428117,0.11103774379424432
scm2,1.0,2,-0.32520559669779975,-0.2862541411885734,0.7267359450657717,40000,0.08069511967428117,0.11103774379424432
scm2,1.0,3,-0.3044809981076655,-0.2862541411885734,0.7267359450657717,40000,0.08069511967428117,0.11103774379424432
scm2,1.0,4,-0.3013386104634652,-0.2862541411885734,0.7267359450657717,40000,0.08069511967428117,0.11103774379424432
scm2,1.0,5,-0.24451047702351858,-0.2862541411885734,0.7267359450657717,40000,0.08069511967428117,0.11103774379424432
scm2,2.0,1,-0.42311318331423525,-0.46718750548752536,0.7267359450657717,40000,0.07579650279609468,0.10429717053452596
scm2,2.0,2,-0.4873024014165651,-0.46718750548752536,0.7267359450657717,40000,0.07579650279609468,0.10429717053452596
scm2,2.0,3,-0.49890968611032993,-0.46718750548752536,0.7267359450657717,40000,0.07579650279609468,0.10429717053452596
scm2,2.0,4,-0.4939148643576025,-0.46718750548752536,0.7267359450657717,40000,0.07579650279609468,0.10429717053452596
scm2,2.0,5,-0.43269739223889403,-0.46718750548752536,0.7267359450657717,40000,0.07579650279609468,0.10429717053452596
scm3,0.0,1,0.045796669239587064,-0.015028309265347942,0.4639055736740573,40000,0.15822350159200996,0.3410683349607235
scm3,0.0,2,-0.007943138693293574,-0.015028309265347942,0.4639055736740573,40000,0.15822350159200996,0.3410683349607235
scm3,0.0,3,-0.005095583902416442,-0.015028309265347942,0.4639055736740573,40000,0.15822350159200996,0.3410683349607235
scm3,0.0,4,0.0045273393818061015,-0.015028309265347942,0.4639055736740573,40000,0.15822350159200996,0.3410683349607235
scm3,0.0,5,-0.11242683235242289,-0.015028309265347942,0.4639055736740573,40000,0.15822350159200996,0.3410683349607235
scm3,1.0,1,0.3647685140277848,0.4287244520167785,0.4639055736740573,40000,0.10131783846723569,0.21840185636230827
scm3,1.0,2,0.44621474001784045,0.4287244520167785,0.4639055736740573,40000,0.10131783846723569,0.21840185636230827
scm3,1.0,3,0.4660863524950205,0.4287244520167785,0.4639055736740573,40000,0.10131783846723569,0.21840185636230827
scm3,1.0,4,0.46401184377969357,0.4287244520167785,0.4639055736740573,40000,0.10131783846723569,0.21840185636230827
scm3,1.0,5,0.40254080976355333,0.4287244520167785,0.4639055736740573,40000,0.10131783846723569,0.21840185636230827
scm3,2.0,1,0.5653956507553846,0.6820144618020079,0.4639055736740573,40000,0.1685070118886246,0.3632355838152067
scm3,2.0,2,0.6887321591152185,0.6820144618020079,0.4639055736740573,40000,0.1685070118886246,0.3632355838152067
scm3,2.0,3,0.7213109610857453,0.6820144618020079,0.4639055736740573,40000,0.1685070118886246,0.3632355838152067
scm3,2.0,4,0.7339026626440092,0.6820144618020079,0.4639055736740573,40000,0.1685070118886246,0.3632355838152067
scm3,2.0,5,0.7007308754096816,0.6820144618020079,0.4639055736740573,40000,0.1685070118886246,0.3632355838152067
