protocol,stage,study,cell,rep,estimator,ratio,metric,value,status,seed_key
DataFusionPPI-v3-agile-gate-2026-09-10,g0,ATE1,conf0_correct,0,joint,N/A,covered,1.0,ok,ATE1/conf0_correct/0
DataFusionPPI-v3-agile-gate-2026-09-10,g0,ATE1,conf0_correct,0,joint,N/A,estimate,0.46051576265445104,ok,ATE1/conf0_correct/0
DataFusionPPI-v3-agile-gate-2026-09-10,g0,ATE1,conf0_correct,0,joint,N/A,lambda,1.0,ok,ATE1/conf0_correct/0
DataFusionPPI-v3-agile-gate-2026-09-10,g0,ATE1,conf0_correct,0,joint,N/A,omega,0.8594228292476583,ok,ATE1/conf0_correct/0
DataFusionPPI-v3-agile-gate-2026-09-10,g0,ATE1,conf0_correct,0,joint,N/A,squared_error,0.12771334598073195,ok,ATE1/conf0_correct/0
DataFusionPPI-v3-agile-gate-2026-09-10,g0,ATE1,conf0_correct,0,joint,N/A,variance_hat,0.18740534671434395,ok,ATE1/conf0_correct/0
DataFusionPPI-v3-agile-gate-2026-09-10,g0,ATE1,conf0_correct,0,lambda_only,N/A,covered,1.0,ok,ATE1/conf0_correct/0
DataFusionPPI-v3-agile-gate-2026-09-10,g0,ATE1,conf0_correct,0,lambda_only,N/A,estimate,0.5908078726491595,ok,ATE1/conf0_correct/0
DataFusionPPI-v3-agile-gate-2026-09-10,g0,ATE1,conf0_correct,0,lambda_only,N/A,lambda,1.0,ok,ATE1/conf0_correct/0
DataFusionPPI-v3-agile-gate-2026-09-10,g0,ATE1,conf0_correct,0,lambda_only,N/A,omega,0.0,ok,ATE1/conf0_correct/0
DataFusionPPI-v3-agile-gate-2026-09-10,g0,ATE1,conf0_correct,0,lambda_only,N/A,squared_error,0.051564386607559215,ok,ATE1/conf0_correct/0
DataFusionPPI-v3-agile-gate-2026-09-10,g0,ATE1,conf0_correct,0,lambda_only,N/A,variance_hat,0.18171430892256168,ok,ATE1/conf0_correct/0
DataFusionPPI-v3-agile-gate-2026-09-10,g0,ATE1,conf0_correct,0,omega_only,N/A,covered,1.0,ok,ATE1/conf0_correct/0
DataFusionPPI-v3-agile-gate-2026-09-10,g0,ATE1,conf0_correct,0,omega_only,N/A,estimate,0.31749721352751337,ok,ATE1/conf0_correct/0
DataFusionPPI-v3-agile-gate-2026-09-10,g0,ATE1,conf0_correct,0,omega_only,N/A,lambda,0.0,ok,ATE1/conf0_correct/0
DataFusionPPI-v3-agile-gate-2026-09-10,g0,ATE1,conf0_correct,0,omega_only,N/A,omega,0.8594228292476583,ok,ATE1/conf0_correct/0
DataFusionPPI-v3-agile-gate-2026-09-10,g0,ATE1,conf0_correct,0,omega_only,N/A,squared_error,0.25038874081612666,ok,ATE1/conf0_correct/0
DataFusionPPI-v3-agile-gate-2026-09-10,g0,ATE1,conf0_correct,0,omega_only,N/A,variance_hat,0.31211353703714745,ok,ATE1/conf0_correct/0
DataFusionPPI-v3-agile-gate-2026-09-10,g0,ATE1,conf0_correct,0,oracle_coefficient_joint,N/A,covered,1.0,ok,ATE1/conf0_correct/0
DataFusionPPI-v3-agile-gate-2026-09-10,g0,ATE1,conf0_correct,0,oracle_coefficient_joint,N/A,estimate,0.4377924200117056,ok,ATE1/conf0_correct/0
DataFusionPPI-v3-agile-gate-2026-09-10,g0,ATE1,conf0_correct,0,oracle_coefficient_joint,N/A,lambda,0.9901323763793178,ok,ATE1/conf0_correct/0
DataFusionPPI-v3-agile-gate-2026-09-10,g0,ATE1,conf0_correct,0,oracle_coefficient_joint,N/A,omega,1.0,ok,ATE1/conf0_correct/0
DataFusionPPI-v3-agile-gate-2026-09-10,g0,ATE1,conf0_correct,0,oracle_coefficient_joint,N/A,squared_error,0.14447098005116335,ok,ATE1/conf0_correct/0
DataFusionPPI-v3-agile-gate-2026-09-10,g0,ATE1,conf0_correct,0,oracle_coefficient_joint,N/A,variance_hat,0.18948358662740722,ok,ATE1/conf0_correct/0
DataFusionPPI-v3-agile-gate-2026-09-10,g0,ATE1,conf0_correct,0,rct_only,N/A,covered,1.0,ok,ATE1/conf0_correct/0
DataFusionPPI-v3-agile-gate-2026-09-10,g0,ATE1,conf0_correct,0,rct_only,N/A,estimate,0.44778932352222184,ok,ATE1/conf0_correct/0
DataFusionPPI-v3-agile-gate-2026-09-10,g0,ATE1,conf0_correct,0,rct_only,N/A,lambda,0.0,ok,ATE1/conf0_correct/0
DataFusionPPI-v3-agile-gate-2026-09-10,g0,ATE1,conf0_correct,0,rct_only,N/A,omega,0.0,ok,ATE1/conf0_correct/0
DataFusionPPI-v3-agile-gate-2026-09-10,g0,ATE1,conf0_correct,0,rct_only,N/A,squared_error,0.13697140437469274,ok,ATE1/conf0_correct/0
DataFusionPPI-v3-agile-gate-2026-09-10,g0,ATE1,conf0_correct,0,rct_only,N/A,variance_hat,0.3194316119742759,ok,ATE1/conf0_correct/0
DataFusionPPI-v3-agile-gate-2026-09-10,g0,ATE1,conf2_linear,0,joint,N/A,covered,1.0,ok,ATE1/conf2_linear/0
DataFusionPPI-v3-agile-gate-2026-09-10,g0,ATE1,conf2_linear,0,joint,N/A,estimate,0.3363534190035222,ok,ATE1/conf2_linear/0
DataFusionPPI-v3-agile-gate-2026-09-10,g0,ATE1,conf2_linear,0,joint,N/A,lambda,1.0,ok,ATE1/conf2_linear/0
DataFusionPPI-v3-agile-gate-2026-09-10,g0,ATE1,conf2_linear,0,joint,N/A,omega,0.7440214447187488,ok,ATE1/conf2_linear/0
DataFusionPPI-v3-agile-gate-2026-09-10,g0,ATE1,conf2_linear,0,joint,N/A,squared_error,0.23187343716631081,ok,ATE1/conf2_linear/0
DataFusionPPI-v3-agile-gate-2026-09-10,g0,ATE1,conf2_linear,0,joint,N/A,variance_hat,0.14903018221259098,ok,ATE1/conf2_linear/0
DataFusionPPI-v3-agile-gate-2026-09-10,g0,ATE1,conf2_linear,0,lambda_only,N/A,covered,1.0,ok,ATE1/conf2_linear/0
DataFusionPPI-v3-agile-gate-2026-09-10,g0,ATE1,conf2_linear,0,lambda_only,N/A,estimate,0.3603715933699427,ok,ATE1/conf2_linear/0
DataFusionPPI-v3-agile-gate-2026-09-10,g0,ATE1,conf2_linear,0,lambda_only,N/A,lambda,1.0,ok,ATE1/conf2_linear/0
DataFusionPPI-v3-agile-gate-2026-09-10,g0,ATE1,conf2_linear,0,lambda_only,N/A,omega,0.0,ok,ATE1/conf2_linear/0
DataFusionPPI-v3-agile-gate-2026-09-10,g0,ATE1,conf2_linear,0,lambda_only,N/A,squared_error,0.2093192523259865,ok,ATE1/conf2_linear/0
DataFusionPPI-v3-agile-gate-2026-09-10,g0,ATE1,conf2_linear,0,lambda_only,N/A,variance_hat,0.1835500223469079,ok,ATE1/conf2_linear/0
DataFusionPPI-v3-agile-gate-2026-09-10,g0,ATE1,conf2_linear,0,omega_only,N/A,covered,1.0,ok,ATE1/conf2_linear/0
DataFusionPPI-v3-agile-gate-2026-09-10,g0,ATE1,conf2_linear,0,omega_only,N/A,estimate,0.2812194869127773,ok,ATE1/conf2_linear/0
DataFusionPPI-v3-agile-gate-2026-09-10,g0,ATE1,conf2_linear,0,omega_only,N/A,lambda,0.0,ok,ATE1/conf2_linear/0
DataFusionPPI-v3-agile-gate-2026-09-10,g0,ATE1,conf2_linear,0,omega_only,N/A,omega,0.7440214447187488,ok,ATE1/conf2_linear/0
DataFusionPPI-v3-agile-gate-2026-09-10,g0,ATE1,conf2_linear,0,omega_only,N/A,squared_error,0.2880107351892774,ok,ATE1/conf2_linear/0
DataFusionPPI-v3-agile-gate-2026-09-10,g0,ATE1,conf2_linear,0,omega_only,N/A,variance_hat,0.2254250044332859,ok,ATE1/conf2_linear/0
DataFusionPPI-v3-agile-gate-2026-09-10,g0,ATE1,conf2_linear,0,oracle_coefficient_joint,N/A,covered,1.0,ok,ATE1/conf2_linear/0
DataFusionPPI-v3-agile-gate-2026-09-10,g0,ATE1,conf2_linear,0,oracle_coefficient_joint,N/A,estimate,0.3270342483311193,ok,ATE1/conf2_linear/0
DataFusionPPI-v3-agile-gate-2026-09-10,g0,ATE1,conf2_linear,0,oracle_coefficient_joint,N/A,lambda,0.9575055818889144,ok,ATE1/conf2_linear/0
DataFusionPPI-v3-agile-gate-2026-09-10,g0,ATE1,conf2_linear,0,oracle_coefficient_joint,N/A,omega,0.9601289031780956,ok,ATE1/conf2_linear/0
DataFusionPPI-v3-agile-gate-2026-09-10,g0,ATE1,conf2_linear,0,oracle_coefficient_joint,N/A,squared_error,0.24093524905620345,ok,ATE1/conf2_linear/0
DataFusionPPI-v3-agile-gate-2026-09-10,g0,ATE1,conf2_linear,0,oracle_coefficient_joint,N/A,variance_hat,0.1416377332062088,ok,ATE1/conf2_linear/0
DataFusionPPI-v3-agile-gate-2026-09-10,g0,ATE1,conf2_linear,0,rct_only,N/A,covered,1.0,ok,ATE1/conf2_linear/0
DataFusionPPI-v3-agile-gate-2026-09-10,g0,ATE1,conf2_linear,0,rct_only,N/A,estimate,0.30523766127919777,ok,ATE1/conf2_linear/0
DataFusionPPI-v3-agile-gate-2026-09-10,g0,ATE1,conf2_linear,0,rct_only,N/A,lambda,0.0,ok,ATE1/conf2_linear/0
DataFusionPPI-v3-agile-gate-2026-09-10,g0,ATE1,conf2_linear,0,rct_only,N/A,omega,0.0,ok,ATE1/conf2_linear/0
DataFusionPPI-v3-agile-gate-2026-09-10,g0,ATE1,conf2_linear,0,rct_only,N/A,squared_error,0.26280811756002936,ok,ATE1/conf2_linear/0
DataFusionPPI-v3-agile-gate-2026-09-10,g0,ATE1,conf2_linear,0,rct_only,N/A,variance_hat,0.2538743798450491,ok,ATE1/conf2_linear/0
DataFusionPPI-v3-agile-gate-2026-09-10,g0,ATE1,reference,0,joint,N/A,covered,1.0,ok,ATE1/reference/0
DataFusionPPI-v3-agile-gate-2026-09-10,g0,ATE1,reference,0,joint,N/A,estimate,1.5005362420914208,ok,ATE1/reference/0
DataFusionPPI-v3-agile-gate-2026-09-10,g0,ATE1,reference,0,joint,N/A,lambda,0.8564350272205342,ok,ATE1/reference/0
DataFusionPPI-v3-agile-gate-2026-09-10,g0,ATE1,reference,0,joint,N/A,omega,1.0,ok,ATE1/reference/0
DataFusionPPI-v3-agile-gate-2026-09-10,g0,ATE1,reference,0,joint,N/A,squared_error,0.46601162152532766,ok,ATE1/reference/0
DataFusionPPI-v3-agile-gate-2026-09-10,g0,ATE1,reference,0,joint,N/A,variance_hat,0.1885652807334021,ok,ATE1/reference/0
DataFusionPPI-v3-agile-gate-2026-09-10,g0,ATE1,reference,0,lambda_only,N/A,covered,1.0,ok,ATE1/reference/0
DataFusionPPI-v3-agile-gate-2026-09-10,g0,ATE1,reference,0,lambda_only,N/A,estimate,1.6522475338552511,ok,ATE1/reference/0
DataFusionPPI-v3-agile-gate-2026-09-10,g0,ATE1,reference,0,lambda_only,N/A,lambda,0.8564350272205342,ok,ATE1/reference/0
DataFusionPPI-v3-agile-gate-2026-09-10,g0,ATE1,reference,0,lambda_only,N/A,omega,0.0,ok,ATE1/reference/0
DataFusionPPI-v3-agile-gate-2026-09-10,g0,ATE1,reference,0,lambda_only,N/A,squared_error,0.6961594973457406,ok,ATE1/reference/0
DataFusionPPI-v3-agile-gate-2026-09-10,g0,ATE1,reference,0,lambda_only,N/A,variance_hat,0.2444883714732522,ok,ATE1/reference/0
DataFusionPPI-v3-agile-gate-2026-09-10,g0,ATE1,reference,0,omega_only,N/A,covered,1.0,ok,ATE1/reference/0
DataFusionPPI-v3-agile-gate-2026-09-10,g0,ATE1,reference,0,omega_only,N/A,estimate,1.7010164793923308,ok,ATE1/reference/0
DataFusionPPI-v3-agile-gate-2026-09-10,g0,ATE1,reference,0,omega_only,N/A,lambda,0.0,ok,ATE1/reference/0
DataFusionPPI-v3-agile-gate-2026-09-10,g0,ATE1,reference,0,omega_only,N/A,omega,1.0,ok,ATE1/reference/0
DataFusionPPI-v3-agile-gate-2026-09-10,g0,ATE1,reference,0,omega_only,N/A,squared_error,0.7799197909818272,ok,ATE1/reference/0
DataFusionPPI-v3-agile-gate-2026-09-10,g0,ATE1,reference,0,omega_only,N/A,variance_hat,0.3560012967342583,ok,ATE1/reference/0
DataFusionPPI-v3-agile-gate-2026-09-10,g0,ATE1,reference,0,oracle_coefficient_joint,N/A,covered,1.0,ok,ATE1/reference/0
DataFusionPPI-v3-agile-gate-2026-09-10,g0,ATE1,reference,0,oracle_coefficient_joint,N/A,estimate,1.4849319671742942,ok,ATE1/reference/0
DataFusionPPI-v3-agile-gate-2026-09-10,g0,ATE1,reference,0,oracle_coefficient_joint,N/A,lambda,0.9825211557795839,ok,ATE1/reference/0
DataFusionPPI-v3-agile-gate-2026-09-10,g0,ATE1,reference,0,oracle_coefficient_joint,N/A,omega,0.9083071645414079,ok,ATE1/reference/0
DataFusionPPI-v3-agile-gate-2026-09-10,g0,ATE1,reference,0,oracle_coefficient_joint,N/A,squared_error,0.4449505846839183,ok,ATE1/reference/0
DataFusionPPI-v3-agile-gate-2026-09-10,g0,ATE1,reference,0,oracle_coefficient_joint,N/A,variance_hat,0.17979919361778765,ok,ATE1/reference/0
DataFusionPPI-v3-agile-gate-2026-09-10,g0,ATE1,reference,0,rct_only,N/A,covered,1.0,ok,ATE1/reference/0
DataFusionPPI-v3-agile-gate-2026-09-10,g0,ATE1,reference,0,rct_only,N/A,estimate,1.8527277711561612,ok,ATE1/reference/0
DataFusionPPI-v3-agile-gate-2026-09-10,g0,ATE1,reference,0,rct_only,N/A,lambda,0.0,ok,ATE1/reference/0
DataFusionPPI-v3-agile-gate-2026-09-10,g0,ATE1,reference,0,rct_only,N/A,omega,0.0,ok,ATE1/reference/0
DataFusionPPI-v3-agile-gate-2026-09-10,g0,ATE1,reference,0,rct_only,N/A,squared_error,1.0708978983503203,ok,ATE1/reference/0
DataFusionPPI-v3-agile-gate-2026-09-10,g0,ATE1,reference,0,rct_only,N/A,variance_hat,0.43887008101706326,ok,ATE1/reference/0
DataFusionPPI-v3-agile-gate-2026-09-10,g0,ATE1,star_reference,0,joint,N/A,covered,1.0,ok,ATE1/star_reference/0
DataFusionPPI-v3-agile-gate-2026-09-10,g0,ATE1,star_reference,0,joint,N/A,estimate,1.311983390013316,ok,ATE1/star_reference/0
DataFusionPPI-v3-agile-gate-2026-09-10,g0,ATE1,star_reference,0,joint,N/A,lambda,1.0,ok,ATE1/star_reference/0
DataFusionPPI-v3-agile-gate-2026-09-10,g0,ATE1,star_reference,0,joint,N/A,omega,0.6800683591647053,ok,ATE1/star_reference/0
DataFusionPPI-v3-agile-gate-2026-09-10,g0,ATE1,star_reference,0,joint,N/A,squared_error,0.09733363564420665,ok,ATE1/star_reference/0
DataFusionPPI-v3-agile-gate-2026-09-10,g0,ATE1,star_reference,0,joint,N/A,variance_hat,0.31718901539911654,ok,ATE1/star_reference/0
DataFusionPPI-v3-agile-gate-2026-09-10,g0,ATE1,star_reference,0,lambda_only,N/A,covered,1.0,ok,ATE1/star_reference/0
DataFusionPPI-v3-agile-gate-2026-09-10,g0,ATE1,star_reference,0,lambda_only,N/A,estimate,1.3087211251896358,ok,ATE1/star_reference/0
DataFusionPPI-v3-agile-gate-2026-09-10,g0,ATE1,star_reference,0,lambda_only,N/A,lambda,1.0,ok,ATE1/star_reference/0
DataFusionPPI-v3-agile-gate-2026-09-10,g0,ATE1,star_reference,0,lambda_only,N/A,omega,0.0,ok,ATE1/star_reference/0
DataFusionPPI-v3-agile-gate-2026-09-10,g0,ATE1,star_reference,0,lambda_only,N/A,squared_error,0.09530873313836054,ok,ATE1/star_reference/0
DataFusionPPI-v3-agile-gate-2026-09-10,g0,ATE1,star_reference,0,lambda_only,N/A,variance_hat,0.3240893465498866,ok,ATE1/star_reference/0
DataFusionPPI-v3-agile-gate-2026-09-10,g0,ATE1,star_reference,0,omega_only,N/A,covered,1.0,ok,ATE1/star_reference/0
DataFusionPPI-v3-agile-gate-2026-09-10,g0,ATE1,star_reference,0,omega_only,N/A,estimate,1.3677115729844607,ok,ATE1/star_reference/0
DataFusionPPI-v3-agile-gate-2026-09-10,g0,ATE1,star_reference,0,omega_only,N/A,lambda,0.0,ok,ATE1/star_reference/0
DataFusionPPI-v3-agile-gate-2026-09-10,g0,ATE1,star_reference,0,omega_only,N/A,omega,0.6800683591647053,ok,ATE1/star_reference/0
DataFusionPPI-v3-agile-gate-2026-09-10,g0,ATE1,star_reference,0,omega_only,N/A,squared_error,0.1352118009067132,ok,ATE1/star_reference/0
DataFusionPPI-v3-agile-gate-2026-09-10,g0,ATE1,star_reference,0,omega_only,N/A,variance_hat,0.3702335760112794,ok,ATE1/star_reference/0
DataFusionPPI-v3-agile-gate-2026-09-10,g0,ATE1,star_reference,0,oracle_coefficient_joint,N/A,covered,1.0,ok,ATE1/star_reference/0
DataFusionPPI-v3-agile-gate-2026-09-10,g0,ATE1,star_reference,0,oracle_coefficient_joint,N/A,estimate,1.3087211251896358,ok,ATE1/star_reference/0
DataFusionPPI-v3-agile-gate-2026-09-10,g0,ATE1,star_reference,0,oracle_coefficient_joint,N/A,lambda,1.0,ok,ATE1/star_reference/0
DataFusionPPI-v3-agile-gate-2026-09-10,g0,ATE1,star_reference,0,oracle_coefficient_joint,N/A,omega,0.0,ok,ATE1/star_reference/0
DataFusionPPI-v3-agile-gate-2026-09-10,g0,ATE1,star_reference,0,oracle_coefficient_joint,N/A,squared_error,0.09530873313836054,ok,ATE1/star_reference/0
DataFusionPPI-v3-agile-gate-2026-09-10,g0,ATE1,star_reference,0,oracle_coefficient_joint,N/A,variance_hat,0.3240893465498866,ok,ATE1/star_reference/0
DataFusionPPI-v3-agile-gate-2026-09-10,g0,ATE1,star_reference,0,rct_only,N/A,covered,1.0,ok,ATE1/star_reference/0
DataFusionPPI-v3-agile-gate-2026-09-10,g0,ATE1,star_reference,0,rct_only,N/A,estimate,1.3644493081607805,ok,ATE1/star_reference/0
DataFusionPPI-v3-agile-gate-2026-09-10,g0,ATE1,star_reference,0,rct_only,N/A,lambda,0.0,ok,ATE1/star_reference/0
DataFusionPPI-v3-agile-gate-2026-09-10,g0,ATE1,star_reference,0,rct_only,N/A,omega,0.0,ok,ATE1/star_reference/0
DataFusionPPI-v3-agile-gate-2026-09-10,g0,ATE1,star_reference,0,rct_only,N/A,squared_error,0.13282329821887834,ok,ATE1/star_reference/0
DataFusionPPI-v3-agile-gate-2026-09-10,g0,ATE1,star_reference,0,rct_only,N/A,variance_hat,0.3785999722626064,ok,ATE1/star_reference/0
DataFusionPPI-v3-agile-gate-2026-09-10,g0,ATE2,mild,0,joint,BAL-X,balance_residual,6.979522515493386e-11,ok,ATE2/mild/0
DataFusionPPI-v3-agile-gate-2026-09-10,g0,ATE2,mild,0,joint,BAL-X,ess_fraction,0.4912578465286039,ok,ATE2/mild/0
DataFusionPPI-v3-agile-gate-2026-09-10,g0,ATE2,mild,0,joint,BAL-X,estimate,0.7250076572167311,ok,ATE2/mild/0
DataFusionPPI-v3-agile-gate-2026-09-10,g0,ATE2,mild,0,joint,BAL-X,lambda,0.9729595718200879,ok,ATE2/mild/0
DataFusionPPI-v3-agile-gate-2026-09-10,g0,ATE2,mild,0,joint,BAL-X,normalization_error,2.220446049250313e-16,ok,ATE2/mild/0
DataFusionPPI-v3-agile-gate-2026-09-10,g0,ATE2,mild,0,joint,BAL-X,omega,0.33206256476486196,ok,ATE2/mild/0
DataFusionPPI-v3-agile-gate-2026-09-10,g0,ATE2,mild,0,joint,BAL-X,squared_error,0.054622419851994765,ok,ATE2/mild/0
DataFusionPPI-v3-agile-gate-2026-09-10,g0,ATE2,mild,0,joint,BAL-X,variance_hat,0.1193161926074996,ok,ATE2/mild/0
DataFusionPPI-v3-agile-gate-2026-09-10,g0,ATE2,mild,0,joint,BAL-X+g,balance_residual,2.672090881894462e-09,ok,ATE2/mild/0
DataFusionPPI-v3-agile-gate-2026-09-10,g0,ATE2,mild,0,joint,BAL-X+g,ess_fraction,0.4935312282299752,ok,ATE2/mild/0
DataFusionPPI-v3-agile-gate-2026-09-10,g0,ATE2,mild,0,joint,BAL-X+g,estimate,0.7186044261024579,ok,ATE2/mild/0
DataFusionPPI-v3-agile-gate-2026-09-10,g0,ATE2,mild,0,joint,BAL-X+g,lambda,0.9729595718200879,ok,ATE2/mild/0
DataFusionPPI-v3-agile-gate-2026-09-10,g0,ATE2,mild,0,joint,BAL-X+g,normalization_error,2.220446049250313e-16,ok,ATE2/mild/0
DataFusionPPI-v3-agile-gate-2026-09-10,g0,ATE2,mild,0,joint,BAL-X+g,omega,0.3341826262483107,ok,ATE2/mild/0
DataFusionPPI-v3-agile-gate-2026-09-10,g0,ATE2,mild,0,joint,BAL-X+g,squared_error,0.05167036660990905,ok,ATE2/mild/0
DataFusionPPI-v3-agile-gate-2026-09-10,g0,ATE2,mild,0,joint,BAL-X+g,variance_hat,0.11926767902815046,ok,ATE2/mild/0
DataFusionPPI-v3-agile-gate-2026-09-10,g0,ATE2,mild,0,joint,classifier,balance_residual,N/A,not_applicable,ATE2/mild/0
DataFusionPPI-v3-agile-gate-2026-09-10,g0,ATE2,mild,0,joint,classifier,ess_fraction,0.5113009356687013,ok,ATE2/mild/0
DataFusionPPI-v3-agile-gate-2026-09-10,g0,ATE2,mild,0,joint,classifier,estimate,0.7264070216597617,ok,ATE2/mild/0
DataFusionPPI-v3-agile-gate-2026-09-10,g0,ATE2,mild,0,joint,classifier,lambda,0.9729595718200879,ok,ATE2/mild/0
DataFusionPPI-v3-agile-gate-2026-09-10,g0,ATE2,mild,0,joint,classifier,normalization_error,-0.007570276105820839,ok,ATE2/mild/0
DataFusionPPI-v3-agile-gate-2026-09-10,g0,ATE2,mild,0,joint,classifier,omega,0.33353102267214674,ok,ATE2/mild/0
DataFusionPPI-v3-agile-gate-2026-09-10,g0,ATE2,mild,0,joint,classifier,squared_error,0.05527848130972689,ok,ATE2/mild/0
DataFusionPPI-v3-agile-gate-2026-09-10,g0,ATE2,mild,0,joint,classifier,variance_hat,0.11928057484950245,ok,ATE2/mild/0
DataFusionPPI-v3-agile-gate-2026-09-10,g0,ATE2,mild,0,joint,oracle,balance_residual,N/A,not_applicable,ATE2/mild/0
DataFusionPPI-v3-agile-gate-2026-09-10,g0,ATE2,mild,0,joint,oracle,ess_fraction,0.5027933163658287,ok,ATE2/mild/0
DataFusionPPI-v3-agile-gate-2026-09-10,g0,ATE2,mild,0,joint,oracle,estimate,0.7292223699098154,ok,ATE2/mild/0
DataFusionPPI-v3-agile-gate-2026-09-10,g0,ATE2,mild,0,joint,oracle,lambda,0.9729595718200879,ok,ATE2/mild/0
DataFusionPPI-v3-agile-gate-2026-09-10,g0,ATE2,mild,0,joint,oracle,normalization_error,-0.00905254200772776,ok,ATE2/mild/0
DataFusionPPI-v3-agile-gate-2026-09-10,g0,ATE2,mild,0,joint,oracle,omega,0.33421970498848924,ok,ATE2/mild/0
DataFusionPPI-v3-agile-gate-2026-09-10,g0,ATE2,mild,0,joint,oracle,squared_error,0.056610261735045825,ok,ATE2/mild/0
DataFusionPPI-v3-agile-gate-2026-09-10,g0,ATE2,mild,0,joint,oracle,variance_hat,0.11927076420227696,ok,ATE2/mild/0
DataFusionPPI-v3-agile-gate-2026-09-10,g0,ATE2,mild,0,joint,unweighted,balance_residual,N/A,not_applicable,ATE2/mild/0
DataFusionPPI-v3-agile-gate-2026-09-10,g0,ATE2,mild,0,joint,unweighted,ess_fraction,1.0,ok,ATE2/mild/0
DataFusionPPI-v3-agile-gate-2026-09-10,g0,ATE2,mild,0,joint,unweighted,estimate,0.8422532481784903,ok,ATE2/mild/0
DataFusionPPI-v3-agile-gate-2026-09-10,g0,ATE2,mild,0,joint,unweighted,lambda,0.9729595718200879,ok,ATE2/mild/0
DataFusionPPI-v3-agile-gate-2026-09-10,g0,ATE2,mild,0,joint,unweighted,normalization_error,0.0,ok,ATE2/mild/0
DataFusionPPI-v3-agile-gate-2026-09-10,g0,ATE2,mild,0,joint,unweighted,omega,0.3402215051953064,ok,ATE2/mild/0
DataFusionPPI-v3-agile-gate-2026-09-10,g0,ATE2,mild,0,joint,unweighted,squared_error,0.1231729138813091,ok,ATE2/mild/0
DataFusionPPI-v3-agile-gate-2026-09-10,g0,ATE2,mild,0,joint,unweighted,variance_hat,0.11912298639656842,ok,ATE2/mild/0
DataFusionPPI-v3-agile-gate-2026-09-10,g0,ATE2,mild,0,lambda_only,N/A,estimate,0.7180772321315059,ok,ATE2/mild/0
DataFusionPPI-v3-agile-gate-2026-09-10,g0,ATE2,mild,0,lambda_only,N/A,lambda,0.9729595718200879,ok,ATE2/mild/0
DataFusionPPI-v3-agile-gate-2026-09-10,g0,ATE2,mild,0,lambda_only,N/A,omega,0.0,ok,ATE2/mild/0
DataFusionPPI-v3-agile-gate-2026-09-10,g0,ATE2,mild,0,lambda_only,N/A,squared_error,0.05143097038992364,ok,ATE2/mild/0
DataFusionPPI-v3-agile-gate-2026-09-10,g0,ATE2,mild,0,lambda_only,N/A,variance_hat,0.12823047718512906,ok,ATE2/mild/0
DataFusionPPI-v3-agile-gate-2026-09-10,g0,ATE2,mild,0,omega_only,BAL-X,balance_residual,6.979522515493386e-11,ok,ATE2/mild/0
DataFusionPPI-v3-agile-gate-2026-09-10,g0,ATE2,mild,0,omega_only,BAL-X,ess_fraction,0.4912578465286039,ok,ATE2/mild/0
DataFusionPPI-v3-agile-gate-2026-09-10,g0,ATE2,mild,0,omega_only,BAL-X,estimate,0.9372031054010922,ok,ATE2/mild/0
DataFusionPPI-v3-agile-gate-2026-09-10,g0,ATE2,mild,0,omega_only,BAL-X,lambda,0.0,ok,ATE2/mild/0
DataFusionPPI-v3-agile-gate-2026-09-10,g0,ATE2,mild,0,omega_only,BAL-X,normalization_error,2.220446049250313e-16,ok,ATE2/mild/0
DataFusionPPI-v3-agile-gate-2026-09-10,g0,ATE2,mild,0,omega_only,BAL-X,omega,0.33206256476486196,ok,ATE2/mild/0
DataFusionPPI-v3-agile-gate-2026-09-10,g0,ATE2,mild,0,omega_only,BAL-X,squared_error,0.19883559096135056,ok,ATE2/mild/0
DataFusionPPI-v3-agile-gate-2026-09-10,g0,ATE2,mild,0,omega_only,BAL-X,variance_hat,0.1472682892734496,ok,ATE2/mild/0
DataFusionPPI-v3-agile-gate-2026-09-10,g0,ATE2,mild,0,omega_only,BAL-X+g,balance_residual,2.672090881894462e-09,ok,ATE2/mild/0
DataFusionPPI-v3-agile-gate-2026-09-10,g0,ATE2,mild,0,omega_only,BAL-X+g,ess_fraction,0.4935312282299752,ok,ATE2/mild/0
DataFusionPPI-v3-agile-gate-2026-09-10,g0,ATE2,mild,0,omega_only,BAL-X+g,estimate,0.930799874286819,ok,ATE2/mild/0
DataFusionPPI-v3-agile-gate-2026-09-10,g0,ATE2,mild,0,omega_only,BAL-X+g,lambda,0.0,ok,ATE2/mild/0
DataFusionPPI-v3-agile-gate-2026-09-10,g0,ATE2,mild,0,omega_only,BAL-X+g,normalization_error,2.220446049250313e-16,ok,ATE2/mild/0
DataFusionPPI-v3-agile-gate-2026-09-10,g0,ATE2,mild,0,omega_only,BAL-X+g,omega,0.3341826262483107,ok,ATE2/mild/0
DataFusionPPI-v3-agile-gate-2026-09-10,g0,ATE2,mild,0,omega_only,BAL-X+g,squared_error,0.19316606472702233,ok,ATE2/mild/0
DataFusionPPI-v3-agile-gate-2026-09-10,g0,ATE2,mild,0,omega_only,BAL-X+g,variance_hat,0.14721157642309554,ok,ATE2/mild/0
DataFusionPPI-v3-agile-gate-2026-09-10,g0,ATE2,mild,0,omega_only,classifier,balance_residual,N/A,not_applicable,ATE2/mild/0
DataFusionPPI-v3-agile-gate-2026-09-10,g0,ATE2,mild,0,omega_only,classifier,ess_fraction,0.5113009356687013,ok,ATE2/mild/0
DataFusionPPI-v3-agile-gate-2026-09-10,g0,ATE2,mild,0,omega_only,classifier,estimate,0.9386024698441228,ok,ATE2/mild/0
DataFusionPPI-v3-agile-gate-2026-09-10,g0,ATE2,mild,0,omega_only,classifier,lambda,0.0,ok,ATE2/mild/0
DataFusionPPI-v3-agile-gate-2026-09-10,g0,ATE2,mild,0,omega_only,classifier,normalization_error,-0.007570276105820839,ok,ATE2/mild/0
DataFusionPPI-v3-agile-gate-2026-09-10,g0,ATE2,mild,0,omega_only,classifier,omega,0.33353102267214674,ok,ATE2/mild/0
DataFusionPPI-v3-agile-gate-2026-09-10,g0,ATE2,mild,0,omega_only,classifier,squared_error,0.20008552994940693,ok,ATE2/mild/0
DataFusionPPI-v3-agile-gate-2026-09-10,g0,ATE2,mild,0,omega_only,classifier,variance_hat,0.14722699230075273,ok,ATE2/mild/0
DataFusionPPI-v3-agile-gate-2026-09-10,g0,ATE2,mild,0,omega_only,oracle,balance_residual,N/A,not_applicable,ATE2/mild/0
DataFusionPPI-v3-agile-gate-2026-09-10,g0,ATE2,mild,0,omega_only,oracle,ess_fraction,0.5027933163658287,ok,ATE2/mild/0
DataFusionPPI-v3-agile-gate-2026-09-10,g0,ATE2,mild,0,omega_only,oracle,estimate,0.9414178180941765,ok,ATE2/mild/0
DataFusionPPI-v3-agile-gate-2026-09-10,g0,ATE2,mild,0,omega_only,oracle,lambda,0.0,ok,ATE2/mild/0
DataFusionPPI-v3-agile-gate-2026-09-10,g0,ATE2,mild,0,omega_only,oracle,normalization_error,-0.00905254200772776,ok,ATE2/mild/0
DataFusionPPI-v3-agile-gate-2026-09-10,g0,ATE2,mild,0,omega_only,oracle,omega,0.33421970498848924,ok,ATE2/mild/0
DataFusionPPI-v3-agile-gate-2026-09-10,g0,ATE2,mild,0,omega_only,oracle,squared_error,0.20261211854215627,ok,ATE2/mild/0
DataFusionPPI-v3-agile-gate-2026-09-10,g0,ATE2,mild,0,omega_only,oracle,variance_hat,0.1472145181963624,ok,ATE2/mild/0
DataFusionPPI-v3-agile-gate-2026-09-10,g0,ATE2,mild,0,omega_only,unweighted,balance_residual,N/A,not_applicable,ATE2/mild/0
DataFusionPPI-v3-agile-gate-2026-09-10,g0,ATE2,mild,0,omega_only,unweighted,ess_fraction,1.0,ok,ATE2/mild/0
DataFusionPPI-v3-agile-gate-2026-09-10,g0,ATE2,mild,0,omega_only,unweighted,estimate,1.0544486963628514,ok,ATE2/mild/0
DataFusionPPI-v3-agile-gate-2026-09-10,g0,ATE2,mild,0,omega_only,unweighted,lambda,0.0,ok,ATE2/mild/0
DataFusionPPI-v3-agile-gate-2026-09-10,g0,ATE2,mild,0,omega_only,unweighted,normalization_error,0.0,ok,ATE2/mild/0
DataFusionPPI-v3-agile-gate-2026-09-10,g0,ATE2,mild,0,omega_only,unweighted,omega,0.3402215051953064,ok,ATE2/mild/0
DataFusionPPI-v3-agile-gate-2026-09-10,g0,ATE2,mild,0,omega_only,unweighted,squared_error,0.31714404643420646,ok,ATE2/mild/0
DataFusionPPI-v3-agile-gate-2026-09-10,g0,ATE2,mild,0,omega_only,unweighted,variance_hat,0.14704352861741188,ok,ATE2/mild/0
DataFusionPPI-v3-agile-gate-2026-09-10,g0,ATE2,mild,0,oracle_coefficient_joint,oracle,estimate,0.7432882383401419,ok,ATE2/mild/0
DataFusionPPI-v3-agile-gate-2026-09-10,g0,ATE2,mild,0,oracle_coefficient_joint,oracle,lambda,1.0,ok,ATE2/mild/0
DataFusionPPI-v3-agile-gate-2026-09-10,g0,ATE2,mild,0,oracle_coefficient_joint,oracle,normalization_error,-0.00905254200772776,ok,ATE2/mild/0
DataFusionPPI-v3-agile-gate-2026-09-10,g0,ATE2,mild,0,oracle_coefficient_joint,oracle,omega,0.9328746261519679,ok,ATE2/mild/0
DataFusionPPI-v3-agile-gate-2026-09-10,g0,ATE2,mild,0,oracle_coefficient_joint,oracle,squared_error,0.06350146952442526,ok,ATE2/mild/0
DataFusionPPI-v3-agile-gate-2026-09-10,g0,ATE2,mild,0,oracle_coefficient_joint,oracle,variance_hat,0.11040518260982168,ok,ATE2/mild/0
DataFusionPPI-v3-agile-gate-2026-09-10,g0,ATE2,mild,0,rct_only,N/A,estimate,0.930272680315867,ok,ATE2/mild/0
DataFusionPPI-v3-agile-gate-2026-09-10,g0,ATE2,mild,0,rct_only,N/A,lambda,0.0,ok,ATE2/mild/0
DataFusionPPI-v3-agile-gate-2026-09-10,g0,ATE2,mild,0,rct_only,N/A,omega,0.0,ok,ATE2/mild/0
DataFusionPPI-v3-agile-gate-2026-09-10,g0,ATE2,mild,0,rct_only,N/A,squared_error,0.19270293218514442,ok,ATE2/mild/0
DataFusionPPI-v3-agile-gate-2026-09-10,g0,ATE2,mild,0,rct_only,N/A,variance_hat,0.15746681536027257,ok,ATE2/mild/0
DataFusionPPI-v3-agile-gate-2026-09-10,g0,ATE2,strong,0,joint,BAL-X,balance_residual,2.1870885102970306e-09,ok,ATE2/strong/0
DataFusionPPI-v3-agile-gate-2026-09-10,g0,ATE2,strong,0,joint,BAL-X,ess_fraction,0.11763301473958539,ok,ATE2/strong/0
DataFusionPPI-v3-agile-gate-2026-09-10,g0,ATE2,strong,0,joint,BAL-X,estimate,-0.01126322181539488,ok,ATE2/strong/0
DataFusionPPI-v3-agile-gate-2026-09-10,g0,ATE2,strong,0,joint,BAL-X,lambda,1.0,ok,ATE2/strong/0
DataFusionPPI-v3-agile-gate-2026-09-10,g0,ATE2,strong,0,joint,BAL-X,normalization_error,6.661338147750939e-16,ok,ATE2/strong/0
DataFusionPPI-v3-agile-gate-2026-09-10,g0,ATE2,strong,0,joint,BAL-X,omega,0.8720892609575767,ok,ATE2/strong/0
DataFusionPPI-v3-agile-gate-2026-09-10,g0,ATE2,strong,0,joint,BAL-X,squared_error,0.10065297948135372,ok,ATE2/strong/0
DataFusionPPI-v3-agile-gate-2026-09-10,g0,ATE2,strong,0,joint,BAL-X,variance_hat,0.14043676068331312,ok,ATE2/strong/0
DataFusionPPI-v3-agile-gate-2026-09-10,g0,ATE2,strong,0,joint,BAL-X+g,balance_residual,1.8127934708900284e-09,ok,ATE2/strong/0
DataFusionPPI-v3-agile-gate-2026-09-10,g0,ATE2,strong,0,joint,BAL-X+g,ess_fraction,0.11619404220136775,ok,ATE2/strong/0
DataFusionPPI-v3-agile-gate-2026-09-10,g0,ATE2,strong,0,joint,BAL-X+g,estimate,-0.009747322922360802,ok,ATE2/strong/0
DataFusionPPI-v3-agile-gate-2026-09-10,g0,ATE2,strong,0,joint,BAL-X+g,lambda,1.0,ok,ATE2/strong/0
DataFusionPPI-v3-agile-gate-2026-09-10,g0,ATE2,strong,0,joint,BAL-X+g,normalization_error,4.440892098500626e-16,ok,ATE2/strong/0
DataFusionPPI-v3-agile-gate-2026-09-10,g0,ATE2,strong,0,joint,BAL-X+g,omega,0.8710726570166174,ok,ATE2/strong/0
DataFusionPPI-v3-agile-gate-2026-09-10,g0,ATE2,strong,0,joint,BAL-X+g,squared_error,0.09969341369985033,ok,ATE2/strong/0
DataFusionPPI-v3-agile-gate-2026-09-10,g0,ATE2,strong,0,joint,BAL-X+g,variance_hat,0.140478575159605,ok,ATE2/strong/0
DataFusionPPI-v3-agile-gate-2026-09-10,g0,ATE2,strong,0,joint,classifier,balance_residual,N/A,not_applicable,ATE2/strong/0
DataFusionPPI-v3-agile-gate-2026-09-10,g0,ATE2,strong,0,joint,classifier,ess_fraction,0.1360883656423719,ok,ATE2/strong/0
DataFusionPPI-v3-agile-gate-2026-09-10,g0,ATE2,strong,0,joint,classifier,estimate,0.0028498176766611205,ok,ATE2/strong/0
DataFusionPPI-v3-agile-gate-2026-09-10,g0,ATE2,strong,0,joint,classifier,lambda,1.0,ok,ATE2/strong/0
DataFusionPPI-v3-agile-gate-2026-09-10,g0,ATE2,strong,0,joint,classifier,normalization_error,-0.005405558137052124,ok,ATE2/strong/0
DataFusionPPI-v3-agile-gate-2026-09-10,g0,ATE2,strong,0,joint,classifier,omega,0.890344426392205,ok,ATE2/strong/0
DataFusionPPI-v3-agile-gate-2026-09-10,g0,ATE2,strong,0,joint,classifier,squared_error,0.09189719283321728,ok,ATE2/strong/0
DataFusionPPI-v3-agile-gate-2026-09-10,g0,ATE2,strong,0,joint,classifier,variance_hat,0.13982362688619493,ok,ATE2/strong/0
DataFusionPPI-v3-agile-gate-2026-09-10,g0,ATE2,strong,0,joint,oracle,balance_residual,N/A,not_applicable,ATE2/strong/0
DataFusionPPI-v3-agile-gate-2026-09-10,g0,ATE2,strong,0,joint,oracle,ess_fraction,0.2095157536513096,ok,ATE2/strong/0
DataFusionPPI-v3-agile-gate-2026-09-10,g0,ATE2,strong,0,joint,oracle,estimate,0.0606879487412422,ok,ATE2/strong/0
DataFusionPPI-v3-agile-gate-2026-09-10,g0,ATE2,strong,0,joint,oracle,lambda,1.0,ok,ATE2/strong/0
DataFusionPPI-v3-agile-gate-2026-09-10,g0,ATE2,strong,0,joint,oracle,normalization_error,-0.01386698473121184,ok,ATE2/strong/0
DataFusionPPI-v3-agile-gate-2026-09-10,g0,ATE2,strong,0,joint,oracle,omega,0.9205244350055413,ok,ATE2/strong/0
DataFusionPPI-v3-agile-gate-2026-09-10,g0,ATE2,strong,0,joint,oracle,squared_error,0.06017570417208191,ok,ATE2/strong/0
DataFusionPPI-v3-agile-gate-2026-09-10,g0,ATE2,strong,0,joint,oracle,variance_hat,0.1386393091063063,ok,ATE2/strong/0
DataFusionPPI-v3-agile-gate-2026-09-10,g0,ATE2,strong,0,joint,unweighted,balance_residual,N/A,not_applicable,ATE2/strong/0
DataFusionPPI-v3-agile-gate-2026-09-10,g0,ATE2,strong,0,joint,unweighted,ess_fraction,1.0,ok,ATE2/strong/0
DataFusionPPI-v3-agile-gate-2026-09-10,g0,ATE2,strong,0,joint,unweighted,estimate,0.41470484846980915,ok,ATE2/strong/0
DataFusionPPI-v3-agile-gate-2026-09-10,g0,ATE2,strong,0,joint,unweighted,lambda,1.0,ok,ATE2/strong/0
DataFusionPPI-v3-agile-gate-2026-09-10,g0,ATE2,strong,0,joint,unweighted,normalization_error,0.0,ok,ATE2/strong/0
DataFusionPPI-v3-agile-gate-2026-09-10,g0,ATE2,strong,0,joint,unweighted,omega,0.9605163558301885,ok,ATE2/strong/0
DataFusionPPI-v3-agile-gate-2026-09-10,g0,ATE2,strong,0,joint,unweighted,squared_error,0.011817762564733193,ok,ATE2/strong/0
DataFusionPPI-v3-agile-gate-2026-09-10,g0,ATE2,strong,0,joint,unweighted,variance_hat,0.13706644365043383,ok,ATE2/strong/0
DataFusionPPI-v3-agile-gate-2026-09-10,g0,ATE2,strong,0,lambda_only,N/A,estimate,-0.15120673368842105,ok,ATE2/strong/0
DataFusionPPI-v3-agile-gate-2026-09-10,g0,ATE2,strong,0,lambda_only,N/A,lambda,1.0,ok,ATE2/strong/0
DataFusionPPI-v3-agile-gate-2026-09-10,g0,ATE2,strong,0,lambda_only,N/A,omega,0.0,ok,ATE2/strong/0
DataFusionPPI-v3-agile-gate-2026-09-10,g0,ATE2,strong,0,lambda_only,N/A,squared_error,0.2090337137559353,ok,ATE2/strong/0
DataFusionPPI-v3-agile-gate-2026-09-10,g0,ATE2,strong,0,lambda_only,N/A,variance_hat,0.16712577368535128,ok,ATE2/strong/0
DataFusionPPI-v3-agile-gate-2026-09-10,g0,ATE2,strong,0,omega_only,BAL-X,balance_residual,2.1870885102970306e-09,ok,ATE2/strong/0
DataFusionPPI-v3-agile-gate-2026-09-10,g0,ATE2,strong,0,omega_only,BAL-X,ess_fraction,0.11763301473958539,ok,ATE2/strong/0
DataFusionPPI-v3-agile-gate-2026-09-10,g0,ATE2,strong,0,omega_only,BAL-X,estimate,-0.1911847208919799,ok,ATE2/strong/0
DataFusionPPI-v3-agile-gate-2026-09-10,g0,ATE2,strong,0,omega_only,BAL-X,lambda,0.0,ok,ATE2/strong/0
DataFusionPPI-v3-agile-gate-2026-09-10,g0,ATE2,strong,0,omega_only,BAL-X,normalization_error,6.661338147750939e-16,ok,ATE2/strong/0
DataFusionPPI-v3-agile-gate-2026-09-10,g0,ATE2,strong,0,omega_only,BAL-X,omega,0.8720892609575767,ok,ATE2/strong/0
DataFusionPPI-v3-agile-gate-2026-09-10,g0,ATE2,strong,0,omega_only,BAL-X,squared_error,0.24718798855828727,ok,ATE2/strong/0
DataFusionPPI-v3-agile-gate-2026-09-10,g0,ATE2,strong,0,omega_only,BAL-X,variance_hat,0.1540863386220092,ok,ATE2/strong/0
DataFusionPPI-v3-agile-gate-2026-09-10,g0,ATE2,strong,0,omega_only,BAL-X+g,balance_residual,1.8127934708900284e-09,ok,ATE2/strong/0
DataFusionPPI-v3-agile-gate-2026-09-10,g0,ATE2,strong,0,omega_only,BAL-X+g,ess_fraction,0.11619404220136775,ok,ATE2/strong/0
DataFusionPPI-v3-agile-gate-2026-09-10,g0,ATE2,strong,0,omega_only,BAL-X+g,estimate,-0.18966882199894583,ok,ATE2/strong/0
DataFusionPPI-v3-agile-gate-2026-09-10,g0,ATE2,strong,0,omega_only,BAL-X+g,lambda,0.0,ok,ATE2/strong/0
DataFusionPPI-v3-agile-gate-2026-09-10,g0,ATE2,strong,0,omega_only,BAL-X+g,normalization_error,4.440892098500626e-16,ok,ATE2/strong/0
DataFusionPPI-v3-agile-gate-2026-09-10,g0,ATE2,strong,0,omega_only,BAL-X+g,omega,0.8710726570166174,ok,ATE2/strong/0
DataFusionPPI-v3-agile-gate-2026-09-10,g0,ATE2,strong,0,omega_only,BAL-X+g,squared_error,0.24568293717421744,ok,ATE2/strong/0
DataFusionPPI-v3-agile-gate-2026-09-10,g0,ATE2,strong,0,omega_only,BAL-X+g,variance_hat,0.15412250688288767,ok,ATE2/strong/0
DataFusionPPI-v3-agile-gate-2026-09-10,g0,ATE2,strong,0,omega_only,classifier,balance_residual,N/A,not_applicable,ATE2/strong/0
DataFusionPPI-v3-agile-gate-2026-09-10,g0,ATE2,strong,0,omega_only,classifier,ess_fraction,0.1360883656423719,ok,ATE2/strong/0
DataFusionPPI-v3-agile-gate-2026-09-10,g0,ATE2,strong,0,omega_only,classifier,estimate,-0.1770716813999239,ok,ATE2/strong/0
DataFusionPPI-v3-agile-gate-2026-09-10,g0,ATE2,strong,0,omega_only,classifier,lambda,0.0,ok,ATE2/strong/0
DataFusionPPI-v3-agile-gate-2026-09-10,g0,ATE2,strong,0,omega_only,classifier,normalization_error,-0.005405558137052124,ok,ATE2/strong/0
DataFusionPPI-v3-agile-gate-2026-09-10,g0,ATE2,strong,0,omega_only,classifier,omega,0.890344426392205,ok,ATE2/strong/0
DataFusionPPI-v3-agile-gate-2026-09-10,g0,ATE2,strong,0,omega_only,classifier,squared_error,0.23335372346627528,ok,ATE2/strong/0
DataFusionPPI-v3-agile-gate-2026-09-10,g0,ATE2,strong,0,omega_only,classifier,variance_hat,0.15357459396209597,ok,ATE2/strong/0
DataFusionPPI-v3-agile-gate-2026-09-10,g0,ATE2,strong,0,omega_only,oracle,balance_residual,N/A,not_applicable,ATE2/strong/0
DataFusionPPI-v3-agile-gate-2026-09-10,g0,ATE2,strong,0,omega_only,oracle,ess_fraction,0.2095157536513096,ok,ATE2/strong/0
DataFusionPPI-v3-agile-gate-2026-09-10,g0,ATE2,strong,0,omega_only,oracle,estimate,-0.11923355033534283,ok,ATE2/strong/0
DataFusionPPI-v3-agile-gate-2026-09-10,g0,ATE2,strong,0,omega_only,oracle,lambda,0.0,ok,ATE2/strong/0
DataFusionPPI-v3-agile-gate-2026-09-10,g0,ATE2,strong,0,omega_only,oracle,normalization_error,-0.01386698473121184,ok,ATE2/strong/0
DataFusionPPI-v3-agile-gate-2026-09-10,g0,ATE2,strong,0,omega_only,oracle,omega,0.9205244350055413,ok,ATE2/strong/0
DataFusionPPI-v3-agile-gate-2026-09-10,g0,ATE2,strong,0,omega_only,oracle,squared_error,0.18081958831528505,ok,ATE2/strong/0
DataFusionPPI-v3-agile-gate-2026-09-10,g0,ATE2,strong,0,omega_only,oracle,variance_hat,0.15255789586470764,ok,ATE2/strong/0
DataFusionPPI-v3-agile-gate-2026-09-10,g0,ATE2,strong,0,omega_only,unweighted,balance_residual,N/A,not_applicable,ATE2/strong/0
DataFusionPPI-v3-agile-gate-2026-09-10,g0,ATE2,strong,0,omega_only,unweighted,ess_fraction,1.0,ok,ATE2/strong/0
DataFusionPPI-v3-agile-gate-2026-09-10,g0,ATE2,strong,0,omega_only,unweighted,estimate,0.23478334939322415,ok,ATE2/strong/0
DataFusionPPI-v3-agile-gate-2026-09-10,g0,ATE2,strong,0,omega_only,unweighted,lambda,0.0,ok,ATE2/strong/0
DataFusionPPI-v3-agile-gate-2026-09-10,g0,ATE2,strong,0,omega_only,unweighted,normalization_error,0.0,ok,ATE2/strong/0
DataFusionPPI-v3-agile-gate-2026-09-10,g0,ATE2,strong,0,omega_only,unweighted,omega,0.9605163558301885,ok,ATE2/strong/0
DataFusionPPI-v3-agile-gate-2026-09-10,g0,ATE2,strong,0,omega_only,unweighted,squared_error,0.005071144112718622,ok,ATE2/strong/0
DataFusionPPI-v3-agile-gate-2026-09-10,g0,ATE2,strong,0,omega_only,unweighted,variance_hat,0.15120714542401248,ok,ATE2/strong/0
DataFusionPPI-v3-agile-gate-2026-09-10,g0,ATE2,strong,0,oracle_coefficient_joint,oracle,estimate,0.03598834622465516,ok,ATE2/strong/0
DataFusionPPI-v3-agile-gate-2026-09-10,g0,ATE2,strong,0,oracle_coefficient_joint,oracle,lambda,1.0,ok,ATE2/strong/0
DataFusionPPI-v3-agile-gate-2026-09-10,g0,ATE2,strong,0,oracle_coefficient_joint,oracle,normalization_error,-0.01386698473121184,ok,ATE2/strong/0
DataFusionPPI-v3-agile-gate-2026-09-10,g0,ATE2,strong,0,oracle_coefficient_joint,oracle,omega,0.8132230747697083,ok,ATE2/strong/0
DataFusionPPI-v3-agile-gate-2026-09-10,g0,ATE2,strong,0,oracle_coefficient_joint,oracle,squared_error,0.07290376344181015,ok,ATE2/strong/0
DataFusionPPI-v3-agile-gate-2026-09-10,g0,ATE2,strong,0,oracle_coefficient_joint,oracle,variance_hat,0.14099372479445954,ok,ATE2/strong/0
DataFusionPPI-v3-agile-gate-2026-09-10,g0,ATE2,strong,0,rct_only,N/A,estimate,-0.3311282327650061,ok,ATE2/strong/0
DataFusionPPI-v3-agile-gate-2026-09-10,g0,ATE2,strong,0,rct_only,N/A,lambda,0.0,ok,ATE2/strong/0
DataFusionPPI-v3-agile-gate-2026-09-10,g0,ATE2,strong,0,rct_only,N/A,omega,0.0,ok,ATE2/strong/0
DataFusionPPI-v3-agile-gate-2026-09-10,g0,ATE2,strong,0,rct_only,N/A,squared_error,0.4059264157173422,ok,ATE2/strong/0
DataFusionPPI-v3-agile-gate-2026-09-10,g0,ATE2,strong,0,rct_only,N/A,variance_hat,0.17593177033464302,ok,ATE2/strong/0
DataFusionPPI-v3-agile-gate-2026-09-10,g0,CATE1,confounding2,0,grid_oracle,r=1,bound_vacuity_ratio,56816.524085430574,ok,CATE1/confounding2/0
DataFusionPPI-v3-agile-gate-2026-09-10,g0,CATE1,confounding2,0,grid_oracle,r=1,lambda,1.0,ok,CATE1/confounding2/0
DataFusionPPI-v3-agile-gate-2026-09-10,g0,CATE1,confounding2,0,grid_oracle,r=1,omega,0.5,ok,CATE1/confounding2/0
DataFusionPPI-v3-agile-gate-2026-09-10,g0,CATE1,confounding2,0,grid_oracle,r=1,reporting_score,0.04267040514710847,ok,CATE1/confounding2/0
DataFusionPPI-v3-agile-gate-2026-09-10,g0,CATE1,confounding2,0,grid_oracle,r=1,risk,0.002948017210637484,ok,CATE1/confounding2/0
DataFusionPPI-v3-agile-gate-2026-09-10,g0,CATE1,confounding2,0,grid_oracle,r=1,selection_score,0.04363130337214916,ok,CATE1/confounding2/0
DataFusionPPI-v3-agile-gate-2026-09-10,g0,CATE1,confounding2,0,joint,r=1,bound_vacuity_ratio,56816.524085430574,ok,CATE1/confounding2/0
DataFusionPPI-v3-agile-gate-2026-09-10,g0,CATE1,confounding2,0,joint,r=1,lambda,0.5,ok,CATE1/confounding2/0
DataFusionPPI-v3-agile-gate-2026-09-10,g0,CATE1,confounding2,0,joint,r=1,omega,0.5,ok,CATE1/confounding2/0
DataFusionPPI-v3-agile-gate-2026-09-10,g0,CATE1,confounding2,0,joint,r=1,reporting_score,0.04221463728206396,ok,CATE1/confounding2/0
DataFusionPPI-v3-agile-gate-2026-09-10,g0,CATE1,confounding2,0,joint,r=1,risk,0.0034731156751036094,ok,CATE1/confounding2/0
DataFusionPPI-v3-agile-gate-2026-09-10,g0,CATE1,confounding2,0,joint,r=1,selection_score,0.04308445976126338,ok,CATE1/confounding2/0
DataFusionPPI-v3-agile-gate-2026-09-10,g0,CATE1,confounding2,0,lambda_only,r=1,bound_vacuity_ratio,56816.524085430574,ok,CATE1/confounding2/0
DataFusionPPI-v3-agile-gate-2026-09-10,g0,CATE1,confounding2,0,lambda_only,r=1,lambda,0.5,ok,CATE1/confounding2/0
DataFusionPPI-v3-agile-gate-2026-09-10,g0,CATE1,confounding2,0,lambda_only,r=1,omega,0.0,ok,CATE1/confounding2/0
DataFusionPPI-v3-agile-gate-2026-09-10,g0,CATE1,confounding2,0,lambda_only,r=1,reporting_score,0.04363897436750333,ok,CATE1/confounding2/0
DataFusionPPI-v3-agile-gate-2026-09-10,g0,CATE1,confounding2,0,lambda_only,r=1,risk,0.004017951444751933,ok,CATE1/confounding2/0
DataFusionPPI-v3-agile-gate-2026-09-10,g0,CATE1,confounding2,0,lambda_only,r=1,selection_score,0.04358367487181727,ok,CATE1/confounding2/0
DataFusionPPI-v3-agile-gate-2026-09-10,g0,CATE1,confounding2,0,omega_only,r=1,bound_vacuity_ratio,56816.524085430574,ok,CATE1/confounding2/0
DataFusionPPI-v3-agile-gate-2026-09-10,g0,CATE1,confounding2,0,omega_only,r=1,lambda,0.0,ok,CATE1/confounding2/0
DataFusionPPI-v3-agile-gate-2026-09-10,g0,CATE1,confounding2,0,omega_only,r=1,omega,0.5,ok,CATE1/confounding2/0
DataFusionPPI-v3-agile-gate-2026-09-10,g0,CATE1,confounding2,0,omega_only,r=1,reporting_score,0.04294191012204531,ok,CATE1/confounding2/0
DataFusionPPI-v3-agile-gate-2026-09-10,g0,CATE1,confounding2,0,omega_only,r=1,risk,0.0053719896257774374,ok,CATE1/confounding2/0
DataFusionPPI-v3-agile-gate-2026-09-10,g0,CATE1,confounding2,0,omega_only,r=1,selection_score,0.04397441061847718,ok,CATE1/confounding2/0
DataFusionPPI-v3-agile-gate-2026-09-10,g0,CATE1,confounding2,0,rct_only,r=1,bound_vacuity_ratio,56816.524085430574,ok,CATE1/confounding2/0
DataFusionPPI-v3-agile-gate-2026-09-10,g0,CATE1,confounding2,0,rct_only,r=1,lambda,0.0,ok,CATE1/confounding2/0
DataFusionPPI-v3-agile-gate-2026-09-10,g0,CATE1,confounding2,0,rct_only,r=1,omega,0.0,ok,CATE1/confounding2/0
DataFusionPPI-v3-agile-gate-2026-09-10,g0,CATE1,confounding2,0,rct_only,r=1,reporting_score,0.04416857554104265,ok,CATE1/confounding2/0
DataFusionPPI-v3-agile-gate-2026-09-10,g0,CATE1,confounding2,0,rct_only,r=1,risk,0.00618950516386693,ok,CATE1/confounding2/0
DataFusionPPI-v3-agile-gate-2026-09-10,g0,CATE1,confounding2,0,rct_only,r=1,selection_score,0.04479410165713808,ok,CATE1/confounding2/0
DataFusionPPI-v3-agile-gate-2026-09-10,g0,CATE1,reference,0,grid_oracle,r=1,bound_vacuity_ratio,30111.391728053964,ok,CATE1/reference/0
DataFusionPPI-v3-agile-gate-2026-09-10,g0,CATE1,reference,0,grid_oracle,r=1,lambda,1.0,ok,CATE1/reference/0
DataFusionPPI-v3-agile-gate-2026-09-10,g0,CATE1,reference,0,grid_oracle,r=1,omega,0.0,ok,CATE1/reference/0
DataFusionPPI-v3-agile-gate-2026-09-10,g0,CATE1,reference,0,grid_oracle,r=1,reporting_score,0.045020473021644546,ok,CATE1/reference/0
DataFusionPPI-v3-agile-gate-2026-09-10,g0,CATE1,reference,0,grid_oracle,r=1,risk,0.0026090148527732663,ok,CATE1/reference/0
DataFusionPPI-v3-agile-gate-2026-09-10,g0,CATE1,reference,0,grid_oracle,r=1,selection_score,0.03862755511349476,ok,CATE1/reference/0
DataFusionPPI-v3-agile-gate-2026-09-10,g0,CATE1,reference,0,joint,r=1,bound_vacuity_ratio,30111.391728053964,ok,CATE1/reference/0
DataFusionPPI-v3-agile-gate-2026-09-10,g0,CATE1,reference,0,joint,r=1,lambda,1.0,ok,CATE1/reference/0
DataFusionPPI-v3-agile-gate-2026-09-10,g0,CATE1,reference,0,joint,r=1,omega,0.25,ok,CATE1/reference/0
DataFusionPPI-v3-agile-gate-2026-09-10,g0,CATE1,reference,0,joint,r=1,reporting_score,0.04547958303984469,ok,CATE1/reference/0
DataFusionPPI-v3-agile-gate-2026-09-10,g0,CATE1,reference,0,joint,r=1,risk,0.0026418031090325003,ok,CATE1/reference/0
DataFusionPPI-v3-agile-gate-2026-09-10,g0,CATE1,reference,0,joint,r=1,selection_score,0.0386220879766028,ok,CATE1/reference/0
DataFusionPPI-v3-agile-gate-2026-09-10,g0,CATE1,reference,0,lambda_only,r=1,bound_vacuity_ratio,30111.391728053964,ok,CATE1/reference/0
DataFusionPPI-v3-agile-gate-2026-09-10,g0,CATE1,reference,0,lambda_only,r=1,lambda,1.0,ok,CATE1/reference/0
DataFusionPPI-v3-agile-gate-2026-09-10,g0,CATE1,reference,0,lambda_only,r=1,omega,0.0,ok,CATE1/reference/0
DataFusionPPI-v3-agile-gate-2026-09-10,g0,CATE1,reference,0,lambda_only,r=1,reporting_score,0.045020473021644546,ok,CATE1/reference/0
DataFusionPPI-v3-agile-gate-2026-09-10,g0,CATE1,reference,0,lambda_only,r=1,risk,0.0026090148527732663,ok,CATE1/reference/0
DataFusionPPI-v3-agile-gate-2026-09-10,g0,CATE1,reference,0,lambda_only,r=1,selection_score,0.03862755511349476,ok,CATE1/reference/0
DataFusionPPI-v3-agile-gate-2026-09-10,g0,CATE1,reference,0,omega_only,r=1,bound_vacuity_ratio,30111.391728053964,ok,CATE1/reference/0
DataFusionPPI-v3-agile-gate-2026-09-10,g0,CATE1,reference,0,omega_only,r=1,lambda,0.0,ok,CATE1/reference/0
DataFusionPPI-v3-agile-gate-2026-09-10,g0,CATE1,reference,0,omega_only,r=1,omega,0.25,ok,CATE1/reference/0
DataFusionPPI-v3-agile-gate-2026-09-10,g0,CATE1,reference,0,omega_only,r=1,reporting_score,0.050074483674655446,ok,CATE1/reference/0
DataFusionPPI-v3-agile-gate-2026-09-10,g0,CATE1,reference,0,omega_only,r=1,risk,0.006254107111894612,ok,CATE1/reference/0
DataFusionPPI-v3-agile-gate-2026-09-10,g0,CATE1,reference,0,omega_only,r=1,selection_score,0.04163496535852881,ok,CATE1/reference/0
DataFusionPPI-v3-agile-gate-2026-09-10,g0,CATE1,reference,0,rct_only,r=1,bound_vacuity_ratio,30111.391728053964,ok,CATE1/reference/0
DataFusionPPI-v3-agile-gate-2026-09-10,g0,CATE1,reference,0,rct_only,r=1,lambda,0.0,ok,CATE1/reference/0
DataFusionPPI-v3-agile-gate-2026-09-10,g0,CATE1,reference,0,rct_only,r=1,omega,0.0,ok,CATE1/reference/0
DataFusionPPI-v3-agile-gate-2026-09-10,g0,CATE1,reference,0,rct_only,r=1,reporting_score,0.04982933251777954,ok,CATE1/reference/0
DataFusionPPI-v3-agile-gate-2026-09-10,g0,CATE1,reference,0,rct_only,r=1,risk,0.006483036733455392,ok,CATE1/reference/0
DataFusionPPI-v3-agile-gate-2026-09-10,g0,CATE1,reference,0,rct_only,r=1,selection_score,0.041713703600270116,ok,CATE1/reference/0
