protocol,stage,study,cell,estimator,ratio,metric,status,count,mean,mcse
DataFusionPPI-v3-agile-gate-2026-09-10,g0,ATE1,conf0_correct,joint,N/A,covered,ok,1,1,
DataFusionPPI-v3-agile-gate-2026-09-10,g0,ATE1,conf0_correct,joint,N/A,estimate,ok,1,0.46051576265445104,
DataFusionPPI-v3-agile-gate-2026-09-10,g0,ATE1,conf0_correct,joint,N/A,lambda,ok,1,1,
DataFusionPPI-v3-agile-gate-2026-09-10,g0,ATE1,conf0_correct,joint,N/A,omega,ok,1,0.85942282924765834,
DataFusionPPI-v3-agile-gate-2026-09-10,g0,ATE1,conf0_correct,joint,N/A,squared_error,ok,1,0.12771334598073195,
DataFusionPPI-v3-agile-gate-2026-09-10,g0,ATE1,conf0_correct,joint,N/A,variance_hat,ok,1,0.18740534671434395,
DataFusionPPI-v3-agile-gate-2026-09-10,g0,ATE1,conf0_correct,lambda_only,N/A,covered,ok,1,1,
DataFusionPPI-v3-agile-gate-2026-09-10,g0,ATE1,conf0_correct,lambda_only,N/A,estimate,ok,1,0.59080787264915946,
DataFusionPPI-v3-agile-gate-2026-09-10,g0,ATE1,conf0_correct,lambda_only,N/A,lambda,ok,1,1,
DataFusionPPI-v3-agile-gate-2026-09-10,g0,ATE1,conf0_correct,lambda_only,N/A,omega,ok,1,0,
DataFusionPPI-v3-agile-gate-2026-09-10,g0,ATE1,conf0_correct,lambda_only,N/A,squared_error,ok,1,0.051564386607559215,
DataFusionPPI-v3-agile-gate-2026-09-10,g0,ATE1,conf0_correct,lambda_only,N/A,variance_hat,ok,1,0.18171430892256168,
DataFusionPPI-v3-agile-gate-2026-09-10,g0,ATE1,conf0_correct,omega_only,N/A,covered,ok,1,1,
DataFusionPPI-v3-agile-gate-2026-09-10,g0,ATE1,conf0_correct,omega_only,N/A,estimate,ok,1,0.31749721352751337,
DataFusionPPI-v3-agile-gate-2026-09-10,g0,ATE1,conf0_correct,omega_only,N/A,lambda,ok,1,0,
DataFusionPPI-v3-agile-gate-2026-09-10,g0,ATE1,conf0_correct,omega_only,N/A,omega,ok,1,0.85942282924765834,
DataFusionPPI-v3-agile-gate-2026-09-10,g0,ATE1,conf0_correct,omega_only,N/A,squared_error,ok,1,0.25038874081612666,
DataFusionPPI-v3-agile-gate-2026-09-10,g0,ATE1,conf0_correct,omega_only,N/A,variance_hat,ok,1,0.31211353703714745,
DataFusionPPI-v3-agile-gate-2026-09-10,g0,ATE1,conf0_correct,oracle_coefficient_joint,N/A,covered,ok,1,1,
DataFusionPPI-v3-agile-gate-2026-09-10,g0,ATE1,conf0_correct,oracle_coefficient_joint,N/A,estimate,ok,1,0.4377924200117056,
DataFusionPPI-v3-agile-gate-2026-09-10,g0,ATE1,conf0_correct,oracle_coefficient_joint,N/A,lambda,ok,1,0.99013237637931784,
DataFusionPPI-v3-agile-gate-2026-09-10,g0,ATE1,conf0_correct,oracle_coefficient_joint,N/A,omega,ok,1,1,
DataFusionPPI-v3-agile-gate-2026-09-10,g0,ATE1,conf0_correct,oracle_coefficient_joint,N/A,squared_error,ok,1,0.14447098005116335,
DataFusionPPI-v3-agile-gate-2026-09-10,g0,ATE1,conf0_correct,oracle_coefficient_joint,N/A,variance_hat,ok,1,0.18948358662740722,
DataFusionPPI-v3-agile-gate-2026-09-10,g0,ATE1,conf0_correct,rct_only,N/A,covered,ok,1,1,
DataFusionPPI-v3-agile-gate-2026-09-10,g0,ATE1,conf0_correct,rct_only,N/A,estimate,ok,1,0.44778932352222184,
DataFusionPPI-v3-agile-gate-2026-09-10,g0,ATE1,conf0_correct,rct_only,N/A,lambda,ok,1,0,
DataFusionPPI-v3-agile-gate-2026-09-10,g0,ATE1,conf0_correct,rct_only,N/A,omega,ok,1,0,
DataFusionPPI-v3-agile-gate-2026-09-10,g0,ATE1,conf0_correct,rct_only,N/A,squared_error,ok,1,0.13697140437469274,
DataFusionPPI-v3-agile-gate-2026-09-10,g0,ATE1,conf0_correct,rct_only,N/A,variance_hat,ok,1,0.31943161197427589,
DataFusionPPI-v3-agile-gate-2026-09-10,g0,ATE1,conf2_linear,joint,N/A,covered,ok,1,1,
DataFusionPPI-v3-agile-gate-2026-09-10,g0,ATE1,conf2_linear,joint,N/A,estimate,ok,1,0.33635341900352222,
DataFusionPPI-v3-agile-gate-2026-09-10,g0,ATE1,conf2_linear,joint,N/A,lambda,ok,1,1,
DataFusionPPI-v3-agile-gate-2026-09-10,g0,ATE1,conf2_linear,joint,N/A,omega,ok,1,0.74402144471874876,
DataFusionPPI-v3-agile-gate-2026-09-10,g0,ATE1,conf2_linear,joint,N/A,squared_error,ok,1,0.23187343716631081,
DataFusionPPI-v3-agile-gate-2026-09-10,g0,ATE1,conf2_linear,joint,N/A,variance_hat,ok,1,0.14903018221259098,
DataFusionPPI-v3-agile-gate-2026-09-10,g0,ATE1,conf2_linear,lambda_only,N/A,covered,ok,1,1,
DataFusionPPI-v3-agile-gate-2026-09-10,g0,ATE1,conf2_linear,lambda_only,N/A,estimate,ok,1,0.36037159336994268,
DataFusionPPI-v3-agile-gate-2026-09-10,g0,ATE1,conf2_linear,lambda_only,N/A,lambda,ok,1,1,
DataFusionPPI-v3-agile-gate-2026-09-10,g0,ATE1,conf2_linear,lambda_only,N/A,omega,ok,1,0,
DataFusionPPI-v3-agile-gate-2026-09-10,g0,ATE1,conf2_linear,lambda_only,N/A,squared_error,ok,1,0.2093192523259865,
DataFusionPPI-v3-agile-gate-2026-09-10,g0,ATE1,conf2_linear,lambda_only,N/A,variance_hat,ok,1,0.1835500223469079,
DataFusionPPI-v3-agile-gate-2026-09-10,g0,ATE1,conf2_linear,omega_only,N/A,covered,ok,1,1,
DataFusionPPI-v3-agile-gate-2026-09-10,g0,ATE1,conf2_linear,omega_only,N/A,estimate,ok,1,0.28121948691277732,
DataFusionPPI-v3-agile-gate-2026-09-10,g0,ATE1,conf2_linear,omega_only,N/A,lambda,ok,1,0,
DataFusionPPI-v3-agile-gate-2026-09-10,g0,ATE1,conf2_linear,omega_only,N/A,omega,ok,1,0.74402144471874876,
DataFusionPPI-v3-agile-gate-2026-09-10,g0,ATE1,conf2_linear,omega_only,N/A,squared_error,ok,1,0.28801073518927739,
DataFusionPPI-v3-agile-gate-2026-09-10,g0,ATE1,conf2_linear,omega_only,N/A,variance_hat,ok,1,0.22542500443328589,
DataFusionPPI-v3-agile-gate-2026-09-10,g0,ATE1,conf2_linear,oracle_coefficient_joint,N/A,covered,ok,1,1,
DataFusionPPI-v3-agile-gate-2026-09-10,g0,ATE1,conf2_linear,oracle_coefficient_joint,N/A,estimate,ok,1,0.32703424833111933,
DataFusionPPI-v3-agile-gate-2026-09-10,g0,ATE1,conf2_linear,oracle_coefficient_joint,N/A,lambda,ok,1,0.95750558188891444,
DataFusionPPI-v3-agile-gate-2026-09-10,g0,ATE1,conf2_linear,oracle_coefficient_joint,N/A,omega,ok,1,0.96012890317809563,
DataFusionPPI-v3-agile-gate-2026-09-10,g0,ATE1,conf2_linear,oracle_coefficient_joint,N/A,squared_error,ok,1,0.24093524905620345,
DataFusionPPI-v3-agile-gate-2026-09-10,g0,ATE1,conf2_linear,oracle_coefficient_joint,N/A,variance_hat,ok,1,0.14163773320620879,
DataFusionPPI-v3-agile-gate-2026-09-10,g0,ATE1,conf2_linear,rct_only,N/A,covered,ok,1,1,
DataFusionPPI-v3-agile-gate-2026-09-10,g0,ATE1,conf2_linear,rct_only,N/A,estimate,ok,1,0.30523766127919777,
DataFusionPPI-v3-agile-gate-2026-09-10,g0,ATE1,conf2_linear,rct_only,N/A,lambda,ok,1,0,
DataFusionPPI-v3-agile-gate-2026-09-10,g0,ATE1,conf2_linear,rct_only,N/A,omega,ok,1,0,
DataFusionPPI-v3-agile-gate-2026-09-10,g0,ATE1,conf2_linear,rct_only,N/A,squared_error,ok,1,0.26280811756002936,
DataFusionPPI-v3-agile-gate-2026-09-10,g0,ATE1,conf2_linear,rct_only,N/A,variance_hat,ok,1,0.25387437984504913,
DataFusionPPI-v3-agile-gate-2026-09-10,g0,ATE1,reference,joint,N/A,covered,ok,1,1,
DataFusionPPI-v3-agile-gate-2026-09-10,g0,ATE1,reference,joint,N/A,estimate,ok,1,1.5005362420914208,
DataFusionPPI-v3-agile-gate-2026-09-10,g0,ATE1,reference,joint,N/A,lambda,ok,1,0.85643502722053422,
DataFusionPPI-v3-agile-gate-2026-09-10,g0,ATE1,reference,joint,N/A,omega,ok,1,1,
DataFusionPPI-v3-agile-gate-2026-09-10,g0,ATE1,reference,joint,N/A,squared_error,ok,1,0.46601162152532766,
DataFusionPPI-v3-agile-gate-2026-09-10,g0,ATE1,reference,joint,N/A,variance_hat,ok,1,0.18856528073340209,
DataFusionPPI-v3-agile-gate-2026-09-10,g0,ATE1,reference,lambda_only,N/A,covered,ok,1,1,
DataFusionPPI-v3-agile-gate-2026-09-10,g0,ATE1,reference,lambda_only,N/A,estimate,ok,1,1.6522475338552511,
DataFusionPPI-v3-agile-gate-2026-09-10,g0,ATE1,reference,lambda_only,N/A,lambda,ok,1,0.85643502722053422,
DataFusionPPI-v3-agile-gate-2026-09-10,g0,ATE1,reference,lambda_only,N/A,omega,ok,1,0,
DataFusionPPI-v3-agile-gate-2026-09-10,g0,ATE1,reference,lambda_only,N/A,squared_error,ok,1,0.69615949734574056,
DataFusionPPI-v3-agile-gate-2026-09-10,g0,ATE1,reference,lambda_only,N/A,variance_hat,ok,1,0.2444883714732522,
DataFusionPPI-v3-agile-gate-2026-09-10,g0,ATE1,reference,omega_only,N/A,covered,ok,1,1,
DataFusionPPI-v3-agile-gate-2026-09-10,g0,ATE1,reference,omega_only,N/A,estimate,ok,1,1.7010164793923308,
DataFusionPPI-v3-agile-gate-2026-09-10,g0,ATE1,reference,omega_only,N/A,lambda,ok,1,0,
DataFusionPPI-v3-agile-gate-2026-09-10,g0,ATE1,reference,omega_only,N/A,omega,ok,1,1,
DataFusionPPI-v3-agile-gate-2026-09-10,g0,ATE1,reference,omega_only,N/A,squared_error,ok,1,0.77991979098182718,
DataFusionPPI-v3-agile-gate-2026-09-10,g0,ATE1,reference,omega_only,N/A,variance_hat,ok,1,0.35600129673425829,
DataFusionPPI-v3-agile-gate-2026-09-10,g0,ATE1,reference,oracle_coefficient_joint,N/A,covered,ok,1,1,
DataFusionPPI-v3-agile-gate-2026-09-10,g0,ATE1,reference,oracle_coefficient_joint,N/A,estimate,ok,1,1.4849319671742942,
DataFusionPPI-v3-agile-gate-2026-09-10,g0,ATE1,reference,oracle_coefficient_joint,N/A,lambda,ok,1,0.98252115577958388,
DataFusionPPI-v3-agile-gate-2026-09-10,g0,ATE1,reference,oracle_coefficient_joint,N/A,omega,ok,1,0.90830716454140792,
DataFusionPPI-v3-agile-gate-2026-09-10,g0,ATE1,reference,oracle_coefficient_joint,N/A,squared_error,ok,1,0.44495058468391829,
DataFusionPPI-v3-agile-gate-2026-09-10,g0,ATE1,reference,oracle_coefficient_joint,N/A,variance_hat,ok,1,0.17979919361778765,
DataFusionPPI-v3-agile-gate-2026-09-10,g0,ATE1,reference,rct_only,N/A,covered,ok,1,1,
DataFusionPPI-v3-agile-gate-2026-09-10,g0,ATE1,reference,rct_only,N/A,estimate,ok,1,1.8527277711561612,
DataFusionPPI-v3-agile-gate-2026-09-10,g0,ATE1,reference,rct_only,N/A,lambda,ok,1,0,
DataFusionPPI-v3-agile-gate-2026-09-10,g0,ATE1,reference,rct_only,N/A,omega,ok,1,0,
DataFusionPPI-v3-agile-gate-2026-09-10,g0,ATE1,reference,rct_only,N/A,squared_error,ok,1,1.0708978983503203,
DataFusionPPI-v3-agile-gate-2026-09-10,g0,ATE1,reference,rct_only,N/A,variance_hat,ok,1,0.43887008101706326,
DataFusionPPI-v3-agile-gate-2026-09-10,g0,ATE1,star_reference,joint,N/A,covered,ok,1,1,
DataFusionPPI-v3-agile-gate-2026-09-10,g0,ATE1,star_reference,joint,N/A,estimate,ok,1,1.311983390013316,
DataFusionPPI-v3-agile-gate-2026-09-10,g0,ATE1,star_reference,joint,N/A,lambda,ok,1,1,
DataFusionPPI-v3-agile-gate-2026-09-10,g0,ATE1,star_reference,joint,N/A,omega,ok,1,0.68006835916470532,
DataFusionPPI-v3-agile-gate-2026-09-10,g0,ATE1,star_reference,joint,N/A,squared_error,ok,1,0.097333635644206648,
DataFusionPPI-v3-agile-gate-2026-09-10,g0,ATE1,star_reference,joint,N/A,variance_hat,ok,1,0.31718901539911654,
DataFusionPPI-v3-agile-gate-2026-09-10,g0,ATE1,star_reference,lambda_only,N/A,covered,ok,1,1,
DataFusionPPI-v3-agile-gate-2026-09-10,g0,ATE1,star_reference,lambda_only,N/A,estimate,ok,1,1.3087211251896358,
DataFusionPPI-v3-agile-gate-2026-09-10,g0,ATE1,star_reference,lambda_only,N/A,lambda,ok,1,1,
DataFusionPPI-v3-agile-gate-2026-09-10,g0,ATE1,star_reference,lambda_only,N/A,omega,ok,1,0,
DataFusionPPI-v3-agile-gate-2026-09-10,g0,ATE1,star_reference,lambda_only,N/A,squared_error,ok,1,0.095308733138360538,
DataFusionPPI-v3-agile-gate-2026-09-10,g0,ATE1,star_reference,lambda_only,N/A,variance_hat,ok,1,0.32408934654988658,
DataFusionPPI-v3-agile-gate-2026-09-10,g0,ATE1,star_reference,omega_only,N/A,covered,ok,1,1,
DataFusionPPI-v3-agile-gate-2026-09-10,g0,ATE1,star_reference,omega_only,N/A,estimate,ok,1,1.3677115729844607,
DataFusionPPI-v3-agile-gate-2026-09-10,g0,ATE1,star_reference,omega_only,N/A,lambda,ok,1,0,
DataFusionPPI-v3-agile-gate-2026-09-10,g0,ATE1,star_reference,omega_only,N/A,omega,ok,1,0.68006835916470532,
DataFusionPPI-v3-agile-gate-2026-09-10,g0,ATE1,star_reference,omega_only,N/A,squared_error,ok,1,0.1352118009067132,
DataFusionPPI-v3-agile-gate-2026-09-10,g0,ATE1,star_reference,omega_only,N/A,variance_hat,ok,1,0.37023357601127937,
DataFusionPPI-v3-agile-gate-2026-09-10,g0,ATE1,star_reference,oracle_coefficient_joint,N/A,covered,ok,1,1,
DataFusionPPI-v3-agile-gate-2026-09-10,g0,ATE1,star_reference,oracle_coefficient_joint,N/A,estimate,ok,1,1.3087211251896358,
DataFusionPPI-v3-agile-gate-2026-09-10,g0,ATE1,star_reference,oracle_coefficient_joint,N/A,lambda,ok,1,1,
DataFusionPPI-v3-agile-gate-2026-09-10,g0,ATE1,star_reference,oracle_coefficient_joint,N/A,omega,ok,1,0,
DataFusionPPI-v3-agile-gate-2026-09-10,g0,ATE1,star_reference,oracle_coefficient_joint,N/A,squared_error,ok,1,0.095308733138360538,
DataFusionPPI-v3-agile-gate-2026-09-10,g0,ATE1,star_reference,oracle_coefficient_joint,N/A,variance_hat,ok,1,0.32408934654988658,
DataFusionPPI-v3-agile-gate-2026-09-10,g0,ATE1,star_reference,rct_only,N/A,covered,ok,1,1,
DataFusionPPI-v3-agile-gate-2026-09-10,g0,ATE1,star_reference,rct_only,N/A,estimate,ok,1,1.3644493081607805,
DataFusionPPI-v3-agile-gate-2026-09-10,g0,ATE1,star_reference,rct_only,N/A,lambda,ok,1,0,
DataFusionPPI-v3-agile-gate-2026-09-10,g0,ATE1,star_reference,rct_only,N/A,omega,ok,1,0,
DataFusionPPI-v3-agile-gate-2026-09-10,g0,ATE1,star_reference,rct_only,N/A,squared_error,ok,1,0.13282329821887834,
DataFusionPPI-v3-agile-gate-2026-09-10,g0,ATE1,star_reference,rct_only,N/A,variance_hat,ok,1,0.37859997226260639,
DataFusionPPI-v3-agile-gate-2026-09-10,g0,ATE2,mild,joint,BAL-X,balance_residual,ok,1,6.979522515493386e-11,
DataFusionPPI-v3-agile-gate-2026-09-10,g0,ATE2,mild,joint,BAL-X,ess_fraction,ok,1,0.49125784652860388,
DataFusionPPI-v3-agile-gate-2026-09-10,g0,ATE2,mild,joint,BAL-X,estimate,ok,1,0.72500765721673111,
DataFusionPPI-v3-agile-gate-2026-09-10,g0,ATE2,mild,joint,BAL-X,lambda,ok,1,0.97295957182008785,
DataFusionPPI-v3-agile-gate-2026-09-10,g0,ATE2,mild,joint,BAL-X,normalization_error,ok,1,2.2204460492503131e-16,
DataFusionPPI-v3-agile-gate-2026-09-10,g0,ATE2,mild,joint,BAL-X,omega,ok,1,0.33206256476486196,
DataFusionPPI-v3-agile-gate-2026-09-10,g0,ATE2,mild,joint,BAL-X,squared_error,ok,1,0.054622419851994765,
DataFusionPPI-v3-agile-gate-2026-09-10,g0,ATE2,mild,joint,BAL-X,variance_hat,ok,1,0.11931619260749959,
DataFusionPPI-v3-agile-gate-2026-09-10,g0,ATE2,mild,joint,BAL-X+g,balance_residual,ok,1,2.6720908818944622e-09,
DataFusionPPI-v3-agile-gate-2026-09-10,g0,ATE2,mild,joint,BAL-X+g,ess_fraction,ok,1,0.49353122822997519,
DataFusionPPI-v3-agile-gate-2026-09-10,g0,ATE2,mild,joint,BAL-X+g,estimate,ok,1,0.71860442610245789,
DataFusionPPI-v3-agile-gate-2026-09-10,g0,ATE2,mild,joint,BAL-X+g,lambda,ok,1,0.97295957182008785,
DataFusionPPI-v3-agile-gate-2026-09-10,g0,ATE2,mild,joint,BAL-X+g,normalization_error,ok,1,2.2204460492503131e-16,
DataFusionPPI-v3-agile-gate-2026-09-10,g0,ATE2,mild,joint,BAL-X+g,omega,ok,1,0.33418262624831069,
DataFusionPPI-v3-agile-gate-2026-09-10,g0,ATE2,mild,joint,BAL-X+g,squared_error,ok,1,0.051670366609909049,
DataFusionPPI-v3-agile-gate-2026-09-10,g0,ATE2,mild,joint,BAL-X+g,variance_hat,ok,1,0.11926767902815046,
DataFusionPPI-v3-agile-gate-2026-09-10,g0,ATE2,mild,joint,classifier,balance_residual,not_applicable,0,,
DataFusionPPI-v3-agile-gate-2026-09-10,g0,ATE2,mild,joint,classifier,ess_fraction,ok,1,0.51130093566870127,
DataFusionPPI-v3-agile-gate-2026-09-10,g0,ATE2,mild,joint,classifier,estimate,ok,1,0.72640702165976168,
DataFusionPPI-v3-agile-gate-2026-09-10,g0,ATE2,mild,joint,classifier,lambda,ok,1,0.97295957182008785,
DataFusionPPI-v3-agile-gate-2026-09-10,g0,ATE2,mild,joint,classifier,normalization_error,ok,1,-0.007570276105820839,
DataFusionPPI-v3-agile-gate-2026-09-10,g0,ATE2,mild,joint,classifier,omega,ok,1,0.33353102267214674,
DataFusionPPI-v3-agile-gate-2026-09-10,g0,ATE2,mild,joint,classifier,squared_error,ok,1,0.055278481309726887,
DataFusionPPI-v3-agile-gate-2026-09-10,g0,ATE2,mild,joint,classifier,variance_hat,ok,1,0.11928057484950245,
DataFusionPPI-v3-agile-gate-2026-09-10,g0,ATE2,mild,joint,oracle,balance_residual,not_applicable,0,,
DataFusionPPI-v3-agile-gate-2026-09-10,g0,ATE2,mild,joint,oracle,ess_fraction,ok,1,0.50279331636582869,
DataFusionPPI-v3-agile-gate-2026-09-10,g0,ATE2,mild,joint,oracle,estimate,ok,1,0.72922236990981537,
DataFusionPPI-v3-agile-gate-2026-09-10,g0,ATE2,mild,joint,oracle,lambda,ok,1,0.97295957182008785,
DataFusionPPI-v3-agile-gate-2026-09-10,g0,ATE2,mild,joint,oracle,normalization_error,ok,1,-0.0090525420077277596,
DataFusionPPI-v3-agile-gate-2026-09-10,g0,ATE2,mild,joint,oracle,omega,ok,1,0.33421970498848924,
DataFusionPPI-v3-agile-gate-2026-09-10,g0,ATE2,mild,joint,oracle,squared_error,ok,1,0.056610261735045825,
DataFusionPPI-v3-agile-gate-2026-09-10,g0,ATE2,mild,joint,oracle,variance_hat,ok,1,0.11927076420227696,
DataFusionPPI-v3-agile-gate-2026-09-10,g0,ATE2,mild,joint,unweighted,balance_residual,not_applicable,0,,
DataFusionPPI-v3-agile-gate-2026-09-10,g0,ATE2,mild,joint,unweighted,ess_fraction,ok,1,1,
DataFusionPPI-v3-agile-gate-2026-09-10,g0,ATE2,mild,joint,unweighted,estimate,ok,1,0.84225324817849034,
DataFusionPPI-v3-agile-gate-2026-09-10,g0,ATE2,mild,joint,unweighted,lambda,ok,1,0.97295957182008785,
DataFusionPPI-v3-agile-gate-2026-09-10,g0,ATE2,mild,joint,unweighted,normalization_error,ok,1,0,
DataFusionPPI-v3-agile-gate-2026-09-10,g0,ATE2,mild,joint,unweighted,omega,ok,1,0.34022150519530642,
DataFusionPPI-v3-agile-gate-2026-09-10,g0,ATE2,mild,joint,unweighted,squared_error,ok,1,0.1231729138813091,
DataFusionPPI-v3-agile-gate-2026-09-10,g0,ATE2,mild,joint,unweighted,variance_hat,ok,1,0.11912298639656842,
DataFusionPPI-v3-agile-gate-2026-09-10,g0,ATE2,mild,lambda_only,N/A,estimate,ok,1,0.71807723213150587,
DataFusionPPI-v3-agile-gate-2026-09-10,g0,ATE2,mild,lambda_only,N/A,lambda,ok,1,0.97295957182008785,
DataFusionPPI-v3-agile-gate-2026-09-10,g0,ATE2,mild,lambda_only,N/A,omega,ok,1,0,
DataFusionPPI-v3-agile-gate-2026-09-10,g0,ATE2,mild,lambda_only,N/A,squared_error,ok,1,0.051430970389923641,
DataFusionPPI-v3-agile-gate-2026-09-10,g0,ATE2,mild,lambda_only,N/A,variance_hat,ok,1,0.12823047718512906,
DataFusionPPI-v3-agile-gate-2026-09-10,g0,ATE2,mild,omega_only,BAL-X,balance_residual,ok,1,6.979522515493386e-11,
DataFusionPPI-v3-agile-gate-2026-09-10,g0,ATE2,mild,omega_only,BAL-X,ess_fraction,ok,1,0.49125784652860388,
DataFusionPPI-v3-agile-gate-2026-09-10,g0,ATE2,mild,omega_only,BAL-X,estimate,ok,1,0.9372031054010922,
DataFusionPPI-v3-agile-gate-2026-09-10,g0,ATE2,mild,omega_only,BAL-X,lambda,ok,1,0,
DataFusionPPI-v3-agile-gate-2026-09-10,g0,ATE2,mild,omega_only,BAL-X,normalization_error,ok,1,2.2204460492503131e-16,
DataFusionPPI-v3-agile-gate-2026-09-10,g0,ATE2,mild,omega_only,BAL-X,omega,ok,1,0.33206256476486196,
DataFusionPPI-v3-agile-gate-2026-09-10,g0,ATE2,mild,omega_only,BAL-X,squared_error,ok,1,0.19883559096135056,
DataFusionPPI-v3-agile-gate-2026-09-10,g0,ATE2,mild,omega_only,BAL-X,variance_hat,ok,1,0.14726828927344959,
DataFusionPPI-v3-agile-gate-2026-09-10,g0,ATE2,mild,omega_only,BAL-X+g,balance_residual,ok,1,2.6720908818944622e-09,
DataFusionPPI-v3-agile-gate-2026-09-10,g0,ATE2,mild,omega_only,BAL-X+g,ess_fraction,ok,1,0.49353122822997519,
DataFusionPPI-v3-agile-gate-2026-09-10,g0,ATE2,mild,omega_only,BAL-X+g,estimate,ok,1,0.93079987428681898,
DataFusionPPI-v3-agile-gate-2026-09-10,g0,ATE2,mild,omega_only,BAL-X+g,lambda,ok,1,0,
DataFusionPPI-v3-agile-gate-2026-09-10,g0,ATE2,mild,omega_only,BAL-X+g,normalization_error,ok,1,2.2204460492503131e-16,
DataFusionPPI-v3-agile-gate-2026-09-10,g0,ATE2,mild,omega_only,BAL-X+g,omega,ok,1,0.33418262624831069,
DataFusionPPI-v3-agile-gate-2026-09-10,g0,ATE2,mild,omega_only,BAL-X+g,squared_error,ok,1,0.19316606472702233,
DataFusionPPI-v3-agile-gate-2026-09-10,g0,ATE2,mild,omega_only,BAL-X+g,variance_hat,ok,1,0.14721157642309554,
DataFusionPPI-v3-agile-gate-2026-09-10,g0,ATE2,mild,omega_only,classifier,balance_residual,not_applicable,0,,
DataFusionPPI-v3-agile-gate-2026-09-10,g0,ATE2,mild,omega_only,classifier,ess_fraction,ok,1,0.51130093566870127,
DataFusionPPI-v3-agile-gate-2026-09-10,g0,ATE2,mild,omega_only,classifier,estimate,ok,1,0.93860246984412277,
DataFusionPPI-v3-agile-gate-2026-09-10,g0,ATE2,mild,omega_only,classifier,lambda,ok,1,0,
DataFusionPPI-v3-agile-gate-2026-09-10,g0,ATE2,mild,omega_only,classifier,normalization_error,ok,1,-0.007570276105820839,
DataFusionPPI-v3-agile-gate-2026-09-10,g0,ATE2,mild,omega_only,classifier,omega,ok,1,0.33353102267214674,
DataFusionPPI-v3-agile-gate-2026-09-10,g0,ATE2,mild,omega_only,classifier,squared_error,ok,1,0.20008552994940693,
DataFusionPPI-v3-agile-gate-2026-09-10,g0,ATE2,mild,omega_only,classifier,variance_hat,ok,1,0.14722699230075273,
DataFusionPPI-v3-agile-gate-2026-09-10,g0,ATE2,mild,omega_only,oracle,balance_residual,not_applicable,0,,
DataFusionPPI-v3-agile-gate-2026-09-10,g0,ATE2,mild,omega_only,oracle,ess_fraction,ok,1,0.50279331636582869,
DataFusionPPI-v3-agile-gate-2026-09-10,g0,ATE2,mild,omega_only,oracle,estimate,ok,1,0.94141781809417646,
DataFusionPPI-v3-agile-gate-2026-09-10,g0,ATE2,mild,omega_only,oracle,lambda,ok,1,0,
DataFusionPPI-v3-agile-gate-2026-09-10,g0,ATE2,mild,omega_only,oracle,normalization_error,ok,1,-0.0090525420077277596,
DataFusionPPI-v3-agile-gate-2026-09-10,g0,ATE2,mild,omega_only,oracle,omega,ok,1,0.33421970498848924,
DataFusionPPI-v3-agile-gate-2026-09-10,g0,ATE2,mild,omega_only,oracle,squared_error,ok,1,0.20261211854215627,
DataFusionPPI-v3-agile-gate-2026-09-10,g0,ATE2,mild,omega_only,oracle,variance_hat,ok,1,0.14721451819636239,
DataFusionPPI-v3-agile-gate-2026-09-10,g0,ATE2,mild,omega_only,unweighted,balance_residual,not_applicable,0,,
DataFusionPPI-v3-agile-gate-2026-09-10,g0,ATE2,mild,omega_only,unweighted,ess_fraction,ok,1,1,
DataFusionPPI-v3-agile-gate-2026-09-10,g0,ATE2,mild,omega_only,unweighted,estimate,ok,1,1.0544486963628514,
DataFusionPPI-v3-agile-gate-2026-09-10,g0,ATE2,mild,omega_only,unweighted,lambda,ok,1,0,
DataFusionPPI-v3-agile-gate-2026-09-10,g0,ATE2,mild,omega_only,unweighted,normalization_error,ok,1,0,
DataFusionPPI-v3-agile-gate-2026-09-10,g0,ATE2,mild,omega_only,unweighted,omega,ok,1,0.34022150519530642,
DataFusionPPI-v3-agile-gate-2026-09-10,g0,ATE2,mild,omega_only,unweighted,squared_error,ok,1,0.31714404643420646,
DataFusionPPI-v3-agile-gate-2026-09-10,g0,ATE2,mild,omega_only,unweighted,variance_hat,ok,1,0.14704352861741188,
DataFusionPPI-v3-agile-gate-2026-09-10,g0,ATE2,mild,oracle_coefficient_joint,oracle,estimate,ok,1,0.7432882383401419,
DataFusionPPI-v3-agile-gate-2026-09-10,g0,ATE2,mild,oracle_coefficient_joint,oracle,lambda,ok,1,1,
DataFusionPPI-v3-agile-gate-2026-09-10,g0,ATE2,mild,oracle_coefficient_joint,oracle,normalization_error,ok,1,-0.0090525420077277596,
DataFusionPPI-v3-agile-gate-2026-09-10,g0,ATE2,mild,oracle_coefficient_joint,oracle,omega,ok,1,0.93287462615196792,
DataFusionPPI-v3-agile-gate-2026-09-10,g0,ATE2,mild,oracle_coefficient_joint,oracle,squared_error,ok,1,0.063501469524425258,
DataFusionPPI-v3-agile-gate-2026-09-10,g0,ATE2,mild,oracle_coefficient_joint,oracle,variance_hat,ok,1,0.11040518260982168,
DataFusionPPI-v3-agile-gate-2026-09-10,g0,ATE2,mild,rct_only,N/A,estimate,ok,1,0.93027268031586696,
DataFusionPPI-v3-agile-gate-2026-09-10,g0,ATE2,mild,rct_only,N/A,lambda,ok,1,0,
DataFusionPPI-v3-agile-gate-2026-09-10,g0,ATE2,mild,rct_only,N/A,omega,ok,1,0,
DataFusionPPI-v3-agile-gate-2026-09-10,g0,ATE2,mild,rct_only,N/A,squared_error,ok,1,0.19270293218514442,
DataFusionPPI-v3-agile-gate-2026-09-10,g0,ATE2,mild,rct_only,N/A,variance_hat,ok,1,0.15746681536027257,
DataFusionPPI-v3-agile-gate-2026-09-10,g0,ATE2,strong,joint,BAL-X,balance_residual,ok,1,2.1870885102970306e-09,
DataFusionPPI-v3-agile-gate-2026-09-10,g0,ATE2,strong,joint,BAL-X,ess_fraction,ok,1,0.11763301473958539,
DataFusionPPI-v3-agile-gate-2026-09-10,g0,ATE2,strong,joint,BAL-X,estimate,ok,1,-0.01126322181539488,
DataFusionPPI-v3-agile-gate-2026-09-10,g0,ATE2,strong,joint,BAL-X,lambda,ok,1,1,
DataFusionPPI-v3-agile-gate-2026-09-10,g0,ATE2,strong,joint,BAL-X,normalization_error,ok,1,6.6613381477509392e-16,
DataFusionPPI-v3-agile-gate-2026-09-10,g0,ATE2,strong,joint,BAL-X,omega,ok,1,0.87208926095757666,
DataFusionPPI-v3-agile-gate-2026-09-10,g0,ATE2,strong,joint,BAL-X,squared_error,ok,1,0.10065297948135372,
DataFusionPPI-v3-agile-gate-2026-09-10,g0,ATE2,strong,joint,BAL-X,variance_hat,ok,1,0.14043676068331312,
DataFusionPPI-v3-agile-gate-2026-09-10,g0,ATE2,strong,joint,BAL-X+g,balance_residual,ok,1,1.8127934708900284e-09,
DataFusionPPI-v3-agile-gate-2026-09-10,g0,ATE2,strong,joint,BAL-X+g,ess_fraction,ok,1,0.11619404220136775,
DataFusionPPI-v3-agile-gate-2026-09-10,g0,ATE2,strong,joint,BAL-X+g,estimate,ok,1,-0.0097473229223608016,
DataFusionPPI-v3-agile-gate-2026-09-10,g0,ATE2,strong,joint,BAL-X+g,lambda,ok,1,1,
DataFusionPPI-v3-agile-gate-2026-09-10,g0,ATE2,strong,joint,BAL-X+g,normalization_error,ok,1,4.4408920985006262e-16,
DataFusionPPI-v3-agile-gate-2026-09-10,g0,ATE2,strong,joint,BAL-X+g,omega,ok,1,0.8710726570166174,
DataFusionPPI-v3-agile-gate-2026-09-10,g0,ATE2,strong,joint,BAL-X+g,squared_error,ok,1,0.099693413699850325,
DataFusionPPI-v3-agile-gate-2026-09-10,g0,ATE2,strong,joint,BAL-X+g,variance_hat,ok,1,0.14047857515960499,
DataFusionPPI-v3-agile-gate-2026-09-10,g0,ATE2,strong,joint,classifier,balance_residual,not_applicable,0,,
DataFusionPPI-v3-agile-gate-2026-09-10,g0,ATE2,strong,joint,classifier,ess_fraction,ok,1,0.13608836564237189,
DataFusionPPI-v3-agile-gate-2026-09-10,g0,ATE2,strong,joint,classifier,estimate,ok,1,0.0028498176766611205,
DataFusionPPI-v3-agile-gate-2026-09-10,g0,ATE2,strong,joint,classifier,lambda,ok,1,1,
DataFusionPPI-v3-agile-gate-2026-09-10,g0,ATE2,strong,joint,classifier,normalization_error,ok,1,-0.0054055581370521244,
DataFusionPPI-v3-agile-gate-2026-09-10,g0,ATE2,strong,joint,classifier,omega,ok,1,0.89034442639220501,
DataFusionPPI-v3-agile-gate-2026-09-10,g0,ATE2,strong,joint,classifier,squared_error,ok,1,0.091897192833217275,
DataFusionPPI-v3-agile-gate-2026-09-10,g0,ATE2,strong,joint,classifier,variance_hat,ok,1,0.13982362688619493,
DataFusionPPI-v3-agile-gate-2026-09-10,g0,ATE2,strong,joint,oracle,balance_residual,not_applicable,0,,
DataFusionPPI-v3-agile-gate-2026-09-10,g0,ATE2,strong,joint,oracle,ess_fraction,ok,1,0.20951575365130959,
DataFusionPPI-v3-agile-gate-2026-09-10,g0,ATE2,strong,joint,oracle,estimate,ok,1,0.060687948741242198,
DataFusionPPI-v3-agile-gate-2026-09-10,g0,ATE2,strong,joint,oracle,lambda,ok,1,1,
DataFusionPPI-v3-agile-gate-2026-09-10,g0,ATE2,strong,joint,oracle,normalization_error,ok,1,-0.01386698473121184,
DataFusionPPI-v3-agile-gate-2026-09-10,g0,ATE2,strong,joint,oracle,omega,ok,1,0.92052443500554126,
DataFusionPPI-v3-agile-gate-2026-09-10,g0,ATE2,strong,joint,oracle,squared_error,ok,1,0.060175704172081908,
DataFusionPPI-v3-agile-gate-2026-09-10,g0,ATE2,strong,joint,oracle,variance_hat,ok,1,0.13863930910630631,
DataFusionPPI-v3-agile-gate-2026-09-10,g0,ATE2,strong,joint,unweighted,balance_residual,not_applicable,0,,
DataFusionPPI-v3-agile-gate-2026-09-10,g0,ATE2,strong,joint,unweighted,ess_fraction,ok,1,1,
DataFusionPPI-v3-agile-gate-2026-09-10,g0,ATE2,strong,joint,unweighted,estimate,ok,1,0.41470484846980915,
DataFusionPPI-v3-agile-gate-2026-09-10,g0,ATE2,strong,joint,unweighted,lambda,ok,1,1,
DataFusionPPI-v3-agile-gate-2026-09-10,g0,ATE2,strong,joint,unweighted,normalization_error,ok,1,0,
DataFusionPPI-v3-agile-gate-2026-09-10,g0,ATE2,strong,joint,unweighted,omega,ok,1,0.96051635583018846,
DataFusionPPI-v3-agile-gate-2026-09-10,g0,ATE2,strong,joint,unweighted,squared_error,ok,1,0.011817762564733193,
DataFusionPPI-v3-agile-gate-2026-09-10,g0,ATE2,strong,joint,unweighted,variance_hat,ok,1,0.13706644365043383,
DataFusionPPI-v3-agile-gate-2026-09-10,g0,ATE2,strong,lambda_only,N/A,estimate,ok,1,-0.15120673368842105,
DataFusionPPI-v3-agile-gate-2026-09-10,g0,ATE2,strong,lambda_only,N/A,lambda,ok,1,1,
DataFusionPPI-v3-agile-gate-2026-09-10,g0,ATE2,strong,lambda_only,N/A,omega,ok,1,0,
DataFusionPPI-v3-agile-gate-2026-09-10,g0,ATE2,strong,lambda_only,N/A,squared_error,ok,1,0.2090337137559353,
DataFusionPPI-v3-agile-gate-2026-09-10,g0,ATE2,strong,lambda_only,N/A,variance_hat,ok,1,0.16712577368535128,
DataFusionPPI-v3-agile-gate-2026-09-10,g0,ATE2,strong,omega_only,BAL-X,balance_residual,ok,1,2.1870885102970306e-09,
DataFusionPPI-v3-agile-gate-2026-09-10,g0,ATE2,strong,omega_only,BAL-X,ess_fraction,ok,1,0.11763301473958539,
DataFusionPPI-v3-agile-gate-2026-09-10,g0,ATE2,strong,omega_only,BAL-X,estimate,ok,1,-0.19118472089197991,
DataFusionPPI-v3-agile-gate-2026-09-10,g0,ATE2,strong,omega_only,BAL-X,lambda,ok,1,0,
DataFusionPPI-v3-agile-gate-2026-09-10,g0,ATE2,strong,omega_only,BAL-X,normalization_error,ok,1,6.6613381477509392e-16,
DataFusionPPI-v3-agile-gate-2026-09-10,g0,ATE2,strong,omega_only,BAL-X,omega,ok,1,0.87208926095757666,
DataFusionPPI-v3-agile-gate-2026-09-10,g0,ATE2,strong,omega_only,BAL-X,squared_error,ok,1,0.24718798855828727,
DataFusionPPI-v3-agile-gate-2026-09-10,g0,ATE2,strong,omega_only,BAL-X,variance_hat,ok,1,0.15408633862200921,
DataFusionPPI-v3-agile-gate-2026-09-10,g0,ATE2,strong,omega_only,BAL-X+g,balance_residual,ok,1,1.8127934708900284e-09,
DataFusionPPI-v3-agile-gate-2026-09-10,g0,ATE2,strong,omega_only,BAL-X+g,ess_fraction,ok,1,0.11619404220136775,
DataFusionPPI-v3-agile-gate-2026-09-10,g0,ATE2,strong,omega_only,BAL-X+g,estimate,ok,1,-0.18966882199894583,
DataFusionPPI-v3-agile-gate-2026-09-10,g0,ATE2,strong,omega_only,BAL-X+g,lambda,ok,1,0,
DataFusionPPI-v3-agile-gate-2026-09-10,g0,ATE2,strong,omega_only,BAL-X+g,normalization_error,ok,1,4.4408920985006262e-16,
DataFusionPPI-v3-agile-gate-2026-09-10,g0,ATE2,strong,omega_only,BAL-X+g,omega,ok,1,0.8710726570166174,
DataFusionPPI-v3-agile-gate-2026-09-10,g0,ATE2,strong,omega_only,BAL-X+g,squared_error,ok,1,0.24568293717421744,
DataFusionPPI-v3-agile-gate-2026-09-10,g0,ATE2,strong,omega_only,BAL-X+g,variance_hat,ok,1,0.15412250688288767,
DataFusionPPI-v3-agile-gate-2026-09-10,g0,ATE2,strong,omega_only,classifier,balance_residual,not_applicable,0,,
DataFusionPPI-v3-agile-gate-2026-09-10,g0,ATE2,strong,omega_only,classifier,ess_fraction,ok,1,0.13608836564237189,
DataFusionPPI-v3-agile-gate-2026-09-10,g0,ATE2,strong,omega_only,classifier,estimate,ok,1,-0.17707168139992391,
DataFusionPPI-v3-agile-gate-2026-09-10,g0,ATE2,strong,omega_only,classifier,lambda,ok,1,0,
DataFusionPPI-v3-agile-gate-2026-09-10,g0,ATE2,strong,omega_only,classifier,normalization_error,ok,1,-0.0054055581370521244,
DataFusionPPI-v3-agile-gate-2026-09-10,g0,ATE2,strong,omega_only,classifier,omega,ok,1,0.89034442639220501,
DataFusionPPI-v3-agile-gate-2026-09-10,g0,ATE2,strong,omega_only,classifier,squared_error,ok,1,0.23335372346627528,
DataFusionPPI-v3-agile-gate-2026-09-10,g0,ATE2,strong,omega_only,classifier,variance_hat,ok,1,0.15357459396209597,
DataFusionPPI-v3-agile-gate-2026-09-10,g0,ATE2,strong,omega_only,oracle,balance_residual,not_applicable,0,,
DataFusionPPI-v3-agile-gate-2026-09-10,g0,ATE2,strong,omega_only,oracle,ess_fraction,ok,1,0.20951575365130959,
DataFusionPPI-v3-agile-gate-2026-09-10,g0,ATE2,strong,omega_only,oracle,estimate,ok,1,-0.11923355033534283,
DataFusionPPI-v3-agile-gate-2026-09-10,g0,ATE2,strong,omega_only,oracle,lambda,ok,1,0,
DataFusionPPI-v3-agile-gate-2026-09-10,g0,ATE2,strong,omega_only,oracle,normalization_error,ok,1,-0.01386698473121184,
DataFusionPPI-v3-agile-gate-2026-09-10,g0,ATE2,strong,omega_only,oracle,omega,ok,1,0.92052443500554126,
DataFusionPPI-v3-agile-gate-2026-09-10,g0,ATE2,strong,omega_only,oracle,squared_error,ok,1,0.18081958831528505,
DataFusionPPI-v3-agile-gate-2026-09-10,g0,ATE2,strong,omega_only,oracle,variance_hat,ok,1,0.15255789586470764,
DataFusionPPI-v3-agile-gate-2026-09-10,g0,ATE2,strong,omega_only,unweighted,balance_residual,not_applicable,0,,
DataFusionPPI-v3-agile-gate-2026-09-10,g0,ATE2,strong,omega_only,unweighted,ess_fraction,ok,1,1,
DataFusionPPI-v3-agile-gate-2026-09-10,g0,ATE2,strong,omega_only,unweighted,estimate,ok,1,0.23478334939322415,
DataFusionPPI-v3-agile-gate-2026-09-10,g0,ATE2,strong,omega_only,unweighted,lambda,ok,1,0,
DataFusionPPI-v3-agile-gate-2026-09-10,g0,ATE2,strong,omega_only,unweighted,normalization_error,ok,1,0,
DataFusionPPI-v3-agile-gate-2026-09-10,g0,ATE2,strong,omega_only,unweighted,omega,ok,1,0.96051635583018846,
DataFusionPPI-v3-agile-gate-2026-09-10,g0,ATE2,strong,omega_only,unweighted,squared_error,ok,1,0.0050711441127186223,
DataFusionPPI-v3-agile-gate-2026-09-10,g0,ATE2,strong,omega_only,unweighted,variance_hat,ok,1,0.15120714542401248,
DataFusionPPI-v3-agile-gate-2026-09-10,g0,ATE2,strong,oracle_coefficient_joint,oracle,estimate,ok,1,0.03598834622465516,
DataFusionPPI-v3-agile-gate-2026-09-10,g0,ATE2,strong,oracle_coefficient_joint,oracle,lambda,ok,1,1,
DataFusionPPI-v3-agile-gate-2026-09-10,g0,ATE2,strong,oracle_coefficient_joint,oracle,normalization_error,ok,1,-0.01386698473121184,
DataFusionPPI-v3-agile-gate-2026-09-10,g0,ATE2,strong,oracle_coefficient_joint,oracle,omega,ok,1,0.81322307476970834,
DataFusionPPI-v3-agile-gate-2026-09-10,g0,ATE2,strong,oracle_coefficient_joint,oracle,squared_error,ok,1,0.072903763441810154,
DataFusionPPI-v3-agile-gate-2026-09-10,g0,ATE2,strong,oracle_coefficient_joint,oracle,variance_hat,ok,1,0.14099372479445954,
DataFusionPPI-v3-agile-gate-2026-09-10,g0,ATE2,strong,rct_only,N/A,estimate,ok,1,-0.33112823276500608,
DataFusionPPI-v3-agile-gate-2026-09-10,g0,ATE2,strong,rct_only,N/A,lambda,ok,1,0,
DataFusionPPI-v3-agile-gate-2026-09-10,g0,ATE2,strong,rct_only,N/A,omega,ok,1,0,
DataFusionPPI-v3-agile-gate-2026-09-10,g0,ATE2,strong,rct_only,N/A,squared_error,ok,1,0.40592641571734223,
DataFusionPPI-v3-agile-gate-2026-09-10,g0,ATE2,strong,rct_only,N/A,variance_hat,ok,1,0.17593177033464302,
DataFusionPPI-v3-agile-gate-2026-09-10,g0,CATE1,confounding2,grid_oracle,r=1,bound_vacuity_ratio,ok,1,56816.524085430574,
DataFusionPPI-v3-agile-gate-2026-09-10,g0,CATE1,confounding2,grid_oracle,r=1,lambda,ok,1,1,
DataFusionPPI-v3-agile-gate-2026-09-10,g0,CATE1,confounding2,grid_oracle,r=1,omega,ok,1,0.5,
DataFusionPPI-v3-agile-gate-2026-09-10,g0,CATE1,confounding2,grid_oracle,r=1,reporting_score,ok,1,0.042670405147108473,
DataFusionPPI-v3-agile-gate-2026-09-10,g0,CATE1,confounding2,grid_oracle,r=1,risk,ok,1,0.0029480172106374838,
DataFusionPPI-v3-agile-gate-2026-09-10,g0,CATE1,confounding2,grid_oracle,r=1,selection_score,ok,1,0.043631303372149162,
DataFusionPPI-v3-agile-gate-2026-09-10,g0,CATE1,confounding2,joint,r=1,bound_vacuity_ratio,ok,1,56816.524085430574,
DataFusionPPI-v3-agile-gate-2026-09-10,g0,CATE1,confounding2,joint,r=1,lambda,ok,1,0.5,
DataFusionPPI-v3-agile-gate-2026-09-10,g0,CATE1,confounding2,joint,r=1,omega,ok,1,0.5,
DataFusionPPI-v3-agile-gate-2026-09-10,g0,CATE1,confounding2,joint,r=1,reporting_score,ok,1,0.042214637282063962,
DataFusionPPI-v3-agile-gate-2026-09-10,g0,CATE1,confounding2,joint,r=1,risk,ok,1,0.0034731156751036094,
DataFusionPPI-v3-agile-gate-2026-09-10,g0,CATE1,confounding2,joint,r=1,selection_score,ok,1,0.043084459761263377,
DataFusionPPI-v3-agile-gate-2026-09-10,g0,CATE1,confounding2,lambda_only,r=1,bound_vacuity_ratio,ok,1,56816.524085430574,
DataFusionPPI-v3-agile-gate-2026-09-10,g0,CATE1,confounding2,lambda_only,r=1,lambda,ok,1,0.5,
DataFusionPPI-v3-agile-gate-2026-09-10,g0,CATE1,confounding2,lambda_only,r=1,omega,ok,1,0,
DataFusionPPI-v3-agile-gate-2026-09-10,g0,CATE1,confounding2,lambda_only,r=1,reporting_score,ok,1,0.04363897436750333,
DataFusionPPI-v3-agile-gate-2026-09-10,g0,CATE1,confounding2,lambda_only,r=1,risk,ok,1,0.0040179514447519328,
DataFusionPPI-v3-agile-gate-2026-09-10,g0,CATE1,confounding2,lambda_only,r=1,selection_score,ok,1,0.043583674871817267,
DataFusionPPI-v3-agile-gate-2026-09-10,g0,CATE1,confounding2,omega_only,r=1,bound_vacuity_ratio,ok,1,56816.524085430574,
DataFusionPPI-v3-agile-gate-2026-09-10,g0,CATE1,confounding2,omega_only,r=1,lambda,ok,1,0,
DataFusionPPI-v3-agile-gate-2026-09-10,g0,CATE1,confounding2,omega_only,r=1,omega,ok,1,0.5,
DataFusionPPI-v3-agile-gate-2026-09-10,g0,CATE1,confounding2,omega_only,r=1,reporting_score,ok,1,0.042941910122045311,
DataFusionPPI-v3-agile-gate-2026-09-10,g0,CATE1,confounding2,omega_only,r=1,risk,ok,1,0.0053719896257774374,
DataFusionPPI-v3-agile-gate-2026-09-10,g0,CATE1,confounding2,omega_only,r=1,selection_score,ok,1,0.043974410618477178,
DataFusionPPI-v3-agile-gate-2026-09-10,g0,CATE1,confounding2,rct_only,r=1,bound_vacuity_ratio,ok,1,56816.524085430574,
DataFusionPPI-v3-agile-gate-2026-09-10,g0,CATE1,confounding2,rct_only,r=1,lambda,ok,1,0,
DataFusionPPI-v3-agile-gate-2026-09-10,g0,CATE1,confounding2,rct_only,r=1,omega,ok,1,0,
DataFusionPPI-v3-agile-gate-2026-09-10,g0,CATE1,confounding2,rct_only,r=1,reporting_score,ok,1,0.04416857554104265,
DataFusionPPI-v3-agile-gate-2026-09-10,g0,CATE1,confounding2,rct_only,r=1,risk,ok,1,0.0061895051638669301,
DataFusionPPI-v3-agile-gate-2026-09-10,g0,CATE1,confounding2,rct_only,r=1,selection_score,ok,1,0.044794101657138083,
DataFusionPPI-v3-agile-gate-2026-09-10,g0,CATE1,reference,grid_oracle,r=1,bound_vacuity_ratio,ok,1,30111.391728053964,
DataFusionPPI-v3-agile-gate-2026-09-10,g0,CATE1,reference,grid_oracle,r=1,lambda,ok,1,1,
DataFusionPPI-v3-agile-gate-2026-09-10,g0,CATE1,reference,grid_oracle,r=1,omega,ok,1,0,
DataFusionPPI-v3-agile-gate-2026-09-10,g0,CATE1,reference,grid_oracle,r=1,reporting_score,ok,1,0.045020473021644546,
DataFusionPPI-v3-agile-gate-2026-09-10,g0,CATE1,reference,grid_oracle,r=1,risk,ok,1,0.0026090148527732663,
DataFusionPPI-v3-agile-gate-2026-09-10,g0,CATE1,reference,grid_oracle,r=1,selection_score,ok,1,0.038627555113494763,
DataFusionPPI-v3-agile-gate-2026-09-10,g0,CATE1,reference,joint,r=1,bound_vacuity_ratio,ok,1,30111.391728053964,
DataFusionPPI-v3-agile-gate-2026-09-10,g0,CATE1,reference,joint,r=1,lambda,ok,1,1,
DataFusionPPI-v3-agile-gate-2026-09-10,g0,CATE1,reference,joint,r=1,omega,ok,1,0.25,
DataFusionPPI-v3-agile-gate-2026-09-10,g0,CATE1,reference,joint,r=1,reporting_score,ok,1,0.045479583039844687,
DataFusionPPI-v3-agile-gate-2026-09-10,g0,CATE1,reference,joint,r=1,risk,ok,1,0.0026418031090325003,
DataFusionPPI-v3-agile-gate-2026-09-10,g0,CATE1,reference,joint,r=1,selection_score,ok,1,0.038622087976602798,
DataFusionPPI-v3-agile-gate-2026-09-10,g0,CATE1,reference,lambda_only,r=1,bound_vacuity_ratio,ok,1,30111.391728053964,
DataFusionPPI-v3-agile-gate-2026-09-10,g0,CATE1,reference,lambda_only,r=1,lambda,ok,1,1,
DataFusionPPI-v3-agile-gate-2026-09-10,g0,CATE1,reference,lambda_only,r=1,omega,ok,1,0,
DataFusionPPI-v3-agile-gate-2026-09-10,g0,CATE1,reference,lambda_only,r=1,reporting_score,ok,1,0.045020473021644546,
DataFusionPPI-v3-agile-gate-2026-09-10,g0,CATE1,reference,lambda_only,r=1,risk,ok,1,0.0026090148527732663,
DataFusionPPI-v3-agile-gate-2026-09-10,g0,CATE1,reference,lambda_only,r=1,selection_score,ok,1,0.038627555113494763,
DataFusionPPI-v3-agile-gate-2026-09-10,g0,CATE1,reference,omega_only,r=1,bound_vacuity_ratio,ok,1,30111.391728053964,
DataFusionPPI-v3-agile-gate-2026-09-10,g0,CATE1,reference,omega_only,r=1,lambda,ok,1,0,
DataFusionPPI-v3-agile-gate-2026-09-10,g0,CATE1,reference,omega_only,r=1,omega,ok,1,0.25,
DataFusionPPI-v3-agile-gate-2026-09-10,g0,CATE1,reference,omega_only,r=1,reporting_score,ok,1,0.050074483674655446,
DataFusionPPI-v3-agile-gate-2026-09-10,g0,CATE1,reference,omega_only,r=1,risk,ok,1,0.0062541071118946117,
DataFusionPPI-v3-agile-gate-2026-09-10,g0,CATE1,reference,omega_only,r=1,selection_score,ok,1,0.041634965358528807,
DataFusionPPI-v3-agile-gate-2026-09-10,g0,CATE1,reference,rct_only,r=1,bound_vacuity_ratio,ok,1,30111.391728053964,
DataFusionPPI-v3-agile-gate-2026-09-10,g0,CATE1,reference,rct_only,r=1,lambda,ok,1,0,
DataFusionPPI-v3-agile-gate-2026-09-10,g0,CATE1,reference,rct_only,r=1,omega,ok,1,0,
DataFusionPPI-v3-agile-gate-2026-09-10,g0,CATE1,reference,rct_only,r=1,reporting_score,ok,1,0.049829332517779538,
DataFusionPPI-v3-agile-gate-2026-09-10,g0,CATE1,reference,rct_only,r=1,risk,ok,1,0.0064830367334553921,
DataFusionPPI-v3-agile-gate-2026-09-10,g0,CATE1,reference,rct_only,r=1,selection_score,ok,1,0.041713703600270116,
