table,estimator,n_rct,value
1_coverage,rct_only,50.0,0.912
1_coverage,rct_only,100.0,0.948
1_coverage,rct_only,200.0,0.952
1_coverage,rct_only,400.0,0.962
1_coverage,joint,50.0,0.905
1_coverage,joint,100.0,0.943
1_coverage,joint,200.0,0.95
1_coverage,joint,400.0,0.962
1_coverage,shrinkage,50.0,0.542
1_coverage,shrinkage,100.0,0.52
1_coverage,shrinkage,200.0,0.495
1_coverage,shrinkage,400.0,0.625
1_coverage,adaptive,50.0,0.42
1_coverage,adaptive,100.0,0.355
1_coverage,adaptive,200.0,0.302
1_coverage,adaptive,400.0,0.425
1_coverage,naive_pool,50.0,0.165
1_coverage,naive_pool,100.0,0.058
1_coverage,naive_pool,200.0,0.045
1_coverage,naive_pool,400.0,0.033
1_coverage,obs_transported,50.0,0.333
1_coverage,obs_transported,100.0,0.217
1_coverage,obs_transported,200.0,0.082
1_coverage,obs_transported,400.0,0.043
1_regret,spline3,,1.0
1_regret_ratio_median,spline3,,4e-06
1_regret,spline5,,1.0
1_regret_ratio_median,spline5,,5e-06
1_regret,neural,,1.0
1_regret_ratio_median,neural,,3e-06
