scm_id,regime,n,N,estimator,replications,true_theta,bias,bias_mcse,empirical_variance,empirical_variance_mcse,mean_estimated_variance,rmse,mean_standard_error,coverage_95,coverage_mcse,mean_lambda,sd_lambda,lambda_clipping_count,lambda_clipping_rate,mean_omega,sd_omega,omega_clipping_count,omega_clipping_rate,mean_nominal_unconstrained_lambda_gain,mean_nominal_unconstrained_omega_gain,mean_predicted_clipped_lambda_gain,mean_predicted_clipped_omega_gain,mean_calibration_g_tau_correlation,mean_calibration_between_x_share,mean_calibration_ratio_bias_functional,mean_fitted_ratio_mean_minus_one,mean_fitted_ratio_ess,mean_fitted_ratio_max,mean_fitted_ratio_clip_fraction,mean_fitted_ratio_l2_oracle,mean_fitted_ratio_bias_functional,mean_feasible_minus_oracle_ratio_channel,minimum_train_rct_arm_count,interpretation,variance_ratio_vs_aipw,paired_mean_fusion_minus_aipw,paired_difference_mcse
0,shared,20,5000,estimated_r_datafusion,20,0.8647259144,0.0939300816,0.09479333962,0.1797155447,0.05830742213,0.2822940609,0.4237365074,0.5239943311,1,0,1.047607802,0.2052572317,0,0,0.333927473,1.350880113,6,0.3,0.2785625558,0.03541490292,0.2785625558,0.03353460006,0.9585206506,0.02065495967,-0.01065355779,0.001868524135,4115.924027,5.072521843,0,0.4556652501,-0.01327667283,0.01365414791,4,illustrative_random_scm_debugging_pilot,0.2905488594,-0.04023204773,0.1347757495
0,shared,20,5000,rct_aipw,20,0.8647259144,0.1341621293,0.1758604728,0.6185381181,0.2006802651,0.6308695031,0.7782099262,0.7679479027,0.95,0.04873397172,0,0,0,0,0,0,0,0,0.2785625558,0.03541490292,0.2785625558,0.03353460006,0.9585206506,0.02065495967,-0.01065355779,0.001868524135,4115.924027,5.072521843,0,0.4556652501,-0.01327667283,0,4,illustrative_random_scm_debugging_pilot,1,-0.04023204773,0.1347757495
0,shared,30,5000,estimated_r_datafusion,20,0.8647259144,0.0306416159,0.08780248372,0.1541855229,0.0500243893,0.1693645121,0.3839468133,0.4058701279,1,0,0.9884898922,0.2166883772,0,0,0.1436005122,1.090529368,2,0.1,0.1449707833,0.01027201523,0.1449707833,0.01015024175,0.9690087101,0.03448149616,-0.00955687121,0.010594306,4344.337146,3.923345755,0,0.3785256159,-0.009327075839,-0.006963084492,8,illustrative_random_scm_debugging_pilot,0.5731521132,0.1926849942,0.1007453381
0,shared,30,5000,rct_aipw,20,0.8647259144,-0.1620433783,0.1159769951,0.2690132679,0.08727942923,0.3154808915,0.5308678375,0.5504875288,0.95,0.04873397172,0,0,0,0,0,0,0,0,0.1449707833,0.01027201523,0.1449707833,0.01015024175,0.9690087101,0.03448149616,-0.00955687121,0.010594306,4344.337146,3.923345755,0,0.3785256159,-0.009327075839,0,8,illustrative_random_scm_debugging_pilot,1,0.1926849942,0.1007453381
0,shifted,20,5000,estimated_r_datafusion,20,0.7936427743,-0.01730311932,0.1025185102,0.2102008986,0.06819817697,0.2605075469,0.4472026963,0.4980897185,1,0,1.09802053,0.1736758691,0,0,0.3084431485,1.567338881,8,0.4,0.4007018241,0.05451815909,0.4007018241,0.04692534412,0.9570120546,0.02558996153,-0.0002459275559,0.006432261959,3119.837266,10.87948501,0.0022,0.5731316521,-0.0004078655449,0.002080711714,4,illustrative_random_scm_debugging_pilot,0.9373355421,-0.03035041709,0.1338926148
0,shifted,20,5000,rct_aipw,20,0.7936427743,0.01304729777,0.1058899501,0.2242536308,0.07275748535,0.7221802019,0.4617479629,0.8199239506,0.95,0.04873397172,0,0,0,0,0,0,0,0,0.4007018241,0.05451815909,0.4007018241,0.04692534412,0.9570120546,0.02558996153,-0.0002459275559,0.006432261959,3119.837266,10.87948501,0.0022,0.5731316521,-0.0004078655449,0,4,illustrative_random_scm_debugging_pilot,1,-0.03035041709,0.1338926148
0,shifted,30,5000,estimated_r_datafusion,20,0.7936427743,0.03630775575,0.09871626032,0.194898001,0.0632332614,0.188289319,0.4318232904,0.4277950202,0.95,0.04873397172,1.124484222,0.217965135,0,0,1.030537065,0.9263638266,4,0.2,0.191891106,0.03290170267,0.191891106,0.030084983,0.9564293712,0.03476351998,-0.01247105142,0.002451367197,3130.701688,9.734705584,0.00042,0.4533357586,-0.01220856686,-0.02288591736,8,illustrative_random_scm_debugging_pilot,0.6490963181,0.1178676289,0.0747287696
0,shifted,30,5000,rct_aipw,20,0.7936427743,-0.08155987319,0.122527655,0.3002605246,0.09741737804,0.2875433219,0.5402772541,0.5287664014,0.9,0.06708203932,0,0,0,0,0,0,0,0,0.191891106,0.03290170267,0.191891106,0.030084983,0.9564293712,0.03476351998,-0.01247105142,0.002451367197,3130.701688,9.734705584,0.00042,0.4533357586,-0.01220856686,0,8,illustrative_random_scm_debugging_pilot,1,0.1178676289,0.0747287696
1,shared,20,5000,estimated_r_datafusion,20,0.8178858033,-0.006049750436,0.115998958,0.2691151651,0.08731248905,0.2263755295,0.5056639262,0.4673453562,0.85,0.07984359711,0.9653821294,0.3230006916,0,0,0.8756589878,0.8571030662,3,0.15,0.1596286885,0.03160359226,0.1596286885,0.03125379718,0.9772265102,0.05732632018,-0.03054398586,0.003364329203,4229.760066,4.466025313,1e-05,0.4105627051,-0.03220703556,-0.007500128337,5,illustrative_random_scm_debugging_pilot,1.148256919,0.2013398785,0.1251730051
1,shared,20,5000,rct_aipw,20,0.8178858033,-0.2073896289,0.1082516569,0.2343684245,0.0760391578,0.3919864945,0.5154226048,0.6130243078,1,0,0,0,0,0,0,0,0,0,0.1596286885,0.03160359226,0.1596286885,0.03125379718,0.9772265102,0.05732632018,-0.03054398586,0.003364329203,4229.760066,4.466025313,1e-05,0.4105627051,-0.03220703556,0,5,illustrative_random_scm_debugging_pilot,1,0.2013398785,0.1251730051
1,shared,30,5000,estimated_r_datafusion,20,0.8178858033,0.00230172201,0.09250100475,0.1711287176,0.05552148753,0.153858248,0.4032091016,0.3880716128,0.85,0.07984359711,0.8925272275,0.2460665662,0,0,0.6643680709,0.7895126956,1,0.05,0.08002643277,0.01508367207,0.08002643277,0.01504936967,0.9823663433,0.0714330012,0.02085877204,0.008945923447,4410.224881,3.533234382,0,0.3538989704,0.02298311837,-0.01439809468,7,illustrative_random_scm_debugging_pilot,1.054827949,-0.112728077,0.0922659602
1,shared,30,5000,rct_aipw,20,0.8178858033,0.115029799,0.09006491341,0.1622337726,0.05263558628,0.2393078107,0.4090891573,0.480438936,0.95,0.04873397172,0,0,0,0,0,0,0,0,0.08002643277,0.01508367207,0.08002643277,0.01504936967,0.9823663433,0.0714330012,0.02085877204,0.008945923447,4410.224881,3.533234382,0,0.3538989704,0.02298311837,0,7,illustrative_random_scm_debugging_pilot,1,-0.112728077,0.0922659602
1,shifted,20,5000,estimated_r_datafusion,20,0.6128955804,0.2547064901,0.1041328252,0.2168729057,0.07036286194,0.208895252,0.5204850205,0.4515250644,0.9,0.06708203932,0.9862102515,0.342881134,0,0,0.8788742054,1.171104788,5,0.25,0.2217714735,0.06677703922,0.2217714735,0.05909636322,0.9784055787,0.05872793512,0.01829917854,0.01035596778,3309.985756,10.55625481,0.00093,0.5311264203,0.02082868182,0.01500037298,4,illustrative_random_scm_debugging_pilot,0.6260673924,0.02436498792,0.1132506692
1,shifted,20,5000,rct_aipw,20,0.6128955804,0.2303415022,0.1316064301,0.346405049,0.1123886387,0.4320186859,0.6181763536,0.63990909,0.95,0.04873397172,0,0,0,0,0,0,0,0,0.2217714735,0.06677703922,0.2217714735,0.05909636322,0.9784055787,0.05872793512,0.01829917854,0.01035596778,3309.985756,10.55625481,0.00093,0.5311264203,0.02082868182,0,4,illustrative_random_scm_debugging_pilot,1,0.02436498792,0.1132506692
1,shifted,30,5000,estimated_r_datafusion,20,0.6128955804,-0.05214448345,0.1025366129,0.2102751397,0.06822226397,0.1952614499,0.4499782548,0.436988789,0.95,0.04873397172,1.005826617,0.2686034253,0,0,0.7918666462,0.8093983827,2,0.1,0.09308857914,0.01978862334,0.09308857914,0.01920106478,0.9776076621,0.05649376791,0.01300295046,0.01382497952,3529.5436,7.880663459,6e-05,0.3828903663,0.01530182013,-0.01241859176,11,illustrative_random_scm_debugging_pilot,0.6211598876,-0.1475295416,0.0864442806
1,shifted,30,5000,rct_aipw,20,0.6128955804,0.09538505815,0.1300999908,0.3385201522,0.1098304403,0.2960834704,0.5750586526,0.5327049259,0.9,0.06708203932,0,0,0,0,0,0,0,0,0.09308857914,0.01978862334,0.09308857914,0.01920106478,0.9776076621,0.05649376791,0.01300295046,0.01382497952,3529.5436,7.880663459,6e-05,0.3828903663,0.01530182013,0,11,illustrative_random_scm_debugging_pilot,1,-0.1475295416,0.0864442806
2,shared,20,5000,estimated_r_datafusion,20,0.5177838647,-0.07998605102,0.1682388894,0.5660864784,0.183662706,0.3476652592,0.7376855176,0.5675455203,0.85,0.07984359711,0.9863741526,0.2975766049,0,0,1.29679603,0.6647816518,5,0.25,0.2629080035,0.07793692329,0.2629080035,0.07193680016,0.9753506868,0.05836568039,-0.03299543725,0.00640748872,4235.274813,4.291670572,1e-05,0.420199876,-0.03240565395,-0.03584081824,5,illustrative_random_scm_debugging_pilot,0.6769631567,-0.2046934972,0.1150040912
2,shared,20,5000,rct_aipw,20,0.5177838647,0.1247074462,0.204476723,0.8362146046,0.2713038431,0.6239612135,0.8999754561,0.7618734543,0.9,0.06708203932,0,0,0,0,0,0,0,0,0.2629080035,0.07793692329,0.2629080035,0.07193680016,0.9753506868,0.05836568039,-0.03299543725,0.00640748872,4235.274813,4.291670572,1e-05,0.420199876,-0.03240565395,0,5,illustrative_random_scm_debugging_pilot,1,-0.2046934972,0.1150040912
2,shared,30,5000,estimated_r_datafusion,20,0.5177838647,-0.1946263032,0.08845888532,0.1564994879,0.05077513865,0.2127233983,0.4319188713,0.4550635521,1,0,0.9051679787,0.3062906587,0,0,1.04512668,0.9411343916,4,0.2,0.1155708909,0.03580964436,0.1155708909,0.03540506264,0.9809149677,0.06351933383,-0.02299564799,0.006053845996,4448.3459,3.453860693,0,0.3346002337,-0.01960794638,-0.02430048447,7,illustrative_random_scm_debugging_pilot,0.4490335816,-0.05335786906,0.09460169967
2,shared,30,5000,rct_aipw,20,0.5177838647,-0.1412684342,0.1320085473,0.348525131,0.1130764841,0.3389495415,0.5924994894,0.566798207,0.95,0.04873397172,0,0,0,0,0,0,0,0,0.1155708909,0.03580964436,0.1155708909,0.03540506264,0.9809149677,0.06351933383,-0.02299564799,0.006053845996,4448.3459,3.453860693,0,0.3346002337,-0.01960794638,0,7,illustrative_random_scm_debugging_pilot,1,-0.05335786906,0.09460169967
2,shifted,20,5000,estimated_r_datafusion,20,0.4390594372,0.03839584578,0.1177752093,0.2774199987,0.09000693286,0.3121766261,0.5148040789,0.5481555247,0.9,0.06708203932,0.9070495001,0.3970809692,1,0.05,0.9098456785,0.8506741078,4,0.2,0.3022653992,0.09432620128,0.3022642421,0.07902821552,0.9819085347,0.06650482411,-0.04733165994,0.00583677661,3423.384078,8.691121797,0.00058,0.5093802795,-0.04953313203,-0.048835072,5,illustrative_random_scm_debugging_pilot,0.4814405456,-0.01577972047,0.111575433
2,shifted,20,5000,rct_aipw,20,0.4390594372,0.05417556625,0.1697393573,0.5762289886,0.1869533709,0.5828974031,0.7418574871,0.7257121664,0.9,0.06708203932,0,0,0,0,0,0,0,0,0.3022653992,0.09432620128,0.3022642421,0.07902821552,0.9819085347,0.06650482411,-0.04733165994,0.00583677661,3423.384078,8.691121797,0.00058,0.5093802795,-0.04953313203,0,5,illustrative_random_scm_debugging_pilot,1,-0.01577972047,0.111575433
2,shifted,30,5000,estimated_r_datafusion,20,0.4390594372,-0.0927545433,0.08393500995,0.1409017179,0.04571455383,0.2286607564,0.3774387862,0.4670583898,0.95,0.04873397172,1.068132508,0.2090963524,0,0,0.6314706982,0.7663902358,1,0.05,0.197974268,0.01979359361,0.197974268,0.01965905498,0.9705498886,0.05381353116,-0.008774829643,0.008405662322,4088.878847,4.952593946,0,0.365377038,-0.01062183006,-0.009186563681,7,illustrative_random_scm_debugging_pilot,0.3255204755,-0.004018787059,0.1457970043
2,shifted,30,5000,rct_aipw,20,0.4390594372,-0.08873575624,0.1471139954,0.4328505531,0.1404352637,0.3387424771,0.6473654763,0.5666426079,0.9,0.06708203932,0,0,0,0,0,0,0,0,0.197974268,0.01979359361,0.197974268,0.01965905498,0.9705498886,0.05381353116,-0.008774829643,0.008405662322,4088.878847,4.952593946,0,0.365377038,-0.01062183006,0,7,illustrative_random_scm_debugging_pilot,1,-0.004018787059,0.1457970043
