benchmark,scenario_id,regime,n_rct_total,estimator,tuning_restriction,uses_ratio_channel,replications,true_theta,mean_estimate,bias,bias_mcse,empirical_variance,empirical_variance_mcse_normal,rmse,variance_ratio_to_aipw,variance_ratio_to_full,rmse_ratio_to_aipw,rmse_ratio_to_full,paired_mean_difference_vs_aipw,paired_mean_difference_mcse_vs_aipw,paired_mean_difference_vs_full,paired_mean_difference_mcse_vs_full,paired_squared_error_difference_vs_aipw,paired_squared_error_difference_mcse_vs_aipw,paired_squared_error_difference_vs_full,paired_squared_error_difference_mcse_vs_full,paired_variance_difference_full_minus_method,paired_variance_difference_mcse_full_minus_method,source_sha256,support_rows,interpretation,average_mean_raw_lambda_used,average_mean_raw_omega_used,average_mean_lambda_used,average_mean_omega_used,average_mean_lambda_constrained_from_raw,average_mean_omega_constrained_from_raw,average_mean_lambda_at_boundary,average_mean_omega_at_boundary,average_mean_coefficient_fallback,average_common_mean_tuning_a,average_common_mean_tuning_b,average_common_mean_tuning_c,average_common_mean_tuning_d,average_common_mean_tuning_h,average_common_mean_ratio_normalization_error_raw,average_common_mean_ratio_normalization_error_clipped,average_common_mean_ratio_ess,average_common_mean_ratio_max_raw,average_common_mean_ratio_clip_fraction,average_common_mean_true_r_product_bias_raw,average_common_mean_true_r_product_bias_clipped,average_common_min_rct_train_arm,average_common_min_obs_train_arm,average_score_variance_proxy_nonexact
arbitrary_scm,0,shared,20,full_datafusionppi,joint_box_lambda_omega,1,20,0.864725914388,0.990438919009,0.125713004621,0.119227274898,0.284302861594,0.0922400284786,0.534688206383,0.486058499531,1,0.594170130448,1,-0.378404251022,0.102388100902,0,0,-0.52391189015,0.171291256868,0,0,0,0,not_applicable,0,total_budget_nested_debugging_benchmark,0.969729722196,0.736595648963,0.980236106342,0.485804916765,0.29,0.29,0,0.29,0,8.56415411156,0.215659809296,-8.38646885618,0.161131344307,-0.00176315841213,0.00789488004311,0.00789556795314,758.723229235,5.16080435218,8e-05,-0.00550353785625,-0.00550315280715,1.9,905.9,0.289363606545
arbitrary_scm,0,shared,20,haipw_only,restricted_omega_0,0,20,0.864725914388,0.976352952601,0.111627038213,0.112536532794,0.253289424265,0.0821779407234,0.503076086405,0.433036364162,0.890914086637,0.559041288579,0.940877469147,-0.39249021743,0.106978404169,-0.014085966408,0.0480720923899,-0.556717819483,0.195287511076,-0.0328059293329,0.0544485894462,0.0310134373287,0.0523213382536,not_applicable,0,total_budget_nested_debugging_benchmark,0.985826672161,0,0.985826672161,0,0,0,0,0,0,8.56415411156,0.215659809296,-8.38646885618,0.161131344307,-0.00176315841213,0.00789488004311,0.00789556795314,758.723229235,5.16080435218,8e-05,-0.00550353785625,-0.00550315280715,1.9,905.9,0.290872769021
arbitrary_scm,0,shared,20,ppi_power_tuned_only,restricted_lambda_0,1,20,0.864725914388,1.41277636401,0.548050449624,0.178691673877,0.638614286256,0.207193834142,0.952387981484,1.09180716654,2.24624642424,1.05833733462,1.78120252161,0.0439331939812,0.057315391607,0.422337445003,0.100738985718,0.0972394990805,0.0961269672878,0.621151389231,0.215226187569,-0.354311424662,0.131048667719,not_applicable,0,total_budget_nested_debugging_benchmark,0,1.02717194765,0,0.410383539825,0,0.5,0,0.5,0,8.56415411156,0.215659809296,-8.38646885618,0.161131344307,-0.00176315841213,0.00789488004311,0.00789556795314,758.723229235,5.16080435218,8e-05,-0.00550353785625,-0.00550315280715,1.9,905.9,0.615661209019
arbitrary_scm,0,shared,20,rct_aipw,fixed_lambda_0_omega_0,0,20,0.864725914388,1.36884317003,0.504117255642,0.171013874592,0.584914906062,0.189771454604,0.899890753478,1,2.05736552486,1,1.68301964161,0,0,0.378404251022,0.102388100902,0,0,0.52391189015,0.171291256868,-0.300612044468,0.127432749115,not_applicable,0,total_budget_nested_debugging_benchmark,0,0,0,0,0,0,0,0,0,8.56415411156,0.215659809296,-8.38646885618,0.161131344307,-0.00176315841213,0.00789488004311,0.00789556795314,758.723229235,5.16080435218,8e-05,-0.00550353785625,-0.00550315280715,1.9,905.9,0.628900532165
arbitrary_scm,0,shared,30,full_datafusionppi,joint_box_lambda_omega,1,20,0.864725914388,0.91072855559,0.046002641202,0.0995506429987,0.198206610429,0.0643067160427,0.43636283401,0.35386020344,1,0.59818494342,1,0.0502228075067,0.10348687598,0,0,-0.341725819462,0.130551946845,0,0,0,0,not_applicable,0,total_budget_nested_debugging_benchmark,0.926242091124,0.999265619599,0.932908785979,0.887860834603,0.13,0.13,0,0.13,0,7.14531132813,0.268166631805,-6.80575312282,0.279143594357,-0.0280543129162,0.0101495941577,0.0101495941577,872.281368894,3.1684247895,0,-0.00386027444513,-0.00386027444513,3.05,910.75,0.189785569924
arbitrary_scm,0,shared,30,haipw_only,restricted_omega_0,0,20,0.864725914388,0.908454737928,0.0437288235405,0.0987878110956,0.195180632421,0.0633249591371,0.432820760602,0.348457895257,0.984733213481,0.593329316827,0.991882733515,0.0479489898452,0.0965041119024,-0.0022738176615,0.0246889407458,-0.344804531559,0.123789490051,-0.00307871209705,0.0192019664573,0.00302597800813,0.0194641355794,not_applicable,0,total_budget_nested_debugging_benchmark,0.936444963002,0,0.936444963002,0,0,0,0,0,0,7.14531132813,0.268166631805,-6.80575312282,0.279143594357,-0.0280543129162,0.0101495941577,0.0101495941577,872.281368894,3.1684247895,0,-0.00386027444513,-0.00386027444513,3.05,910.75,0.188144803373
arbitrary_scm,0,shared,30,ppi_power_tuned_only,restricted_lambda_0,1,20,0.864725914388,0.903363945257,0.038638030869,0.169401827298,0.57393958184,0.186210589219,0.739415647777,1.02465995838,2.89566316985,1.01362277663,1.69449730854,0.0428581971736,0.0255702071337,-0.00736461033303,0.101068863466,0.0145971578105,0.0456534859558,0.356322977273,0.111691719357,-0.375732971411,0.117891367952,not_applicable,0,total_budget_nested_debugging_benchmark,0,1.13498289915,0,0.822291078904,0,0.26,0,0.26,0,7.14531132813,0.268166631805,-6.80575312282,0.279143594357,-0.0280543129162,0.0101495941577,0.0101495941577,872.281368894,3.1684247895,0,-0.00386027444513,-0.00386027444513,3.05,910.75,0.31758820591
arbitrary_scm,0,shared,30,rct_aipw,fixed_lambda_0_omega_0,0,20,0.864725914388,0.860505748083,-0.00422016630462,0.167350960019,0.560126876383,0.181729155801,0.72947813015,1,2.82597475014,1,1.67172378877,0,0,-0.0502228075067,0.10348687598,0,0,0.341725819462,0.130551946845,-0.361920265954,0.135097691285,not_applicable,0,total_budget_nested_debugging_benchmark,0,0,0,0,0,0,0,0,0,7.14531132813,0.268166631805,-6.80575312282,0.279143594357,-0.0280543129162,0.0101495941577,0.0101495941577,872.281368894,3.1684247895,0,-0.00386027444513,-0.00386027444513,3.05,910.75,0.31468850099
arbitrary_scm,0,shifted,20,full_datafusionppi,joint_box_lambda_omega,1,20,0.793642774305,0.787177117554,-0.0064656567505,0.120931989523,0.292490921801,0.0948965860047,0.527169972995,0.559031661369,1,0.74764076034,1,0.00504733667061,0.140108003493,0,0,-0.219273811246,0.121919012904,0,0,0,0,not_applicable,0,total_budget_nested_debugging_benchmark,1.04139702047,0.798741147495,1.04171929473,0.656845621755,0.27,0.27,0,0.27,0,9.26720326356,0.333173686617,-9.56247021881,0.466859199838,-0.134908755658,0.00310343383191,0.00311661625168,649.537279067,7.09520055377,0.00093,-0.00921085961013,-0.00920222191673,1.1,907.7,0.284233167146
arbitrary_scm,0,shifted,20,haipw_only,restricted_omega_0,0,20,0.793642774305,0.892435621962,0.0987928476578,0.120461421127,0.290219079597,0.0941595030629,0.534292197552,0.554689537813,0.992232777038,0.757741611405,1.01351030013,0.110305841079,0.137913674249,0.105258504408,0.039915343632,-0.211713839308,0.141236136173,0.00755997193737,0.045522272641,0.00227184220394,0.0403918828884,not_applicable,0,total_budget_nested_debugging_benchmark,1.04553438331,0,1.04553438331,0,0,0,0,0,0,9.26720326356,0.333173686617,-9.56247021881,0.466859199838,-0.134908755658,0.00310343383191,0.00311661625168,649.537279067,7.09520055377,0.00093,-0.00921085961013,-0.00920222191673,1.1,907.7,0.27520501155
arbitrary_scm,0,shifted,20,ppi_power_tuned_only,restricted_lambda_0,1,20,0.793642774305,0.673828586667,-0.119814187638,0.164438608292,0.540801117943,0.175459051803,0.72671624559,1.03362164396,1.848950096,1.03064042764,1.37852359356,-0.108301194217,0.0512237085939,-0.113348530887,0.143573133252,0.0309345099313,0.0588373814739,0.250208321177,0.12015431106,-0.248310196142,0.121624387537,not_applicable,0,total_budget_nested_debugging_benchmark,0,1.33722410399,0,0.806183369714,0,0.42,0,0.42,0,9.26720326356,0.333173686617,-9.56247021881,0.466859199838,-0.134908755658,0.00310343383191,0.00311661625168,649.537279067,7.09520055377,0.00093,-0.00921085961013,-0.00920222191673,1.1,907.7,0.783595850445
arbitrary_scm,0,shifted,20,rct_aipw,fixed_lambda_0_omega_0,0,20,0.793642774305,0.782129780883,-0.0115129934211,0.161742069301,0.523209939638,0.169751719916,0.705111332822,1,1.78880744885,1,1.33754077232,0,0,-0.00504733667061,0.140108003493,0,0,0.219273811246,0.121919012904,-0.230719017837,0.127889435735,not_applicable,0,total_budget_nested_debugging_benchmark,0,0,0,0,0,0,0,0,0,9.26720326356,0.333173686617,-9.56247021881,0.466859199838,-0.134908755658,0.00310343383191,0.00311661625168,649.537279067,7.09520055377,0.00093,-0.00921085961013,-0.00920222191673,1.1,907.7,0.77516425278
arbitrary_scm,0,shifted,30,full_datafusionppi,joint_box_lambda_omega,1,20,0.793642774305,0.75674247458,-0.0369002997245,0.102630977532,0.210662350982,0.0683478919102,0.448877339095,0.569782575328,1,0.757401632629,1,-0.0380092523629,0.102863608739,0,0,-0.149748261096,0.109677229559,0,0,0,0,not_applicable,0,total_budget_nested_debugging_benchmark,0.96523029159,1.22380999004,0.968219042681,1.08392766315,0.17,0.17,0,0.17,0,7.17788457276,0.311709615769,-6.87950019173,0.260875921396,0.122237850239,0.00801574039854,0.00779380055636,658.100554735,7.98845373495,0.00102,-0.014615088957,-0.0145368002069,2.7,905.3,0.151573292086
arbitrary_scm,0,shifted,30,haipw_only,restricted_omega_0,0,20,0.793642774305,0.74822007869,-0.0454226956141,0.111474636491,0.248531891617,0.080634393309,0.488025120576,0.672209061546,1.17976416032,0.823456634798,1.08721264825,-0.0465316482525,0.0944620129997,-0.00852239588961,0.0294118018833,-0.113070608336,0.0849208427444,0.0366776527605,0.048722847445,-0.0378695406351,0.0489025032665,not_applicable,0,total_budget_nested_debugging_benchmark,0.956380714835,0,0.956380714835,0,0,0,0,0,0,7.17788457276,0.311709615769,-6.87950019173,0.260875921396,0.122237850239,0.00801574039854,0.00779380055636,658.100554735,7.98845373495,0.00102,-0.014615088957,-0.0145368002069,2.7,905.3,0.165721508487
arbitrary_scm,0,shifted,30,ppi_power_tuned_only,restricted_lambda_0,1,20,0.793642774305,0.834943801349,0.0413010270444,0.131872491401,0.347807079766,0.112843517518,0.57630070329,0.940720601961,1.65101679605,0.97240616877,1.28387123407,0.040192074406,0.0338576962415,0.0782013267688,0.097033331807,-0.019116626036,0.065317344007,0.13063163506,0.0735078415122,-0.137144728784,0.0835150428785,not_applicable,0,total_budget_nested_debugging_benchmark,0,0.780645516768,0,0.590839632671,0,0.3,0,0.3,0,7.17788457276,0.311709615769,-6.87950019173,0.260875921396,0.122237850239,0.00801574039854,0.00779380055636,658.100554735,7.98845373495,0.00102,-0.014615088957,-0.0145368002069,2.7,905.3,0.272787179683
arbitrary_scm,0,shifted,30,rct_aipw,fixed_lambda_0_omega_0,0,20,0.793642774305,0.794751726943,0.00110895263842,0.135963984564,0.369724101972,0.119954338496,0.592654306193,1,1.75505542518,1,1.32030346506,0,0,0.0380092523629,0.102863608739,0,0,0.149748261096,0.109677229559,-0.159061750989,0.119898226761,not_applicable,0,total_budget_nested_debugging_benchmark,0,0,0,0,0,0,0,0,0,7.17788457276,0.311709615769,-6.87950019173,0.260875921396,0.122237850239,0.00801574039854,0.00779380055636,658.100554735,7.98845373495,0.00102,-0.014615088957,-0.0145368002069,2.7,905.3,0.286059838095
arbitrary_scm,1,shared,20,full_datafusionppi,joint_box_lambda_omega,1,20,0.817885803342,0.93202945433,0.114143650988,0.121805710535,0.29673262238,0.0962727753966,0.543069760088,0.427588092317,1,0.668842374525,1,0.113380910169,0.134270515197,0,0,-0.364345793221,0.21500656746,0,0,0,0,not_applicable,0,total_budget_nested_debugging_benchmark,1.07226082224,0.821995519281,1.06389596805,0.796886814223,0.11,0.11,0.02,0.09,0,4.88076543613,0.335750534428,-5.00167608743,0.25710157856,-0.000195600369594,0.00811457429562,0.00811461431324,803.287227396,4.59138149111,2e-05,0.00637425315024,0.00637431043751,1.45,877.75,0.218430281646
arbitrary_scm,1,shared,20,haipw_only,restricted_omega_0,0,20,0.817885803342,0.915691454037,0.0978056506952,0.121696402693,0.29620028857,0.0961000635024,0.539403577528,0.426821005785,0.998206015216,0.664327119895,0.993249149871,0.097042909876,0.132011180217,-0.016338000293,0.035647669481,-0.368314338093,0.207507384149,-0.00396854487202,0.0360000866016,0.000532333809485,0.0385643311559,not_applicable,0,total_budget_nested_debugging_benchmark,1.06772691574,0,1.06153472411,0,0.02,0,0.02,0,0,4.88076543613,0.335750534428,-5.00167608743,0.25710157856,-0.000195600369594,0.00811457429562,0.00811461431324,803.287227396,4.59138149111,2e-05,0.00637425315024,0.00637431043751,1.45,877.75,0.222613193408
arbitrary_scm,1,shared,20,ppi_power_tuned_only,restricted_lambda_0,1,20,0.817885803342,0.86463008043,0.0467442770885,0.188909035238,0.713732471893,0.231565391795,0.824761102222,1.02847979313,2.40530503916,1.0157722167,1.51870194741,0.0459815362692,0.0312697626565,-0.0673993738998,0.130273702852,0.0209603181962,0.0463730568739,0.385306111417,0.216786789454,-0.416999849513,0.228261447671,not_applicable,0,total_budget_nested_debugging_benchmark,0,0.695916314468,0,0.624415873222,0,0.18,0,0.18,0,4.88076543613,0.335750534428,-5.00167608743,0.25710157856,-0.000195600369594,0.00811457429562,0.00811461431324,803.287227396,4.59138149111,2e-05,0.00637425315024,0.00637431043751,1.45,877.75,0.445101372416
arbitrary_scm,1,shared,20,rct_aipw,fixed_lambda_0_omega_0,0,20,0.817885803342,0.818648544161,0.000762740819278,0.186275118514,0.693968395546,0.225153078691,0.811954775552,1,2.33869936504,1,1.4951205816,0,0,-0.113380910169,0.134270515197,0,0,0.364345793221,0.21500656746,-0.397235773166,0.228954132426,not_applicable,0,total_budget_nested_debugging_benchmark,0,0,0,0,0,0,0,0,0,4.88076543613,0.335750534428,-5.00167608743,0.25710157856,-0.000195600369594,0.00811457429562,0.00811461431324,803.287227396,4.59138149111,2e-05,0.00637425315024,0.00637431043751,1.45,877.75,0.429471067339
arbitrary_scm,1,shared,30,full_datafusionppi,joint_box_lambda_omega,1,20,0.817885803342,0.771011889764,-0.0468739135774,0.0838149260422,0.140498836549,0.0455838418645,0.368335524347,0.425155886877,1,0.653985144739,1,0.0103298549099,0.0726715312375,0,0,-0.18154228423,0.0415411682054,0,0,0,0,not_applicable,0,total_budget_nested_debugging_benchmark,0.992281128425,0.881803464245,0.992713726738,0.835164612522,0.11,0.11,0,0.11,0,4.69149612341,0.401331542153,-4.82544532324,0.398820451685,-0.0443421416519,0.0106719728728,0.0106719728728,869.349024742,3.18506196813,0,0.0264088962701,0.0264088962701,2.95,878.5,0.159600068371
arbitrary_scm,1,shared,30,haipw_only,restricted_omega_0,0,20,0.817885803342,0.731784247631,-0.0861015557109,0.0945929869508,0.178956663606,0.0580612085819,0.421215275508,0.541531025427,1.27372345566,0.747873921224,1.14356408129,-0.0288977872237,0.0678534953023,-0.0392276421335,0.0214139286757,-0.139791034404,0.045963543372,0.0417512498253,0.00855910371911,-0.0384578270564,0.0110459217351,not_applicable,0,total_budget_nested_debugging_benchmark,0.991574922854,0,0.991574922854,0,0,0,0,0,0,4.69149612341,0.401331542153,-4.82544532324,0.398820451685,-0.0443421416519,0.0106719728728,0.0106719728728,869.349024742,3.18506196813,0,0.0264088962701,0.0264088962701,2.95,878.5,0.165773144303
arbitrary_scm,1,shared,30,ppi_power_tuned_only,restricted_lambda_0,1,20,0.817885803342,0.807927940447,-0.00995786289411,0.11854265742,0.281047232564,0.0911837629428,0.516811406578,0.850461742958,2.00035273933,0.917606258949,1.40309954489,0.0472459055931,0.0254783602313,0.0369160506833,0.0668015345312,-0.0501193127563,0.0241652698906,0.131422971473,0.0367955708315,-0.140548396015,0.0399378394193,not_applicable,0,total_budget_nested_debugging_benchmark,0,0.962104218797,0,0.825156957091,0,0.17,0,0.17,0,4.69149612341,0.401331542153,-4.82544532324,0.398820451685,-0.0443421416519,0.0106719728728,0.0106719728728,869.349024742,3.18506196813,0,0.0264088962701,0.0264088962701,2.95,878.5,0.26495733095
arbitrary_scm,1,shared,30,rct_aipw,fixed_lambda_0_omega_0,0,20,0.817885803342,0.760682034854,-0.0572037684872,0.128542655545,0.330464285891,0.10721677218,0.56321695884,1,2.35207845138,1,1.52908672016,0,0,-0.0103298549099,0.0726715312375,0,0,0.18154228423,0.0415411682054,-0.189965449342,0.0437345854969,not_applicable,0,total_budget_nested_debugging_benchmark,0,0,0,0,0,0,0,0,0,4.69149612341,0.401331542153,-4.82544532324,0.398820451685,-0.0443421416519,0.0106719728728,0.0106719728728,869.349024742,3.18506196813,0,0.0264088962701,0.0264088962701,2.95,878.5,0.264185301107
arbitrary_scm,1,shifted,20,full_datafusionppi,joint_box_lambda_omega,1,20,0.612895580443,0.612741257736,-0.000154322707771,0.100026731804,0.200106941509,0.0649232648595,0.436006442899,0.284964580914,1,0.533820692068,1,-0.000601277650575,0.123744526316,0,0,-0.477004626151,0.171269615145,0,0,0,0,not_applicable,0,total_budget_nested_debugging_benchmark,0.992572806005,0.951711076876,0.980815281083,0.918204814302,0.11,0.11,0.01,0.1,0,5.780601515,0.364404216657,-5.84322657666,0.463734642113,-0.0763411297245,0.00453480726153,0.00433834953174,681.979215047,6.97699248837,0.0007,0.0551879513676,0.0550991422404,1.6,876.8,0.228985241838
arbitrary_scm,1,shifted,20,haipw_only,restricted_omega_0,0,20,0.612895580443,0.598074924131,-0.0148206563126,0.0909672231244,0.165500713659,0.0536955219359,0.396793812741,0.235683185966,0.82706133236,0.485811049758,0.910064103877,-0.0152676112554,0.131903036598,-0.0146663336048,0.0298885027726,-0.509660914571,0.185931918978,-0.0326562884195,0.0283529703455,0.03460622785,0.0278706058465,not_applicable,0,total_budget_nested_debugging_benchmark,1.02320560127,0,1.00991299197,0,0.02,0,0.02,0,0,5.780601515,0.364404216657,-5.84322657666,0.463734642113,-0.0763411297245,0.00453480726153,0.00433834953174,681.979215047,6.97699248837,0.0007,0.0551879513676,0.0550991422404,1.6,876.8,0.240420135996
arbitrary_scm,1,shifted,20,ppi_power_tuned_only,restricted_lambda_0,1,20,0.612895580443,0.632259118722,0.0193635382788,0.200090377431,0.800723182809,0.259788905295,0.872388657814,1.14027901529,4.00147629447,1.06810145733,2.00086184969,0.018916583336,0.0279388608963,0.0195178609866,0.134466101827,0.0939557258824,0.0494788121643,0.570960352034,0.205700427504,-0.600616241299,0.213954903755,not_applicable,0,total_budget_nested_debugging_benchmark,0,1.04769326809,0,0.771022259116,0,0.31,0,0.31,0,5.780601515,0.364404216657,-5.84322657666,0.463734642113,-0.0763411297245,0.00453480726153,0.00433834953174,681.979215047,6.97699248837,0.0007,0.0551879513676,0.0550991422404,1.6,876.8,0.436836464568
arbitrary_scm,1,shifted,20,rct_aipw,fixed_lambda_0_omega_0,0,20,0.612895580443,0.613342535386,0.000446954942804,0.187378879424,0.702216889086,0.227829243379,0.816765721857,1,3.50920804541,1,1.87328819369,0,0,0.000601277650575,0.123744526316,0,0,0.477004626151,0.171269615145,-0.502109947577,0.180236958054,not_applicable,0,total_budget_nested_debugging_benchmark,0,0,0,0,0,0,0,0,0,5.780601515,0.364404216657,-5.84322657666,0.463734642113,-0.0763411297245,0.00453480726153,0.00433834953174,681.979215047,6.97699248837,0.0007,0.0551879513676,0.0550991422404,1.6,876.8,0.426299424838
arbitrary_scm,1,shifted,30,full_datafusionppi,joint_box_lambda_omega,1,20,0.612895580443,0.507300679306,-0.105594901137,0.076372906734,0.11665641766,0.0378483397137,0.349247591149,0.444734995341,1,0.698412388151,1,-0.0761145797951,0.080542329413,0,0,-0.128085396699,0.0848958668298,0,0,0,0,not_applicable,0,total_budget_nested_debugging_benchmark,0.950117864394,0.944960785542,0.949794296369,0.927202725861,0.06,0.06,0,0.06,0,3.93697584397,0.360226196244,-3.7751386659,0.382607780701,-0.0264810946026,0.00895374570392,0.00892699250057,660.034384168,7.49343386335,0.00048,-0.0171338410862,-0.0171014122472,2.95,874.05,0.154975689497
arbitrary_scm,1,shifted,30,haipw_only,restricted_omega_0,0,20,0.612895580443,0.476580965156,-0.136314615287,0.0801960929843,0.128628266599,0.0417325204105,0.375204647639,0.490375863531,1.1026248635,0.750320347638,1.07432279319,-0.106834293945,0.0699152096358,-0.0307197141498,0.0194065976164,-0.109280749012,0.0858434798873,0.0188046476864,0.0127336109956,-0.0119718489387,0.0116573403709,not_applicable,0,total_budget_nested_debugging_benchmark,0.943199756063,0,0.943199756063,0,0,0,0,0,0,3.93697584397,0.360226196244,-3.7751386659,0.382607780701,-0.0264810946026,0.00895374570392,0.00892699250057,660.034384168,7.49343386335,0.00048,-0.0171338410862,-0.0171014122472,2.95,874.05,0.156009075695
arbitrary_scm,1,shifted,30,ppi_power_tuned_only,restricted_lambda_0,1,20,0.612895580443,0.616717521551,0.00382194110764,0.107353364752,0.23049489847,0.0747824199864,0.467958075879,0.878727031512,1.97584413351,0.935805215589,1.33990351756,0.03330226245,0.0230392223636,0.109416842245,0.0742761410352,-0.0310745158417,0.0190933066284,0.0970108808571,0.0821444779747,-0.11383848081,0.0794674184602,not_applicable,0,total_budget_nested_debugging_benchmark,0,1.03005181201,0,0.91040792828,0,0.19,0,0.19,0,3.93697584397,0.360226196244,-3.7751386659,0.382607780701,-0.0264810946026,0.00895374570392,0.00892699250057,660.034384168,7.49343386335,0.00048,-0.0171338410862,-0.0171014122472,2.95,874.05,0.261280487747
arbitrary_scm,1,shifted,30,rct_aipw,fixed_lambda_0_omega_0,0,20,0.612895580443,0.583415259101,-0.0294803213423,0.114521932461,0.26230546029,0.0851031290773,0.500059273109,1,2.24853004705,1,1.43181881789,0,0,0.0761145797951,0.080542329413,0,0,0.128085396699,0.0848958668298,-0.14564904263,0.0861193329625,not_applicable,0,total_budget_nested_debugging_benchmark,0,0,0,0,0,0,0,0,0,3.93697584397,0.360226196244,-3.7751386659,0.382607780701,-0.0264810946026,0.00895374570392,0.00892699250057,660.034384168,7.49343386335,0.00048,-0.0171338410862,-0.0171014122472,2.95,874.05,0.268234343424
arbitrary_scm,2,shared,20,full_datafusionppi,joint_box_lambda_omega,1,20,0.517783864702,0.716984477559,0.199200612857,0.111875174499,0.250321093384,0.0812148870155,0.52676932606,0.477949898837,1,0.735262086137,1,0.0737795197735,0.115232290007,0,0,-0.235796759219,0.177057756943,0,0,0,0,not_applicable,0,total_budget_nested_debugging_benchmark,1.02057185272,0.974079697565,1.02219111832,0.902972938169,0.15,0.15,0,0.15,0,6.85919123867,0.572810631682,-7.29505732315,0.468141357246,0.0399869251139,0.0060644269947,0.00606474246289,805.081150789,4.45001401571,3e-05,-0.0425643856449,-0.0425644295763,1.65,949.65,0.337537483233
arbitrary_scm,2,shared,20,haipw_only,restricted_omega_0,0,20,0.517783864702,0.710668150815,0.192884286113,0.122778847413,0.301492907444,0.0978172158127,0.568878378831,0.575654662837,1.20442469857,0.794037699017,1.07993831586,0.0674631930298,0.117292510817,-0.00631632674366,0.0356859975542,-0.189660072196,0.173456665499,0.0461366870235,0.0524068391766,-0.0511718140596,0.0627778362598,not_applicable,0,total_budget_nested_debugging_benchmark,1.02137332239,0,1.02137332239,0,0,0,0,0,0,6.85919123867,0.572810631682,-7.29505732315,0.468141357246,0.0399869251139,0.0060644269947,0.00606474246289,805.081150789,4.45001401571,3e-05,-0.0425643856449,-0.0425644295763,1.65,949.65,0.347141566127
arbitrary_scm,2,shared,20,ppi_power_tuned_only,restricted_lambda_0,1,20,0.517783864702,0.632391586615,0.114607721914,0.170583946421,0.58197765553,0.188818484693,0.752338821726,1.11119745374,2.32492455055,1.05011090088,1.42821304223,-0.01081337117,0.0395607614281,-0.0845928909434,0.127206026995,0.0527310205789,0.106063897475,0.288527779798,0.238446959127,-0.331656562146,0.252066808151,not_applicable,0,total_budget_nested_debugging_benchmark,0,1.0714532319,0,0.738774293193,0,0.3,0,0.3,0,6.85919123867,0.572810631682,-7.29505732315,0.468141357246,0.0399869251139,0.0060644269947,0.00606474246289,805.081150789,4.45001401571,3e-05,-0.0425643856449,-0.0425644295763,1.65,949.65,0.587612401099
arbitrary_scm,2,shared,20,rct_aipw,fixed_lambda_0_omega_0,0,20,0.517783864702,0.643204957785,0.125421093084,0.161823853473,0.523739191059,0.169923431751,0.716437493503,1,2.09226950865,1,1.36005924806,0,0,-0.0737795197735,0.115232290007,0,0,0.235796759219,0.177057756943,-0.273418097675,0.180384022639,not_applicable,0,total_budget_nested_debugging_benchmark,0,0,0,0,0,0,0,0,0,6.85919123867,0.572810631682,-7.29505732315,0.468141357246,0.0399869251139,0.0060644269947,0.00606474246289,805.081150789,4.45001401571,3e-05,-0.0425643856449,-0.0425644295763,1.65,949.65,0.597336612478
arbitrary_scm,2,shared,30,full_datafusionppi,joint_box_lambda_omega,1,20,0.517783864702,0.467781301905,-0.0500025627968,0.0825202666653,0.13619188821,0.0441864833039,0.363156371397,0.49697395888,1,0.711742451938,1,-0.0504810846807,0.090129544509,0,0,-0.128457866724,0.0764731713321,0,0,0,0,not_applicable,0,total_budget_nested_debugging_benchmark,0.947807805295,0.845385914725,0.947664004758,0.840510905877,0.02,0.02,0,0.02,0,10.1550600318,0.586664876348,-9.88399085921,0.519149318896,-0.0414775238695,0.00999543664664,0.00999543664664,858.383739514,3.44658124482,0,-0.0173636085386,-0.0173636085386,2.8,943.95,0.204954621686
arbitrary_scm,2,shared,30,haipw_only,restricted_omega_0,0,20,0.517783864702,0.523332470916,0.00554860621422,0.0962139541685,0.185142499535,0.0600681587725,0.41942360638,0.675598247149,1.35942383917,0.822019409594,1.15493941292,0.00507008433036,0.079695800565,0.0555511690111,0.0287041017625,-0.0844242552209,0.070600447689,0.044033611503,0.0216805520444,-0.0489506113246,0.0200614572061,not_applicable,0,total_budget_nested_debugging_benchmark,0.942131436428,0,0.942131436428,0,0,0,0,0,0,10.1550600318,0.586664876348,-9.88399085921,0.519149318896,-0.0414775238695,0.00999543664664,0.00999543664664,858.383739514,3.44658124482,0,-0.0173636085386,-0.0173636085386,2.8,943.95,0.210020313599
arbitrary_scm,2,shared,30,ppi_power_tuned_only,restricted_lambda_0,1,20,0.517783864702,0.496902541448,-0.0208813232536,0.116458667677,0.271252425541,0.0880059079128,0.508060856517,0.989819537333,1.99169296428,0.995737671792,1.39901402408,-0.0213598451374,0.0269087040569,0.0291212395433,0.0938819825335,-0.00221458288528,0.0279011229268,0.126243283839,0.076918432751,-0.135060537331,0.082911133369,not_applicable,0,total_budget_nested_debugging_benchmark,0,0.961573417814,0,0.689897835419,0,0.18,0,0.18,0,10.1550600318,0.586664876348,-9.88399085921,0.519149318896,-0.0414775238695,0.00999543664664,0.00999543664664,858.383739514,3.44658124482,0,-0.0173636085386,-0.0173636085386,2.8,943.95,0.358652661323
arbitrary_scm,2,shared,30,rct_aipw,fixed_lambda_0_omega_0,0,20,0.517783864702,0.518262386585,0.00047852188386,0.117056034226,0.274042302975,0.0889110636773,0.510235648313,1,2.01217786593,1,1.40500260632,0,0,0.0504810846807,0.090129544509,0,0,0.128457866724,0.0764731713321,-0.137850414765,0.0790990049425,not_applicable,0,total_budget_nested_debugging_benchmark,0,0,0,0,0,0,0,0,0,10.1550600318,0.586664876348,-9.88399085921,0.519149318896,-0.0414775238695,0.00999543664664,0.00999543664664,858.383739514,3.44658124482,0,-0.0173636085386,-0.0173636085386,2.8,943.95,0.344591588478
arbitrary_scm,2,shifted,20,full_datafusionppi,joint_box_lambda_omega,1,20,0.439059437195,0.482843176402,0.0437837392077,0.107888235063,0.2327974253,0.0755294583355,0.472307706748,0.459625970175,1,0.679744926595,1,0.00351839267714,0.148352005866,0,0,-0.259715261793,0.106887126048,0,0,0,0,not_applicable,0,total_budget_nested_debugging_benchmark,0.950770581553,0.937657054012,0.947998302328,0.855490325869,0.17,0.17,0,0.17,0,9.99498100508,0.534298370487,-9.41363071477,0.520686884749,0.00132161354702,0.0035577677198,0.00350414696958,704.972154675,6.31712511089,0.00029,-0.0170948908851,-0.0171023877612,1.7,940.3,0.323483418389
arbitrary_scm,2,shifted,20,haipw_only,restricted_omega_0,0,20,0.439059437195,0.472463068021,0.033403630826,0.107514470407,0.231187226937,0.0750070410021,0.469833660079,0.456446858621,0.99308326387,0.67618428033,0.994761790599,-0.00686171570457,0.139931053357,-0.0103801083817,0.0546125981326,-0.262046163504,0.105098427292,-0.00233090171111,0.0574597291564,0.00161019836259,0.0572671646894,not_applicable,0,total_budget_nested_debugging_benchmark,0.945211468219,0,0.945211468219,0,0,0,0,0,0,9.99498100508,0.534298370487,-9.41363071477,0.520686884749,0.00132161354702,0.0035577677198,0.00350414696958,704.972154675,6.31712511089,0.00029,-0.0170948908851,-0.0171023877612,1.7,940.3,0.342899984878
arbitrary_scm,2,shifted,20,ppi_power_tuned_only,restricted_lambda_0,1,20,0.439059437195,0.508244124154,0.0691846869596,0.167679421308,0.562327766603,0.182443218879,0.734164762967,1.11023755932,2.41552399421,1.05660942174,1.55442046038,0.028919340429,0.0492360695795,0.0254009477519,0.145199975974,0.0562080675348,0.108330413488,0.315923329328,0.14149447941,-0.329530341303,0.140294600339,not_applicable,0,total_budget_nested_debugging_benchmark,0,0.999412855537,0,0.713567140024,0,0.29,0,0.29,0,9.99498100508,0.534298370487,-9.41363071477,0.520686884749,0.00132161354702,0.0035577677198,0.00350414696958,704.972154675,6.31712511089,0.00029,-0.0170948908851,-0.0171023877612,1.7,940.3,0.675199511413
arbitrary_scm,2,shifted,20,rct_aipw,fixed_lambda_0_omega_0,0,20,0.439059437195,0.479324783725,0.0402653465306,0.159137235299,0.506493193175,0.16432809118,0.694830793537,1,2.17568210869,1,1.47114007163,0,0,-0.00351839267714,0.148352005866,0,0,0.259715261793,0.106887126048,-0.273695767875,0.109538326172,not_applicable,0,total_budget_nested_debugging_benchmark,0,0,0,0,0,0,0,0,0,9.99498100508,0.534298370487,-9.41363071477,0.520686884749,0.00132161354702,0.0035577677198,0.00350414696958,704.972154675,6.31712511089,0.00029,-0.0170948908851,-0.0171023877612,1.7,940.3,0.664321261883
arbitrary_scm,2,shifted,30,full_datafusionppi,joint_box_lambda_omega,1,20,0.439059437195,0.261370217951,-0.177689219243,0.0736397559301,0.108456273069,0.0351878614956,0.366888154689,0.561129403639,1,0.736174184413,1,0.076782872675,0.0884158351456,0,0,-0.113767128545,0.087546779011,0,0,0,0,not_applicable,0,total_budget_nested_debugging_benchmark,1.0066043687,0.733101183319,1.00629754782,0.722567322937,0.06,0.06,0,0.06,0,6.24470527338,0.580679947914,-6.21650112145,0.392363876449,0.0372879430875,0.00938688973184,0.00937804359716,733.320643721,5.78894791844,0.00019,-0.0137705299007,-0.0137432626503,2.65,939.15,0.192835135801
arbitrary_scm,2,shifted,30,haipw_only,restricted_omega_0,0,20,0.439059437195,0.247739058413,-0.191320378782,0.0802953980183,0.128947018858,0.0418359372995,0.398877368689,0.667144110207,1.18893094156,0.80036168468,1.08719064268,0.0631517131365,0.0903041895455,-0.0136311595385,0.0271026814673,-0.089270891343,0.0909059617224,0.0244962372017,0.0280986121348,-0.0204907457893,0.0215182853617,not_applicable,0,total_budget_nested_debugging_benchmark,0.998619843284,0,0.998619843284,0,0,0,0,0,0,6.24470527338,0.580679947914,-6.21650112145,0.392363876449,0.0372879430875,0.00938688973184,0.00937804359716,733.320643721,5.78894791844,0.00019,-0.0137705299007,-0.0137432626503,2.65,939.15,0.198743291631
arbitrary_scm,2,shifted,30,ppi_power_tuned_only,restricted_lambda_0,1,20,0.439059437195,0.181951100507,-0.257108336688,0.094644477266,0.179151541539,0.0581244353325,0.486105607103,0.926891500328,1.65183199155,0.975388260085,1.32494222256,-0.00263624476954,0.025391621236,-0.0794191174446,0.0886484505482,-0.0120753853389,0.0251087231113,0.101691743206,0.100272397628,-0.0706952684702,0.0807566702281,not_applicable,0,total_budget_nested_debugging_benchmark,0,0.676621028305,0,0.59993398631,0,0.05,0,0.05,0,6.24470527338,0.580679947914,-6.21650112145,0.392363876449,0.0372879430875,0.00938688973184,0.00937804359716,733.320643721,5.78894791844,0.00019,-0.0137705299007,-0.0137432626503,2.65,939.15,0.321358871466
arbitrary_scm,2,shifted,30,rct_aipw,fixed_lambda_0_omega_0,0,20,0.439059437195,0.184587345276,-0.254472091918,0.098306181481,0.193282106348,0.0627089959417,0.498371394239,1,1.78212011973,1,1.35837417445,0,0,-0.076782872675,0.0884158351456,0,0,0.113767128545,0.087546779011,-0.0848258332786,0.0714048161739,not_applicable,0,total_budget_nested_debugging_benchmark,0,0,0,0,0,0,0,0,0,6.24470527338,0.580679947914,-6.21650112145,0.392363876449,0.0372879430875,0.00938688973184,0.00937804359716,733.320643721,5.78894791844,0.00019,-0.0137705299007,-0.0137432626503,2.65,939.15,0.317421885366
star_real_x,0,shared,20,full_datafusionppi,joint_box_lambda_omega,1,20,1,0.777192270887,-0.222807729113,0.123471651163,0.304904972816,0.0989242360001,0.582497217442,0.482160838502,1,0.644425444377,1,0.24225663142,0.151593106501,0,0,-0.477735170429,0.203926214375,0,0,0,0,0e8b179ea3d883730b25008ca1293c4c8f886aa8d5d299c03ab6ff05d0123ae6,11598,total_budget_nested_debugging_benchmark,1.03981099837,0.44552878854,1.03639043077,0.264501967699,0.42,0.42,0,0.42,0,8.04229974869,0.106801569698,-8.15141264826,0.0684011256046,-0.0522650451665,-0.000300816228137,-0.00509897390635,652.332439029,9.03365597104,0.01501,0.0115806999112,0.00251261081264,1.45,888.35,0.304818724109
star_real_x,0,shared,20,haipw_only,restricted_omega_0,0,20,1,0.796172231855,-0.203827768145,0.126573293438,0.320415972233,0.103956668737,0.58816743593,0.506689124858,1.05087158557,0.650698492486,1.00973432717,0.261236592388,0.154909898977,0.0189799609677,0.0148013887031,-0.471097246068,0.204156178417,0.00663792436046,0.0210408658261,-0.0155109994167,0.0190142878732,0e8b179ea3d883730b25008ca1293c4c8f886aa8d5d299c03ab6ff05d0123ae6,11598,total_budget_nested_debugging_benchmark,1.02764504521,0,1.02764504521,0,0,0,0,0,0,8.04229974869,0.106801569698,-8.15141264826,0.0684011256046,-0.0522650451665,-0.000300816228137,-0.00509897390635,652.332439029,9.03365597104,0.01501,0.0115806999112,0.00251261081264,1.45,888.35,0.301418408725
star_real_x,0,shared,20,ppi_power_tuned_only,restricted_lambda_0,1,20,1,0.556805873592,-0.443194126408,0.182878329121,0.668889665241,0.21701646415,0.912067001739,1.05774726755,2.19376436882,1.00903346024,1.56578774014,0.0218702341246,0.0230743459838,-0.220386397296,0.152674644703,0.0148280369051,0.0559970949376,0.492563207334,0.223216599448,-0.363984692424,0.311953842556,0e8b179ea3d883730b25008ca1293c4c8f886aa8d5d299c03ab6ff05d0123ae6,11598,total_budget_nested_debugging_benchmark,0,0.469479789969,0,0.205137382028,0,0.62,0,0.62,0,8.04229974869,0.106801569698,-8.15141264826,0.0684011256046,-0.0522650451665,-0.000300816228137,-0.00509897390635,652.332439029,9.03365597104,0.01501,0.0115806999112,0.00251261081264,1.45,888.35,0.568294388547
star_real_x,0,shared,20,rct_aipw,fixed_lambda_0_omega_0,0,20,1,0.534935639467,-0.465064360533,0.177816185297,0.632371915072,0.205168541492,0.903901642191,1,2.07399672505,1,1.55176988855,0,0,-0.24225663142,0.151593106501,0,0,0.477735170429,0.203926214375,-0.327466942256,0.275485268315,0e8b179ea3d883730b25008ca1293c4c8f886aa8d5d299c03ab6ff05d0123ae6,11598,total_budget_nested_debugging_benchmark,0,0,0,0,0,0,0,0,0,8.04229974869,0.106801569698,-8.15141264826,0.0684011256046,-0.0522650451665,-0.000300816228137,-0.00509897390635,652.332439029,9.03365597104,0.01501,0.0115806999112,0.00251261081264,1.45,888.35,0.591996937953
star_real_x,0,shared,30,full_datafusionppi,joint_box_lambda_omega,1,20,1,1.15874771928,0.158747719276,0.13555795099,0.36751916153,0.119238961352,0.611836613671,0.0526999933944,1,0.232029192987,1,-0.414057717305,0.555210622012,0,0,-6.57887108168,6.67089048463,0,0,0,0,0e8b179ea3d883730b25008ca1293c4c8f886aa8d5d299c03ab6ff05d0123ae6,11598,total_budget_nested_debugging_benchmark,1.01294830447,0.506343888589,1.010781679,0.297200840564,0.25,0.25,0,0.25,0,246.584388663,0.532622523811,-244.373732174,-5.64637755253,5.70581023305,0.0021830500943,-0.00583626103888,699.148988353,13.0512970472,0.00682,-0.000357950818042,0.00337462951072,2.95,890.55,0.235377721202
star_real_x,0,shared,30,haipw_only,restricted_omega_0,0,20,1,1.13069533416,0.130695334164,0.151849112902,0.461163061782,0.14962105451,0.674674869152,0.0661279542773,1.25480004869,0.255859590485,1.10270430712,-0.442110102417,0.549844788865,-0.0280523851121,0.0353225980199,-6.49802894444,6.66378426102,0.0808421372363,0.0770013154038,-0.093643900252,0.0871484527239,0e8b179ea3d883730b25008ca1293c4c8f886aa8d5d299c03ab6ff05d0123ae6,11598,total_budget_nested_debugging_benchmark,1.00991532399,0,1.00991532399,0,0,0,0,0,0,246.584388663,0.532622523811,-244.373732174,-5.64637755253,5.70581023305,0.0021830500943,-0.00583626103888,699.148988353,13.0512970472,0.00682,-0.000357950818042,0.00337462951072,2.95,890.55,0.289527421238
star_real_x,0,shared,30,ppi_power_tuned_only,restricted_lambda_0,1,20,1,1.63549967864,0.635499678638,0.6441993561,8.299856208,2.69282893849,2.87901428255,1.19014846877,22.5834652361,1.09181985133,4.70552794361,0.0626942420567,0.0586916090304,0.476751959362,0.607508294565,1.33550811565,1.33090503126,7.91437919732,8.00132925521,-7.93233704647,7.58755871072,0e8b179ea3d883730b25008ca1293c4c8f886aa8d5d299c03ab6ff05d0123ae6,11598,total_budget_nested_debugging_benchmark,0,-0.531805920279,0,0.234468712269,0,0.52,0,0.52,0,246.584388663,0.532622523811,-244.373732174,-5.64637755253,5.70581023305,0.0021830500943,-0.00583626103888,699.148988353,13.0512970472,0.00682,-0.000357950818042,0.00337462951072,2.95,890.55,7.86485657117
star_real_x,0,shared,30,rct_aipw,fixed_lambda_0_omega_0,0,20,1,1.57280543658,0.572805436581,0.590499746215,6.97379900561,2.26259917074,2.63689497772,1,18.9753344467,1,4.3098025172,0,0,0.414057717305,0.555210622012,0,0,6.57887108168,6.67089048463,-6.60627984408,6.33630623196,0e8b179ea3d883730b25008ca1293c4c8f886aa8d5d299c03ab6ff05d0123ae6,11598,total_budget_nested_debugging_benchmark,0,0,0,0,0,0,0,0,0,246.584388663,0.532622523811,-244.373732174,-5.64637755253,5.70581023305,0.0021830500943,-0.00583626103888,699.148988353,13.0512970472,0.00682,-0.000357950818042,0.00337462951072,2.95,890.55,7.04043659621
star_real_x,0,shifted,20,full_datafusionppi,joint_box_lambda_omega,1,20,1.08150981907,1.12223981355,0.0407299944855,0.160847757375,0.517440021048,0.167879711129,0.702301183572,0.451132654627,1,0.663843569126,1,-0.13128397306,0.161402141915,0,0,-0.625992618512,0.247741281294,0,0,0,0,0e8b179ea3d883730b25008ca1293c4c8f886aa8d5d299c03ab6ff05d0123ae6,11598,total_budget_nested_debugging_benchmark,0.924398617011,0.203479635429,0.916267970493,0.150922583277,0.31,0.31,0,0.31,0,12.5391973434,0.670524631355,-11.0325348077,-0.270736138507,0.158531061938,0.0114080782238,-0.0320591244589,563.731914683,44.6710234777,0.00758,-0.0103741188884,-0.0300273036097,1.5,886.35,0.378971803013
star_real_x,0,shifted,20,haipw_only,restricted_omega_0,0,20,1.08150981907,1.17183612188,0.0903263028162,0.169678845349,0.575818211179,0.186820097061,0.745108140876,0.502029969899,1.112821173,0.704306441729,1.06095242085,-0.081687664729,0.130276340046,0.0495963083307,0.0670746400672,-0.564033429358,0.237392908937,0.0619591891534,0.101381869772,-0.0583781901303,0.110761749863,0e8b179ea3d883730b25008ca1293c4c8f886aa8d5d299c03ab6ff05d0123ae6,11598,total_budget_nested_debugging_benchmark,0.853893180729,0,0.853893180729,0,0,0,0,0,0,12.5391973434,0.670524631355,-11.0325348077,-0.270736138507,0.158531061938,0.0114080782238,-0.0320591244589,563.731914683,44.6710234777,0.00758,-0.0103741188884,-0.0300273036097,1.5,886.35,0.358089263107
star_real_x,0,shifted,20,ppi_power_tuned_only,restricted_lambda_0,1,20,1.08150981907,1.18775617646,0.106246357396,0.245994718662,1.21026803219,0.392662800263,1.07751701566,1.0551782003,2.33895327567,1.01851279508,1.53426626762,-0.0657676101493,0.0481460167213,0.0655163629103,0.167433572987,0.0418233480836,0.0959590602531,0.667815966595,0.271496112556,-0.692828011143,0.293586727243,0e8b179ea3d883730b25008ca1293c4c8f886aa8d5d299c03ab6ff05d0123ae6,11598,total_budget_nested_debugging_benchmark,0,-0.0585075345159,0,-0.126691445211,0,0.38,0,0.38,0,12.5391973434,0.670524631355,-11.0325348077,-0.270736138507,0.158531061938,0.0114080782238,-0.0320591244589,563.731914683,44.6710234777,0.00758,-0.0103741188884,-0.0300273036097,1.5,886.35,0.742356554533
star_real_x,0,shifted,20,rct_aipw,fixed_lambda_0_omega_0,0,20,1.08150981907,1.25352378661,0.172013967545,0.239476486696,1.14697975361,0.372129371277,1.05793174211,1,2.21664290923,1,1.5063789822,0,0,0.13128397306,0.161402141915,0,0,0.625992618512,0.247741281294,-0.62953973256,0.281027150338,0e8b179ea3d883730b25008ca1293c4c8f886aa8d5d299c03ab6ff05d0123ae6,11598,total_budget_nested_debugging_benchmark,0,0,0,0,0,0,0,0,0,12.5391973434,0.670524631355,-11.0325348077,-0.270736138507,0.158531061938,0.0114080782238,-0.0320591244589,563.731914683,44.6710234777,0.00758,-0.0103741188884,-0.0300273036097,1.5,886.35,0.710744214134
star_real_x,0,shifted,30,full_datafusionppi,joint_box_lambda_omega,1,20,1.08150981907,0.964868618061,-0.116641201006,0.101719319303,0.206936398389,0.0671390332608,0.458470008007,0.48593716876,1,0.709727042649,1,-0.00379828815699,0.124265987924,0,0,-0.207096382405,0.100679567067,0,0,0,0,0e8b179ea3d883730b25008ca1293c4c8f886aa8d5d299c03ab6ff05d0123ae6,11598,total_budget_nested_debugging_benchmark,0.864566081939,0.0669431624284,0.862392202722,0.0543192452615,0.15,0.15,0,0.15,0,9.24163347629,0.574057846462,-7.3024292526,-0.119432737663,0.167633454542,0.0113562495823,-0.0203785061667,553.131740844,32.9525807068,0.01381,0.0580138051992,0.00782701952478,3.15,885.3,0.268592103114
star_real_x,0,shifted,30,haipw_only,restricted_omega_0,0,20,1.08150981907,0.96557033228,-0.115939486787,0.113424416406,0.257301964739,0.0834797807593,0.507817714439,0.604207810876,1.24338669631,0.786118957356,1.10763562626,-0.0030965739373,0.107119220374,0.000701714219686,0.0334058783549,-0.159412299549,0.0960912002451,0.0476840828561,0.0210209326321,-0.0503655663494,0.0264026522876,0e8b179ea3d883730b25008ca1293c4c8f886aa8d5d299c03ab6ff05d0123ae6,11598,total_budget_nested_debugging_benchmark,0.80817985983,0,0.80817985983,0,0,0,0,0,0,9.24163347629,0.574057846462,-7.3024292526,-0.119432737663,0.167633454542,0.0113562495823,-0.0203785061667,553.131740844,32.9525807068,0.01381,0.0580138051992,0.00782701952478,3.15,885.3,0.251038421793
star_real_x,0,shifted,30,ppi_power_tuned_only,restricted_lambda_0,1,20,1.08150981907,0.965890214494,-0.115619604573,0.125196378862,0.313482665601,0.101707207027,0.557831896975,0.736133808083,1.51487446404,0.863542599561,1.2167249487,-0.00277669172348,0.0416779185,0.00102159643351,0.106765549725,-0.106114705365,0.0487019989959,0.10098167704,0.0652609537135,-0.106546267212,0.0591864939639,0e8b179ea3d883730b25008ca1293c4c8f886aa8d5d299c03ab6ff05d0123ae6,11598,total_budget_nested_debugging_benchmark,0,-0.0134317487243,0,-0.0273573008779,0,0.25,0,0.25,0,9.24163347629,0.574057846462,-7.3024292526,-0.119432737663,0.167633454542,0.0113562495823,-0.0203785061667,553.131740844,32.9525807068,0.01381,0.0580138051992,0.00782701952478,3.15,885.3,0.421375615624
star_real_x,0,shifted,30,rct_aipw,fixed_lambda_0_omega_0,0,20,1.08150981907,0.968666906218,-0.11284291285,0.145919517772,0.425850113334,0.138164021147,0.645980750988,1,2.05787921626,1,1.40899238708,0,0,0.00379828815699,0.124265987924,0,0,0.207096382405,0.100679567067,-0.218913714944,0.0923954646687,0e8b179ea3d883730b25008ca1293c4c8f886aa8d5d299c03ab6ff05d0123ae6,11598,total_budget_nested_debugging_benchmark,0,0,0,0,0,0,0,0,0,9.24163347629,0.574057846462,-7.3024292526,-0.119432737663,0.167633454542,0.0113562495823,-0.0203785061667,553.131740844,32.9525807068,0.01381,0.0580138051992,0.00782701952478,3.15,885.3,0.389136154156
